CustomerID,Recency,Frequency,Monetary,AvgOrderValue
12346,326,1,77183.6,77183.6
12347,2,7,4310.0,23.68
12348,75,4,1797.24,57.98
12349,19,1,1757.55,24.08
12350,310,1,334.4,19.67
12352,36,8,2506.04,29.48
12353,204,1,89.0,22.25
12354,232,1,1079.4,18.61
12355,214,1,459.4,35.34
12356,23,3,2811.43,47.65
12357,33,1,6207.67,47.39
12358,2,2,1168.06,61.48
12359,58,4,6310.03,25.76
12360,52,3,2662.06,20.64
12361,287,1,189.9,18.99
12362,3,10,5226.23,19.65
12363,110,2,552.0,24.0
12364,8,4,1313.1,15.45
12365,291,2,641.38,29.15
12367,4,1,168.9,15.35
12370,51,4,3541.94,21.34
12371,45,2,1887.96,29.97
12372,72,3,1298.04,24.96
12373,311,1,364.6,26.04
12374,25,1,742.93,22.51
12375,11,2,457.5,26.91
12377,315,2,1628.12,21.14
12378,130,1,4008.62,18.3
12379,82,2,852.24,21.31
12380,22,4,2724.81,26.2
12381,5,5,1845.31,21.21
12383,185,5,1850.56,18.69
12384,29,2,585.27,21.68
12386,338,2,401.9,40.19
12388,16,6,2780.66,27.81
12390,80,1,549.84,17.18
12391,22,1,439.66,4.73
12393,72,4,1582.6,24.73
12394,64,2,1272.48,47.13
12395,19,12,3018.63,19.35
12397,36,2,2409.9,19.13
12398,46,1,1635.66,19.24
12399,119,4,1108.65,18.79
12401,303,1,84.3,16.86
12402,323,1,225.6,20.51
12403,50,1,427.7,85.54
12405,149,1,1710.39,31.67
12406,22,2,3415.3,32.53
12407,50,5,1708.12,22.18
12408,33,5,2888.55,27.51
12409,79,3,11072.67,101.58
12410,309,2,693.33,26.67
12412,75,3,1226.88,20.11
12413,67,3,758.1,19.95
12414,217,3,562.41,31.24
12415,24,21,124914.53,174.95
12417,3,9,3649.1,19.01
12418,113,1,668.58,19.66
12420,64,1,600.39,20.7
12421,16,4,807.04,17.93
12422,96,3,803.56,20.6
12423,1,8,1859.31,14.87
12424,163,2,1760.96,58.7
12425,78,1,777.2,21.59
12426,195,1,582.73,19.42
12427,22,3,825.8,26.64
12428,26,9,7956.46,27.06
12429,9,4,3750.4,38.66
12430,43,1,256.4,23.31
12431,36,15,6419.95,27.44
12432,43,5,5059.32,46.85
12433,1,7,13375.87,31.85
12434,85,2,806.14,16.12
12435,80,2,7829.89,217.5
12436,100,1,509.01,31.81
12437,2,18,4951.41,24.88
12438,14,2,2906.85,29.66
12441,367,1,173.55,15.78
12442,3,1,172.06,14.34
12444,21,5,5005.46,28.44
12445,22,1,133.4,33.35
12446,58,1,1002.31,17.58
12447,243,1,476.49,18.33
12448,44,1,449.45,20.43
12449,22,4,4067.29,21.29
12450,156,2,197.88,24.74
12451,11,5,9035.52,25.52
12452,17,2,430.57,19.57
12453,134,1,707.09,16.44
12454,56,1,3528.34,235.22
12455,73,6,2466.86,27.41
12456,44,3,3181.04,25.45
12457,66,7,2363.23,38.12
12458,71,2,947.4,24.93
12461,94,2,826.88,23.63
12462,19,2,1189.59,19.19
12463,53,4,1344.78,16.2
12464,10,8,1212.05,41.79
12465,17,2,742.19,15.79
12468,188,2,729.54,19.2
12471,2,30,19788.65,43.11
12472,32,7,6572.11,19.39
12473,29,5,3928.05,23.52
12474,17,18,7324.09,17.36
12475,54,1,723.38,20.09
12476,16,11,6816.42,29.26
12477,23,6,13219.74,44.07
12478,4,1,680.99,18.92
12479,11,1,527.2,17.01
12480,28,4,3281.63,21.31
12481,23,10,5579.82,25.83
12483,17,8,2484.98,33.13
12484,33,6,4527.32,13.2
12488,10,3,1298.66,23.61
12489,336,1,334.93,22.33
12490,5,10,5417.93,22.11
12491,39,1,460.4,17.71
12492,63,2,263.21,13.16
12493,166,2,433.74,19.72
12494,16,7,1246.1,16.18
12497,82,1,1043.1,74.51
12498,21,3,403.7,17.55
12500,23,11,4257.82,69.8
12501,337,1,2169.39,14.56
12502,96,5,3723.87,25.33
12504,18,2,482.05,53.56
12506,233,1,73.5,3.2
12507,134,3,1304.81,62.13
12508,26,2,397.88,5.85
12509,284,1,176.5,25.21
12510,143,2,982.57,29.77
12512,66,2,132.18,4.26
12513,113,1,612.29,17.49
12514,267,1,1017.68,19.95
12515,353,1,383.7,23.98
12516,78,2,1312.06,50.46
12517,28,5,2481.6,8.89
12518,1,5,2056.89,16.59
12519,64,1,330.84,19.46
12520,79,5,2634.26,17.33
12521,143,1,599.68,15.78
12522,39,2,192.72,16.06
12523,19,11,1789.77,16.88
12524,9,8,4485.72,31.15
12526,1,3,1316.66,18.54
12527,82,3,348.71,19.37
12528,9,6,1933.48,21.02
12530,60,4,1662.28,25.19
12531,15,1,125.22,7.37
12532,30,1,349.83,21.86
12534,131,1,1089.18,17.29
12535,92,2,716.35,21.07
12536,43,3,12601.83,48.28
12538,29,1,363.95,17.33
12539,22,4,5568.35,20.4
12540,20,17,13400.24,28.03
12541,30,3,981.18,18.87
12544,36,1,372.7,19.62
12545,75,2,1000.39,20.01
12546,47,2,1161.5,16.83
12547,198,2,207.8,25.98
12548,166,1,95.2,19.04
12550,79,1,964.83,16.93
12551,358,1,168.0,16.8
12552,39,2,437.82,21.89
12553,8,10,3692.28,19.33
12556,50,2,599.56,5.04
12557,16,5,11990.96,363.36
12558,8,1,269.96,24.54
12559,311,2,561.71,26.75
12560,5,3,2134.01,20.32
12561,303,1,238.85,14.93
12562,8,7,3781.74,22.51
12564,261,1,456.9,21.76
12565,289,1,145.92,16.21
12566,86,1,351.65,18.51
12567,23,10,9401.28,21.08
12569,2,32,4124.69,21.94
12571,40,2,519.61,15.28
12572,9,2,1020.42,17.01
12573,227,1,160.54,5.73
12574,316,1,218.45,19.86
12576,36,5,1315.83,14.95
12577,35,3,626.6,4.29
12578,21,2,2794.51,24.51
12579,78,1,440.42,15.19
12580,247,1,415.7,17.32
12581,40,1,197.71,13.18
12582,239,2,511.36,23.24
12583,3,15,7281.38,29.48
12584,4,9,2338.15,24.36
12585,234,2,2040.1,23.45
12586,17,1,196.94,17.9
12587,8,1,144.0,36.0
12588,39,1,214.9,21.49
12589,29,2,646.68,18.48
12590,211,2,9864.26,145.06
12591,317,1,452.85,17.42
12592,92,2,437.6,24.31
12593,109,3,418.1,19.91
12594,38,10,3338.22,28.29
12596,51,2,618.27,22.9
12597,19,4,3811.22,18.5
12598,10,8,3023.08,22.9
12599,29,7,1032.58,16.65
12600,29,10,2599.04,40.61
12601,190,5,577.06,20.61
12602,59,1,153.12,12.76
12603,22,1,739.2,369.6
12604,79,2,254.18,15.89
12607,60,1,1579.51,15.64
12609,78,3,1126.85,18.78
12610,23,5,2099.54,19.81
12611,52,1,1193.32,18.36
12612,74,1,704.04,37.05
12613,57,5,3344.38,21.86
12614,278,1,315.6,15.78
12615,2,4,2291.19,21.82
12616,95,2,713.3,22.29
12617,29,1,352.98,8.61
12618,22,1,177.31,16.12
12619,16,9,3641.24,40.46
12620,15,3,1339.41,14.56
12621,2,20,13689.67,29.31
12622,232,1,180.1,16.37
12623,276,1,305.1,16.95
12624,106,2,641.13,16.87
12625,212,2,2683.82,31.21
12626,23,9,6620.48,22.52
12627,11,7,4478.53,19.47
12628,4,3,786.46,19.18
12630,10,2,1270.88,19.86
12631,57,1,640.5,20.66
12633,59,4,2163.98,21.43
12635,90,2,1689.18,16.72
12637,67,8,6002.9,15.71
12638,33,1,671.69,17.22
12639,239,1,486.1,22.1
12640,24,3,1174.58,22.16
12641,115,1,185.9,18.59
12642,25,3,1013.26,21.56
12643,128,6,3344.64,139.36
12644,130,1,477.91,15.42
12645,34,4,1775.18,24.32
12646,5,2,1346.97,29.93
12647,22,12,3722.82,30.77
12648,155,1,318.05,15.15
12649,107,3,623.51,20.11
12650,3,1,314.44,15.72
12651,335,1,114.0,12.67
12652,331,1,919.98,19.17
12653,149,2,2209.85,51.39
12654,11,5,601.98,15.84
12656,17,5,4051.17,32.15
12657,11,4,1643.18,34.96
12658,19,1,686.05,19.06
12659,30,1,91.68,18.34
12660,11,1,245.1,18.85
12662,1,11,3849.78,16.74
12664,8,9,4881.88,131.94
12665,325,1,63.0,21.0
12667,58,1,620.13,18.79
12668,12,4,3807.15,23.65
12669,151,3,2744.03,27.17
12670,10,5,2996.05,32.57
12672,330,1,225.9,22.59
12673,5,2,610.52,14.54
12674,39,4,1970.6,23.74
12676,25,6,1331.39,29.59
12678,42,12,17628.46,106.84
12679,59,4,1113.02,23.19
12680,1,4,862.81,16.59
12681,15,22,13787.54,21.61
12682,4,31,12279.82,23.43
12683,4,15,8476.57,24.64
12684,8,7,2283.63,21.75
12685,28,6,2863.08,18.24
12686,372,1,89.14,12.73
12688,114,1,4873.81,28.5
12689,26,2,1247.61,17.33
12690,206,1,389.01,24.31
12691,28,6,1035.8,32.37
12693,127,4,855.91,21.95
12694,70,2,869.67,23.5
12695,7,4,582.1,21.56
12697,29,3,957.59,23.36
12700,8,4,4939.99,18.43
12701,80,2,797.71,15.05
12702,20,1,219.0,18.25
12703,71,1,283.55,13.5
12704,7,8,2340.84,26.6
12705,15,9,6868.29,20.56
12707,292,1,603.42,18.29
12708,30,10,2712.91,17.28
12709,15,15,9706.52,46.89
12710,97,3,1149.02,14.92
12712,29,13,4396.13,33.05
12713,1,1,848.55,22.33
12714,9,5,4708.86,18.18
12715,106,1,343.36,17.17
12716,4,2,1053.49,15.27
12717,151,2,1030.98,18.75
12718,71,1,238.25,12.54
12719,5,2,644.95,16.54
12720,3,25,5781.73,16.33
12721,32,6,2656.13,16.5
12722,85,4,997.63,18.82
12723,4,5,725.07,10.51
12724,5,4,1031.41,19.46
12725,371,1,427.8,17.82
12726,28,7,2609.1,21.04
12727,11,7,3980.7,28.64
12728,71,4,836.33,18.18
12729,114,1,453.01,17.42
12731,24,12,18895.91,68.96
12732,180,1,236.26,19.69
12733,234,1,383.95,17.45
12734,353,1,110.4,27.6
12735,315,2,779.57,18.13
12736,333,1,234.0,58.5
12738,372,1,155.35,14.12
12739,78,2,1013.04,26.66
12740,64,1,427.6,15.84
12743,134,2,540.13,4.12
12744,52,7,21279.29,95.85
12747,2,11,4196.01,40.74
12748,1,209,33053.19,7.49
12749,4,5,4090.88,20.56
12750,129,1,275.88,18.39
12752,81,1,4366.78,82.39
12753,23,6,21429.39,108.78
12754,236,3,3010.74,47.79
12755,281,2,3811.95,952.99
12756,87,1,112.08,28.02
12757,16,13,7834.65,21.52
12758,117,2,2791.59,28.78
12759,52,3,1531.44,16.12
12762,8,2,1898.52,27.51
12763,138,2,494.08,27.45
12764,317,1,1693.88,37.64
12766,4,7,6989.63,22.55
12769,239,1,1143.6,35.74
12770,211,1,1351.45,112.62
12772,60,1,892.47,16.23
12775,17,5,1386.04,21.0
12778,20,6,822.23,16.44
12779,38,8,3981.36,26.72
12781,64,2,826.74,33.07
12782,5,5,2330.92,22.63
12783,2,6,2225.91,26.5
12784,9,2,532.82,9.35
12785,364,1,311.95,22.28
12787,10,3,463.66,23.18
12789,65,1,91.85,22.96
12790,192,1,324.92,15.47
12791,374,1,192.6,96.3
12792,257,1,400.54,16.02
12793,335,2,545.48,22.73
12794,53,2,860.41,19.12
12795,19,1,430.48,30.75
12797,366,1,254.03,19.54
12798,10,3,6977.04,872.13
12802,187,1,427.58,17.1
12808,37,3,483.65,17.27
12809,178,1,489.31,19.57
12811,261,3,514.85,16.61
12812,45,1,229.64,15.31
12814,102,1,125.92,62.96
12815,148,2,1063.46,22.63
12816,96,2,572.2,19.73
12817,281,1,166.04,41.51
12818,262,1,1542.08,110.15
12820,3,4,942.34,15.97
12821,214,1,92.72,15.45
12822,71,2,948.88,20.63
12823,75,5,1759.5,351.9
12824,60,1,397.12,15.88
12826,3,7,1474.72,16.21
12827,6,3,430.15,17.21
12828,3,6,1018.71,18.19
12829,337,2,293.0,26.64
12830,38,6,6814.64,179.33
12831,262,1,215.05,23.89
12832,32,2,383.03,14.19
12833,145,1,417.38,17.39
12834,283,1,312.38,17.35
12836,59,4,2610.36,15.0
12837,173,1,134.1,11.18
12838,34,2,671.95,5.6
12839,3,14,5591.42,17.81
12840,144,4,2726.77,24.13
12841,5,25,3991.58,9.64
12842,70,2,1118.99,32.91
12843,66,8,1702.26,16.53
12844,29,2,325.96,6.27
12845,267,4,354.09,13.11
12847,22,1,843.64,10.04
12849,31,2,1010.29,21.05
12851,97,1,131.81,2.8
12852,295,1,311.55,18.33
12853,135,6,1957.1,25.09
12854,79,3,1316.25,12.08
12855,373,1,38.1,12.7
12856,8,6,2170.78,6.98
12857,211,2,1106.4,24.05
12863,52,1,521.2,104.24
12864,138,1,147.12,49.04
12865,26,2,1568.23,16.51
12866,283,1,559.12,21.5
12867,26,7,4009.34,7.51
12868,186,6,1607.06,15.02
12871,84,2,380.64,34.6
12872,327,2,599.97,9.09
12873,282,1,374.0,93.5
12875,143,2,343.23,171.62
12876,58,2,2218.02,26.09
12877,4,12,1535.77,9.97
12878,236,2,854.99,18.19
12879,45,3,573.22,57.32
12881,276,1,298.0,42.57
12882,9,2,1463.04,112.54
12883,25,4,703.47,16.75
12884,88,1,309.05,44.15
12885,63,3,1175.22,16.55
12886,68,2,1378.4,16.81
12888,214,2,354.12,70.82
12890,24,1,376.72,4.77
12891,186,3,331.0,110.33
12893,31,1,176.55,5.7
12895,42,2,372.8,16.95
12897,205,2,216.5,54.12
12901,9,28,17654.54,152.19
12902,265,1,138.68,13.87
12904,18,2,496.06,6.99
12906,12,5,2919.81,46.35
12908,176,2,750.0,375.0
12909,40,5,2178.67,23.94
12910,23,8,3075.04,41.0
12912,3,5,1662.3,69.26
12913,5,5,2483.63,49.67
12915,149,2,363.65,16.53
12916,139,4,2944.95,28.59
12917,128,1,594.0,297.0
12919,8,6,1335.19,26.7
12920,17,1,162.78,6.03
12921,9,37,16587.09,23.04
12922,161,1,405.38,14.48
12923,64,1,172.82,6.17
12924,88,4,933.7,31.12
12925,5,2,694.05,15.42
12928,35,5,2062.7,24.56
12929,312,1,117.85,14.73
12930,78,2,415.8,16.63
12931,22,15,42055.96,512.88
12933,24,3,607.53,5.73
12935,2,7,2160.7,16.75
12936,17,4,1063.9,17.16
12937,15,4,1504.27,12.54
12938,26,1,114.14,12.68
12939,64,8,11581.8,246.42
12940,55,2,899.69,9.37
12942,131,3,675.6,9.65
12944,36,2,604.51,20.15
12945,288,1,462.95,20.13
12947,144,6,1603.99,16.54
12948,16,7,2064.95,17.8
12949,31,8,4167.22,19.38
12950,2,3,1843.0,80.13
12951,9,6,1064.07,16.89
12952,6,4,1387.79,17.57
12953,10,1,329.85,19.4
12955,1,11,4757.16,26.43
12956,306,1,108.07,5.69
12957,10,8,4017.54,16.88
12962,7,2,266.39,16.65
12963,8,8,1856.63,19.54
12965,89,1,769.81,7.13
12966,10,1,160.18,16.02
12967,358,2,1660.9,87.42
12968,112,1,135.95,27.19
12970,7,4,405.47,3.14
12971,4,86,11189.91,36.69
12974,198,1,144.8,18.1
12976,212,1,738.6,33.57
12977,156,1,39.24,4.36
12980,158,9,7374.9,368.74
12981,30,2,372.22,18.61
12982,243,1,390.54,13.95
12984,19,1,97.5,24.38
12985,1,2,1239.38,16.31
12987,74,2,558.7,19.95
12988,292,1,505.82,6.09
12989,3,15,6924.11,108.19
12990,31,3,409.5,31.5
12991,23,2,503.76,16.25
12993,23,4,414.76,15.36
12994,4,3,974.42,15.97
12995,85,1,211.32,70.44
12997,22,4,1226.89,20.79
12999,196,3,455.88,16.28
13000,107,3,534.85,17.25
13001,4,13,9785.97,29.04
13002,318,1,120.95,17.28
13003,106,3,149.05,24.84
13004,12,18,5655.91,14.0
13005,174,2,513.7,19.76
13006,56,1,81.57,20.39
13008,323,1,229.47,16.39
13011,372,1,50.55,16.85
13012,9,8,1646.84,18.71
13013,1,13,4810.94,21.97
13014,11,10,3466.28,31.8
13015,53,5,3339.64,19.08
13016,73,3,789.89,16.81
13017,7,1,204.0,204.0
13018,16,28,7277.7,15.89
13021,4,9,2616.38,19.97
13023,64,2,689.9,17.25
13026,1,5,975.36,24.38
13027,114,6,6912.0,265.85
13028,23,2,661.32,14.7
13029,31,3,1247.5,124.75
13030,11,2,752.44,8.18
13032,52,2,1010.18,14.23
13033,357,1,190.55,17.32
13034,55,2,642.77,17.37
13035,74,2,921.88,34.14
13037,138,3,881.07,18.36
13038,80,3,908.46,32.44
13040,9,2,676.99,15.74
13043,273,1,516.42,39.72
13044,291,1,560.47,16.98
13045,99,1,305.28,16.96
13046,31,2,629.31,17.98
13047,32,10,3237.54,18.82
13048,14,4,1819.41,13.48
13049,64,2,656.68,46.91
13050,15,17,5836.86,14.48
13052,212,1,348.15,19.34
13055,78,3,1214.41,15.98
13058,25,3,271.4,33.93
13059,250,1,183.4,22.92
13060,254,1,307.53,20.5
13061,72,1,248.61,24.86
13062,191,1,346.98,31.54
13064,13,4,1105.59,16.26
13065,373,1,205.86,14.7
13066,24,2,470.8,9.81
13067,82,1,115.46,7.7
13068,10,2,344.0,172.0
13069,1,24,4431.44,10.45
13070,192,1,228.8,25.42
13072,267,1,177.15,25.31
13075,130,1,919.61,41.8
13077,1,4,728.02,6.56
13078,3,26,12627.94,35.27
13079,4,5,220.1,36.68
13080,179,1,58.08,9.68
13081,12,11,28337.38,27.67
13082,126,9,3613.63,49.5
13083,4,2,303.75,16.88
13085,158,2,416.08,18.91
13089,3,97,58762.08,32.39
13090,9,14,8910.82,57.49
13091,28,1,345.82,16.47
13092,71,5,477.83,19.11
13093,276,8,7832.47,49.26
13094,21,12,1927.32,80.3
13095,71,1,74.4,12.4
13097,33,10,6003.22,14.26
13098,1,28,28882.44,50.49
13099,99,1,207.36,207.36
13101,234,1,101.19,12.65
13102,1,24,6424.09,21.13
13103,40,1,243.94,30.49
13104,3,6,1098.48,54.92
13106,133,1,76.5,76.5
13107,44,4,1531.62,26.41
13108,373,1,350.06,35.01
13109,60,2,786.54,16.73
13110,31,7,1488.67,10.27
13113,1,24,12245.96,61.23
13115,12,4,2294.78,19.12
13116,138,1,501.14,16.7
13117,22,8,984.91,12.96
13118,20,5,1197.81,15.16
13120,239,1,30.6,30.6
13121,269,1,283.73,5.67
13122,94,2,922.39,16.77
13124,90,3,3756.33,16.92
13126,5,8,2099.64,15.0
13127,78,1,259.17,17.28
13130,94,1,64.0,32.0
13131,23,3,1073.3,24.39
13132,262,1,77.3,25.77
13133,274,2,109.8,15.69
13134,86,4,1793.58,18.3
13135,197,1,3096.0,3096.0
13136,56,5,2607.61,20.53
13137,11,8,3603.29,5.24
13138,22,6,962.39,15.28
13139,16,7,5064.94,29.79
13140,108,3,422.47,9.39
13141,85,5,2388.75,17.69
13142,19,1,307.09,13.35
13144,333,1,110.95,36.98
13145,40,4,618.52,103.09
13146,26,1,228.91,13.47
13147,10,4,712.8,178.2
13148,29,12,3683.26,11.81
13149,14,4,1676.06,19.49
13151,296,1,1257.87,17.0
13153,6,1,486.22,32.41
13155,33,4,971.76,11.43
13157,49,4,1741.22,20.01
13158,95,4,1201.06,15.2
13159,9,4,1429.35,11.91
13160,22,1,91.8,22.95
13161,313,1,112.75,14.09
13162,122,4,1688.29,21.37
13165,46,2,1021.48,24.32
13166,283,1,417.2,10.18
13167,19,4,791.33,12.17
13168,36,4,1299.59,10.31
13169,64,2,712.88,54.84
13170,27,1,108.81,3.63
13171,22,3,468.41,10.18
13173,4,2,353.65,8.22
13174,16,3,2742.82,9.36
13176,46,1,481.49,7.19
13177,65,1,282.45,16.61
13178,26,11,5725.47,21.61
13182,45,1,121.18,11.02
13183,8,9,3957.78,42.1
13184,15,10,1668.95,9.32
13185,268,1,71.4,71.4
13186,40,3,1575.89,19.95
13187,337,1,236.02,6.38
13188,11,1,114.6,57.3
13189,19,2,260.68,8.99
13192,95,2,911.94,14.48
13193,61,1,112.08,4.48
13194,136,1,60.7,20.23
13196,11,4,1797.78,16.34
13198,10,6,3401.24,15.05
13199,4,38,9817.12,82.5
13200,19,4,870.09,18.92
13203,10,4,869.46,15.25
13207,15,2,250.26,31.28
13208,59,6,1217.65,8.23
13209,30,8,5891.61,18.35
13210,94,1,353.48,16.07
13211,10,3,1095.42,19.92
13212,20,3,786.83,5.58
13213,57,5,1520.58,16.9
13216,268,1,333.74,66.75
13217,122,3,533.98,133.5
13218,127,1,62.64,12.53
13220,78,4,819.29,39.01
13221,240,2,847.41,12.84
13223,200,2,163.2,32.64
13224,60,2,2155.95,19.96
13225,3,7,6463.84,202.0
13226,273,1,108.21,6.76
13227,202,1,257.7,28.63
13228,81,1,358.0,179.0
13229,226,1,160.95,16.1
13230,4,14,2755.63,4.69
13232,13,7,1328.35,6.58
13233,74,2,605.12,14.07
13235,212,1,1031.07,17.78
13236,25,2,744.85,20.69
13238,17,4,700.73,22.6
13239,262,1,329.56,15.69
13240,96,4,663.65,9.91
13242,112,3,270.4,20.8
13243,203,1,585.12,10.27
13244,93,1,121.74,4.51
13245,51,1,430.5,26.91
13246,18,6,1961.52,14.42
13247,18,4,501.12,20.04
13248,125,2,465.68,17.91
13249,92,3,711.41,30.93
13253,157,2,1030.4,28.62
13255,9,2,399.51,30.73
13258,12,3,672.83,18.69
13259,62,1,283.18,3.5
13260,61,1,557.62,69.7
13261,269,2,944.1,104.9
13262,263,1,200.29,18.21
13263,1,35,7436.93,4.46
13265,53,5,2092.66,23.25
13266,11,12,3834.26,20.5
13267,3,19,4521.49,21.43
13268,18,11,3174.75,7.33
13269,1,15,5343.28,16.96
13270,366,1,590.0,590.0
13271,37,1,211.49,2.43
13272,31,2,276.56,18.44
13273,113,1,138.98,8.69
13276,64,2,590.93,19.7
13277,16,4,258.4,32.3
13278,41,1,542.73,11.8
13279,78,1,137.75,15.31
13280,122,3,798.46,9.74
13282,18,3,1132.14,30.6
13283,60,2,93.66,13.38
13284,331,1,201.19,15.48
13285,23,4,2709.12,14.49
13291,156,1,361.11,8.6
13292,39,2,578.94,18.68
13294,190,2,873.74,16.18
13295,360,1,201.2,20.12
13296,137,1,87.4,17.48
13297,8,4,2089.85,35.42
13298,1,1,360.0,180.0
13299,268,1,142.5,28.5
13300,169,1,371.89,18.59
13301,104,4,618.09,7.63
13302,155,1,63.75,63.75
13304,351,1,300.42,14.31
13305,4,10,2000.86,24.7
13307,120,1,15.0,15.0
13308,23,3,1385.51,25.66
13309,7,5,1456.79,13.61
13310,28,3,1132.03,15.72
13311,4,2,598.57,23.02
13313,22,5,1555.32,19.94
13314,2,3,775.94,12.52
13316,37,4,5732.93,66.66
13317,66,6,2273.68,18.34
13318,1,3,640.76,32.04
13319,5,26,10845.55,22.78
13320,78,4,1532.2,14.59
13321,72,2,567.36,51.58
13322,17,1,199.48,7.98
13323,3,5,787.85,37.52
13324,36,10,7121.95,94.96
13325,82,1,675.3,56.28
13327,39,8,3627.77,33.59
13328,316,1,1308.48,76.97
13329,32,2,789.0,46.41
13330,93,3,1140.93,21.53
13332,14,1,350.9,16.71
13334,82,3,3502.32,13.22
13336,77,1,795.12,15.59
13338,158,1,487.02,25.63
13339,201,1,860.12,15.93
13340,45,7,10736.48,80.12
13341,261,1,775.85,18.47
13343,178,1,353.43,18.6
13344,68,3,2511.69,21.65
13345,288,1,389.5,19.48
13347,70,1,341.36,42.67
13348,64,1,233.76,16.7
13349,11,1,247.32,15.46
13350,16,2,979.12,24.48
13351,66,1,373.94,23.37
13352,60,1,397.98,16.58
13354,71,1,743.53,14.58
13355,122,1,674.7,21.08
13356,80,1,768.24,18.29
13357,257,1,609.4,6.85
13358,269,1,439.03,15.14
13359,64,1,439.56,19.11
13362,9,4,3090.74,18.62
13363,18,2,992.5,16.54
13364,71,1,134.96,13.5
13365,34,2,2225.37,17.39
13366,50,1,56.16,56.16
13368,257,2,623.4,21.5
13369,366,1,308.28,22.02
13370,372,1,754.87,19.36
13372,90,1,378.64,16.46
13373,61,3,3312.25,20.96
13375,89,1,778.65,21.04
13376,99,3,1019.76,19.24
13379,26,3,572.56,5.9
13381,32,6,3639.31,21.16
13382,281,1,222.99,14.87
13384,31,7,4151.93,27.32
13385,330,1,534.57,15.27
13388,131,2,677.1,19.35
13389,11,3,797.96,15.65
13390,75,1,544.08,41.85
13391,204,1,59.8,59.8
13394,2,8,2520.02,16.26
13395,185,1,307.72,14.65
13396,29,2,1360.99,31.65
13397,73,5,1544.13,40.64
13398,192,1,457.34,17.59
13402,127,2,621.23,15.93
13403,18,1,75.0,25.0
13404,1,2,252.49,22.95
13405,74,3,572.45,21.2
13408,2,62,28117.04,58.82
13410,24,5,1003.06,35.82
13411,107,1,213.55,11.86
13414,134,3,1390.5,57.94
13416,44,2,712.5,37.5
13417,5,2,640.83,22.89
13418,12,18,6127.43,20.16
13419,64,1,221.06,13.82
13420,150,2,159.85,19.98
13421,40,2,1833.71,17.98
13422,64,1,2626.3,20.68
13425,108,3,1624.21,20.82
13426,1,10,3641.32,23.19
13427,19,3,582.6,20.09
13428,10,1,201.78,2.84
13429,11,4,1006.8,15.03
13430,19,2,679.45,13.87
13431,67,2,1269.1,27.59
13434,74,2,534.24,53.42
13435,5,7,3809.89,37.72
13436,2,1,196.89,16.41
13437,14,7,3408.06,20.41
13439,255,1,283.71,5.25
13441,92,1,296.64,22.82
13447,23,3,1129.14,19.14
13448,17,6,3534.69,18.22
13449,24,1,291.88,15.36
13450,27,6,2043.72,28.78
13451,26,5,2898.26,6.69
13452,259,2,590.0,295.0
13453,166,2,356.98,21.0
13455,25,2,1058.34,23.01
13456,18,6,1766.72,28.04
13458,7,14,9646.57,25.25
13460,29,2,183.44,10.79
13461,39,3,1445.0,53.52
13462,253,1,151.5,16.83
13464,58,1,674.68,16.46
13466,184,1,307.9,18.11
13467,11,2,1071.91,10.94
13468,2,37,5704.97,18.89
13470,99,2,165.0,16.5
13471,1,4,2501.84,9.85
13473,61,2,422.64,20.13
13474,236,1,226.84,3.66
13475,191,4,1431.78,16.65
13476,179,2,1238.47,21.35
13477,38,6,1454.58,18.41
13479,201,2,300.95,20.06
13481,46,5,1804.56,16.56
13482,232,1,184.64,16.79
13483,66,1,140.34,14.03
13484,241,1,313.8,39.22
13485,233,1,454.24,19.75
13486,78,3,1122.41,16.27
13487,58,3,575.4,16.92
13488,17,13,8968.31,21.25
13489,105,4,449.52,32.11
13491,52,10,1215.82,14.14
13492,136,3,1269.84,25.4
13493,275,2,618.63,77.33
13494,312,1,316.26,17.57
13495,8,5,2044.87,42.6
13496,11,2,653.33,18.67
13497,283,2,348.05,18.32
13499,18,5,1159.11,27.6
13500,23,3,1166.77,17.95
13501,288,1,1340.32,25.78
13502,17,3,292.0,16.22
13503,71,1,216.85,12.76
13504,64,1,295.93,13.45
13505,73,4,4393.63,20.44
13506,316,2,458.52,17.64
13507,3,4,2479.16,15.3
13508,244,1,110.97,9.25
13509,9,7,979.72,22.27
13510,1,4,1791.56,15.58
13512,261,1,251.21,16.75
13513,127,1,205.1,20.51
13514,74,1,152.2,38.05
13515,73,4,891.12,15.1
13516,21,3,1389.41,31.58
13517,60,3,2128.42,15.1
13518,86,1,627.16,17.42
13519,78,1,122.75,15.34
13520,59,6,3624.35,38.97
13521,1,3,1071.73,2.56
13522,30,1,125.8,25.16
13523,33,5,3964.88,23.05
13524,41,5,680.18,25.19
13525,15,2,628.78,104.8
13527,34,7,2242.36,10.33
13529,79,2,307.76,20.52
13531,205,2,483.8,21.99
13532,34,1,210.31,3.19
13533,183,3,269.09,3.59
13534,2,25,5870.08,19.83
13536,1,7,3444.39,19.35
13538,43,7,1280.85,51.23
13539,86,3,631.34,17.06
13544,40,2,276.06,3.54
13546,12,3,621.09,6.4
13548,96,2,678.16,5.51
13549,26,7,918.2,18.0
13551,319,1,91.8,22.95
13552,66,12,3740.07,34.31
13555,74,4,4098.88,30.36
13557,28,2,584.06,17.18
13558,6,4,594.52,3.52
13560,7,1,171.42,5.36
13561,216,1,141.86,10.13
13562,82,3,1799.33,21.94
13563,84,2,777.53,15.87
13564,144,3,1724.67,21.29
13565,19,2,240.22,6.32
13566,41,2,856.84,5.07
13568,173,1,187.05,4.35
13569,17,2,338.62,4.29
13570,243,1,239.49,8.87
13571,13,12,2088.94,6.14
13572,206,1,1384.25,41.95
13573,50,2,290.25,11.61
13575,23,5,732.07,15.91
13576,10,18,6717.34,53.31
13577,25,4,1687.6,20.33
13579,15,2,467.04,20.31
13581,309,1,118.0,11.8
13583,156,1,781.03,14.74
13584,307,1,142.4,5.93
13587,64,1,712.4,89.05
13588,16,9,2478.95,14.25
13589,15,2,379.65,18.08
13590,11,6,1981.92,22.78
13591,65,3,1117.13,19.26
13592,36,4,247.96,15.5
13593,108,5,2011.88,15.84
13594,53,1,396.97,15.27
13596,6,2,664.11,4.55
13598,47,1,160.04,4.57
13599,1,21,5149.92,20.93
13600,312,1,219.52,11.55
13601,45,2,693.32,7.0
13602,65,1,428.89,18.65
13603,26,1,164.34,6.09
13606,29,3,276.75,6.92
13607,40,1,675.51,6.96
13610,12,7,1082.33,5.03
13611,89,3,1154.4,16.03
13614,24,4,1585.46,8.13
13615,319,1,417.69,18.16
13617,40,3,544.18,12.37
13618,174,1,177.34,13.64
13621,117,1,213.85,11.26
13623,31,5,727.74,9.33
13626,253,1,257.23,13.54
13627,59,5,1638.47,17.81
13629,23,11,7792.36,132.07
13630,5,7,2031.78,28.62
13631,100,11,3070.42,279.13
13632,25,5,2118.93,14.61
13634,33,5,1547.36,8.32
13635,68,1,1071.03,17.27
13636,37,5,949.12,15.07
13637,52,3,804.3,8.12
13638,16,1,122.64,15.33
13639,74,1,1033.34,25.83
13642,216,1,312.28,5.48
13643,31,3,519.44,18.55
13644,16,4,2624.26,17.97
13645,120,1,252.1,50.42
13647,10,4,1648.12,21.13
13649,257,2,346.6,15.07
13650,17,6,1836.34,19.13
13651,35,2,94.2,15.7
13652,46,3,1095.08,17.38
13654,43,6,2707.33,16.31
13655,114,2,932.97,16.66
13656,165,2,379.65,7.75
13657,11,2,382.14,23.88
13658,10,5,2639.17,24.44
13659,206,2,1563.0,15.17
13662,86,3,881.26,16.95
13663,179,1,189.47,14.57
13666,60,3,84.65,7.05
13667,149,1,299.05,3.6
13668,3,21,6309.83,13.63
13669,51,2,218.55,24.28
13670,75,1,349.7,13.99
13672,301,2,186.39,31.06
13673,19,2,387.44,6.46
13675,151,2,486.82,19.47
13678,152,1,232.6,14.54
13680,1,4,3719.12,19.17
13681,18,4,827.83,14.52
13682,187,1,59.5,19.83
13684,286,1,65.13,2.25
13685,3,7,3119.44,79.99
13686,183,1,72.0,9.0
13689,63,1,910.0,151.67
13690,59,1,172.25,19.14
13692,25,3,1488.32,28.08
13694,4,50,65039.62,114.51
13695,31,15,2504.13,27.82
13697,39,1,151.3,12.61
13699,155,1,308.58,22.04
13700,26,10,2248.63,11.59
13703,318,1,99.5,99.5
13704,5,9,2308.06,17.22
13705,8,3,711.86,25.42
13706,303,1,330.79,16.54
13707,267,2,806.41,16.8
13708,271,1,285.33,5.82
13709,4,13,6307.65,18.83
13710,32,1,180.48,22.56
13711,219,2,252.06,19.39
13712,247,1,228.84,22.88
13715,281,5,1077.39,10.36
13716,269,1,138.28,6.58
13717,32,6,1445.01,14.17
13718,246,2,306.55,25.55
13719,15,5,1041.68,17.36
13720,117,4,799.9,18.6
13721,36,1,524.14,18.72
13722,132,3,2375.41,27.95
13723,217,1,199.85,33.31
13725,50,8,1980.56,19.04
13726,39,2,1079.66,25.71
13727,29,2,333.48,16.67
13728,37,6,1016.14,16.13
13730,136,2,752.6,17.5
13731,219,2,610.59,16.07
13732,28,1,491.86,14.9
13735,25,4,2883.54,14.79
13736,5,2,729.8,3.84
13737,200,1,339.6,11.32
13739,18,1,216.9,72.3
13740,241,1,350.75,15.25
13741,72,3,668.43,19.66
13742,17,12,3107.87,9.93
13743,3,7,1341.6,32.72
13744,95,2,1080.52,17.15
13745,162,1,300.04,12.0
13747,374,1,79.6,79.6
13748,96,5,948.25,33.87
13750,54,5,1647.26,68.64
13751,288,1,296.25,32.92
13752,124,6,1175.38,15.67
13753,288,1,741.26,21.18
13754,152,2,282.6,23.55
13755,4,9,2108.06,6.57
13756,2,14,5189.52,36.55
13758,12,7,3190.55,27.27
13759,33,2,659.41,26.38
13760,54,2,286.79,5.03
13761,50,2,1070.65,15.3
13762,219,1,306.72,43.82
13763,63,1,1714.96,114.33
13764,71,3,1519.42,7.34
13767,2,37,17220.36,46.79
13769,2,10,2796.51,20.71
13771,64,4,2634.45,22.14
13772,34,3,1122.63,6.49
13774,82,1,345.0,15.68
13777,1,33,25977.16,131.86
13778,103,1,178.7,19.86
13780,7,2,360.01,6.32
13781,251,1,127.84,7.52
13782,13,6,908.86,8.04
13784,10,11,2462.79,79.44
13786,367,1,230.4,32.91
13787,76,2,309.04,9.97
13790,4,1,348.8,7.75
13791,128,2,1516.0,137.82
13792,66,2,195.55,15.04
13798,1,57,37153.85,106.46
13799,117,2,688.86,17.66
13800,310,1,558.32,16.92
13801,67,1,324.8,14.12
13802,139,3,4599.42,76.66
13803,255,1,277.07,16.3
13804,31,7,2588.39,19.17
13805,52,2,924.6,71.12
13806,64,1,256.38,25.64
13807,367,1,112.6,16.09
13808,6,5,1747.66,23.0
13809,305,1,155.05,12.92
13810,29,3,1499.01,42.83
13811,184,3,814.5,62.65
13812,42,3,539.0,14.97
13813,40,4,1366.86,19.81
13814,92,2,1579.12,27.7
13815,22,4,4027.36,22.88
13816,24,2,571.67,20.42
13817,29,2,382.98,15.96
13819,302,3,1140.35,31.68
13821,145,2,385.64,6.54
13822,6,2,632.0,6.58
13823,19,2,957.66,23.94
13824,33,5,1698.94,36.93
13826,176,1,189.5,18.95
13827,58,3,409.8,4.45
13828,22,1,209.49,13.97
13831,16,6,2198.45,30.53
13832,19,1,52.2,17.4
13833,159,1,383.85,13.71
13835,25,4,834.57,15.17
13837,212,2,266.59,14.81
13838,6,4,674.82,4.09
13841,253,1,85.0,85.0
13842,59,9,3385.62,16.44
13844,11,1,361.62,18.08
13845,65,1,312.98,34.78
13846,25,3,865.06,15.73
13848,92,3,1255.0,251.0
13849,52,2,1537.95,15.23
13850,129,1,1595.48,17.16
13851,96,3,2651.46,32.73
13853,57,1,1090.14,47.4
13854,9,25,8109.52,73.72
13856,169,3,388.5,27.75
13858,57,1,216.17,19.65
13859,326,1,201.16,7.18
13860,1,5,1245.9,16.39
13862,18,8,2209.36,15.89
13863,248,1,305.78,15.29
13865,58,4,501.56,16.72
13866,74,1,145.67,20.81
13867,31,3,1005.09,16.75
13868,7,2,3192.54,96.74
13869,123,4,3083.65,10.14
13870,2,8,2770.94,24.1
13871,23,13,6403.25,19.06
13873,120,3,389.6,16.94
13874,358,1,540.45,30.02
13875,54,5,1786.79,17.18
13876,64,1,122.7,17.53
13877,86,1,117.24,39.08
13878,55,1,1271.57,36.33
13880,21,13,3219.77,19.51
13881,4,20,17159.52,96.4
13882,3,5,1191.13,18.33
13883,11,5,2674.48,18.83
13884,7,5,787.6,13.35
13885,189,2,506.8,18.1
13886,71,1,243.56,15.22
13887,204,1,349.55,18.4
13888,120,2,595.67,15.27
13889,93,1,416.9,27.79
13890,1,10,1883.81,17.13
13892,27,4,632.97,23.44
13893,298,1,821.1,39.1
13894,24,3,564.62,20.91
13895,28,4,2593.07,21.98
13897,50,1,311.16,18.3
13898,326,1,155.93,12.99
13899,16,2,388.52,20.45
13900,183,3,740.95,17.23
13901,72,5,2867.2,19.24
13904,37,2,332.64,12.79
13908,80,4,2369.55,19.42
13911,57,9,2580.91,17.44
13914,12,2,626.45,18.98
13917,50,2,272.04,15.11
13918,50,2,1212.84,40.43
13919,59,2,384.81,13.74
13922,352,1,172.25,24.61
13923,54,1,351.13,17.56
13924,2,6,1838.85,15.72
13925,93,4,678.25,16.54
13926,23,1,223.85,20.35
13927,75,1,348.99,16.62
13928,11,4,464.57,17.21
13929,169,2,842.65,93.63
13930,58,2,337.34,19.84
13931,96,2,1237.53,21.34
13932,295,1,307.4,19.21
13933,109,2,608.79,26.47
13934,264,1,922.1,29.75
13936,180,1,376.58,14.48
13937,169,1,158.85,17.65
13938,35,1,71.66,10.24
13939,23,3,568.55,12.63
13940,17,4,839.14,17.13
13941,22,5,5112.96,113.62
13946,79,3,561.57,51.05
13947,65,1,90.6,18.12
13948,361,1,102.0,34.0
13949,3,6,2427.32,15.17
13950,11,4,745.06,21.29
13951,176,3,674.45,17.29
13952,218,2,3251.07,23.73
13953,7,7,3515.68,175.78
13954,2,2,439.92,17.6
13955,154,2,322.96,9.79
13956,5,5,1019.27,6.93
13959,79,3,594.04,6.6
13960,21,2,230.22,19.18
13962,22,2,169.55,15.41
13963,308,4,664.54,18.99
13967,146,1,80.7,40.35
13969,7,18,9024.17,14.58
13971,19,8,2758.26,18.51
13972,71,2,190.25,12.68
13973,287,1,264.7,24.06
13974,49,1,413.59,14.77
13975,31,6,2461.24,7.48
13976,207,1,357.98,35.8
13978,15,2,196.79,13.12
13979,73,1,869.87,16.11
13980,60,1,200.14,18.19
13982,39,4,1871.81,16.86
13983,30,12,2603.43,24.33
13984,27,5,920.51,57.53
13985,4,15,7060.13,20.23
13986,17,1,320.46,24.65
13988,20,6,4147.96,17.73
13989,66,2,1266.08,30.88
13990,213,1,311.3,19.46
13991,12,6,852.88,10.4
13992,30,1,76.8,15.36
13993,43,9,3466.36,28.65
13994,4,6,2274.14,15.37
13995,15,5,1393.69,16.21
13999,10,12,3901.81,18.76
14000,211,1,635.66,42.38
14001,46,3,2043.08,52.39
14002,134,2,529.73,11.27
14004,43,7,4582.64,26.8
14005,10,5,2874.72,34.22
14006,116,3,962.19,32.07
14009,198,2,695.61,16.56
14012,278,1,328.8,29.89
14013,110,3,473.02,13.91
14014,77,1,505.18,12.95
14015,53,1,917.34,45.87
14016,162,4,4341.21,26.96
14019,47,3,1421.61,21.54
14020,17,2,642.8,16.48
14021,155,3,631.9,28.72
14022,225,1,440.0,15.71
14023,7,2,584.07,18.84
14024,122,2,327.7,20.48
14027,61,1,104.82,17.47
14029,63,2,467.66,31.18
14030,18,8,2358.84,9.75
14031,7,19,17286.86,69.15
14032,2,11,2975.59,20.81
14034,22,3,648.89,7.55
14035,29,5,1428.02,21.64
14036,285,1,626.65,16.49
14037,176,2,147.2,5.26
14038,78,3,1560.38,16.96
14039,33,1,152.2,25.37
14040,41,12,3560.32,15.55
14041,266,1,141.41,6.73
14044,27,4,646.42,3.14
14045,109,4,1659.75,276.62
14046,284,1,154.99,11.07
14047,9,5,1308.61,40.89
14048,305,1,409.93,4.82
14049,17,4,5578.72,11.67
14050,32,2,746.36,13.82
14051,1,23,15610.39,74.34
14052,20,1,225.36,4.02
14053,124,2,260.25,65.06
14054,65,1,92.46,15.41
14055,106,1,725.64,72.56
14056,1,23,8152.71,7.49
14057,24,17,6211.66,21.95
14059,267,1,183.6,22.95
14060,5,19,6140.42,30.4
14062,10,12,10464.85,94.28
14064,29,5,1334.34,17.33
14066,267,1,152.55,21.79
14067,64,2,374.7,7.21
14068,320,1,265.85,11.08
14071,4,8,1437.57,4.45
14073,32,1,151.04,11.62
14075,5,3,942.26,21.91
14076,129,1,118.67,2.7
14077,41,5,499.42,11.89
14078,102,6,1049.37,16.14
14079,125,1,375.1,31.26
14080,33,1,45.6,11.4
14081,302,2,921.62,6.14
14082,365,1,182.25,6.28
14083,4,9,1002.9,5.67
14085,2,18,4421.29,9.87
14087,3,1,191.47,2.82
14088,10,13,50491.81,85.72
14089,57,1,158.75,12.21
14090,325,1,76.32,76.32
14092,8,14,4076.91,19.05
14093,12,1,433.86,4.34
14096,4,17,65164.79,12.75
14098,37,1,147.35,7.02
14099,16,11,3104.17,12.42
14100,138,1,191.95,7.68
14101,74,6,5976.79,170.77
14102,5,5,1105.88,19.07
14104,155,2,216.21,10.3
14105,239,1,1266.23,17.11
14107,52,7,2703.23,21.98
14108,31,2,597.91,17.59
14109,73,1,144.2,16.02
14110,4,12,5683.15,36.67
14111,14,4,692.85,69.28
14112,23,7,2915.15,18.22
14113,4,4,1840.42,54.13
14114,274,2,386.53,25.77
14116,20,5,1382.74,19.2
14117,144,1,90.0,30.0
14121,4,4,2780.15,17.49
14124,84,1,419.58,83.92
14125,11,3,2720.63,16.39
14126,8,3,706.13,47.08
14127,123,3,709.71,16.13
14128,61,2,637.5,13.86
14129,2,5,1123.86,21.61
14130,319,1,480.91,7.29
14132,2,11,3586.03,17.93
14133,130,3,605.64,21.63
14135,2,15,4690.31,35.0
14138,2,2,965.88,21.0
14139,46,1,415.82,15.99
14140,4,2,935.05,14.17
14141,3,4,915.13,22.88
14142,373,1,311.81,14.17
14143,134,1,115.8,16.54
14145,47,4,3742.2,340.2
14146,9,5,4191.0,19.96
14147,78,2,483.4,96.68
14148,234,1,157.2,52.4
14149,221,1,446.62,15.95
14150,36,2,658.64,25.33
14152,75,2,621.29,12.68
14154,239,2,1345.62,25.88
14155,266,1,118.75,19.79
14156,10,55,117210.08,84.02
14157,20,2,424.89,9.24
14158,40,1,507.66,12.38
14159,20,11,4630.35,3.94
14161,216,3,1097.62,10.55
14162,174,2,289.36,11.57
14163,87,4,2445.91,47.04
14164,71,2,1631.77,56.27
14165,276,1,120.44,5.02
14167,39,4,562.59,11.25
14171,98,1,363.79,6.27
14173,11,4,450.84,15.55
14174,33,1,134.46,5.17
14175,60,3,3222.3,21.63
14176,297,4,576.9,18.61
14177,86,4,549.46,13.4
14178,9,7,1600.26,5.03
14179,41,2,701.57,4.47
14180,11,25,4748.52,19.79
14184,67,1,452.89,18.87
14185,331,1,197.65,65.88
14188,31,6,2054.36,31.61
14189,2,15,4654.08,17.56
14191,2,13,4684.76,18.09
14193,68,2,853.39,20.32
14194,5,21,11349.52,19.6
14195,202,2,1012.0,144.57
14196,107,1,335.52,55.92
14198,18,4,701.4,17.98
14199,218,1,185.4,92.7
14201,60,7,747.44,20.2
14204,2,1,150.61,3.86
14205,17,2,466.7,19.45
14206,239,1,328.16,16.41
14208,95,1,151.74,15.17
14209,11,6,2073.43,23.83
14210,106,6,1905.84,18.68
14211,53,9,2241.1,20.01
14212,90,1,1070.48,118.94
14214,31,5,1004.38,14.99
14215,12,6,1789.72,16.57
14216,3,4,1839.3,31.17
14217,2,17,2004.98,20.05
14218,43,1,169.48,14.12
14219,4,1,89.94,12.85
14220,247,2,632.4,30.11
14221,42,9,3432.8,17.79
14222,177,1,683.17,16.66
14223,92,3,991.13,16.52
14224,110,4,1009.73,8.94
14226,29,5,2214.79,33.56
14227,26,10,3350.96,19.15
14229,52,3,1547.2,38.68
14231,184,3,925.71,18.51
14232,43,5,2048.07,17.81
14233,49,4,1462.72,41.79
14234,22,4,754.12,5.13
14235,75,5,3144.86,39.81
14236,81,2,490.86,32.72
14237,373,1,161.0,17.89
14238,326,1,146.85,18.36
14239,43,11,2380.85,21.26
14240,30,2,890.34,21.2
14241,184,1,213.7,21.37
14242,235,2,280.55,17.53
14243,9,10,2588.77,18.36
14245,220,2,1693.45,15.68
14246,111,3,1474.06,19.65
14247,278,1,136.77,6.84
14248,318,1,302.58,37.82
14250,7,3,1904.05,17.15
14251,2,5,2879.7,36.92
14256,260,2,969.06,18.28
14257,64,5,3099.72,29.24
14258,9,9,12669.98,114.14
14259,142,1,120.0,24.0
14261,51,2,1163.45,22.37
14262,8,8,2618.23,18.31
14264,155,2,333.97,19.65
14265,109,2,530.18,17.1
14267,163,3,1516.24,27.57
14270,332,1,492.65,16.99
14271,226,1,112.32,11.23
14272,74,2,437.96,13.27
14273,51,4,559.97,19.31
14276,99,3,1119.74,17.5
14277,15,3,4188.0,18.86
14280,197,1,134.04,16.76
14282,3,15,3701.44,24.04
14284,31,2,595.25,18.6
14285,21,4,1910.01,70.74
14286,24,3,4628.75,16.53
14287,8,3,176.63,19.63
14288,213,1,426.6,26.66
14289,9,6,911.26,19.39
14290,11,5,2314.65,22.92
14291,2,11,3883.25,16.39
14292,8,9,4871.93,48.72
14293,3,4,1046.56,17.16
14295,40,1,166.2,33.24
14297,18,4,1305.33,21.05
14298,8,44,51527.3,31.48
14299,8,9,3965.62,27.73
14300,19,1,43.2,14.4
14301,117,1,640.14,49.24
14304,223,1,383.45,22.56
14305,71,3,1858.96,17.7
14306,51,2,2093.32,63.43
14307,89,6,2995.72,16.64
14309,8,9,2352.53,20.11
14311,243,1,310.26,15.51
14312,47,6,1611.59,18.52
14314,107,1,120.0,15.0
14315,45,6,2481.13,24.57
14317,65,1,508.58,21.19
14320,207,2,477.79,15.41
14321,11,5,1530.75,12.45
14323,115,2,605.06,16.81
14326,242,1,183.85,22.98
14327,163,1,311.65,25.97
14329,17,7,4975.24,19.28
14331,124,2,462.66,16.52
14332,23,3,840.21,33.61
14333,68,1,415.2,27.68
14334,17,8,2552.21,15.75
14335,16,2,454.86,7.58
14336,17,4,1614.91,17.94
14338,161,2,588.22,18.97
14339,243,1,309.52,22.11
14340,219,1,134.7,22.45
14341,45,8,2166.98,16.93
14342,21,4,668.56,31.84
14344,127,8,889.93,12.53
14345,39,1,108.98,18.16
14346,121,2,1021.58,17.03
14348,260,1,409.57,22.75
14349,10,1,133.5,4.31
14350,274,1,282.93,15.72
14351,165,1,51.0,51.0
14352,157,4,1078.96,22.96
14353,215,1,90.6,15.1
14354,6,2,163.62,18.18
14355,366,1,174.4,15.85
14356,80,2,701.23,21.25
14357,43,1,225.12,5.63
14359,19,3,912.18,16.59
14360,32,4,2118.03,18.1
14362,22,1,151.5,4.09
14364,109,8,3717.35,53.87
14367,8,16,9227.82,17.71
14368,320,1,155.0,19.38
14371,295,1,100.5,25.12
14373,358,1,76.55,19.14
14375,185,1,235.56,3.57
14377,191,2,617.05,56.1
14379,44,2,348.1,7.57
14381,52,1,202.68,3.62
14382,26,1,615.49,4.88
14383,38,3,1247.69,21.15
14385,9,3,202.11,14.44
14386,297,1,142.4,20.34
14387,33,3,1727.6,12.43
14388,10,8,3212.84,17.27
14389,65,2,1043.46,23.19
14390,10,9,4642.57,16.35
14393,218,1,67.95,13.59
14395,2,9,3479.91,10.0
14396,65,2,487.99,6.68
14397,3,19,2612.96,30.03
14400,149,1,574.7,22.99
14401,4,13,4051.48,22.26
14403,130,4,1475.81,73.79
14404,34,6,1449.32,14.49
14406,119,1,156.75,19.59
14407,107,6,2157.73,29.56
14408,11,7,2599.03,24.52
14409,71,6,2059.45,38.14
14410,92,9,1100.27,5.82
14411,311,1,1063.0,75.93
14412,43,2,770.03,17.91
14413,362,1,121.05,5.5
14414,92,7,1496.98,15.43
14415,1,13,5855.57,10.11
14416,22,2,490.22,35.02
14418,4,3,1937.25,15.62
14419,11,6,1051.79,5.21
14420,99,1,387.52,13.36
14421,57,2,813.11,30.12
14422,1,6,4263.64,19.21
14423,218,1,265.2,88.4
14424,18,1,322.08,322.08
14426,24,10,4481.67,20.01
14427,50,2,363.34,21.37
14428,7,5,1224.06,8.93
14431,303,1,470.36,27.67
14432,10,6,2248.5,5.96
14434,22,6,1372.8,114.4
14436,99,1,89.06,9.9
14437,366,1,63.0,12.6
14438,306,1,131.9,14.66
14439,320,1,2661.24,83.16
14440,8,5,2357.68,42.87
14441,1,4,1712.89,33.59
14442,205,2,1589.82,25.24
14443,54,4,1420.2,15.27
14446,1,4,1010.35,3.65
14447,19,5,1163.23,16.62
14448,9,2,375.35,18.77
14449,19,4,885.8,3.54
14450,181,3,483.25,12.08
14451,60,2,643.9,6.13
14452,11,2,259.05,4.32
14453,190,1,119.93,5.45
14456,5,9,3017.28,3.19
14457,311,1,113.64,28.41
14459,155,1,1837.92,49.67
14460,110,3,434.34,27.15
14461,148,3,2103.06,11.68
14462,66,11,1980.57,8.5
14463,98,3,529.62,88.27
14465,247,3,1038.44,8.44
14466,29,7,2272.4,31.56
14467,18,4,596.26,6.7
14470,12,2,461.19,10.73
14472,104,8,1852.67,6.99
14473,74,2,234.34,33.48
14474,46,1,547.66,18.88
14475,72,3,925.85,22.04
14476,257,1,193.0,11.35
14477,20,4,1309.6,130.96
14479,254,2,316.25,17.57
14480,11,1,279.05,21.47
14481,165,2,636.51,21.22
14482,18,6,2022.81,14.77
14483,282,1,137.1,15.23
14484,50,1,321.92,22.99
14485,39,1,162.8,3.54
14487,27,6,1165.48,8.32
14488,68,1,1064.28,23.14
14489,207,1,463.38,15.45
14491,175,2,340.93,20.05
14493,7,5,2383.24,19.86
14494,26,1,139.56,19.94
14495,51,2,123.8,20.63
14496,312,2,538.81,28.36
14497,309,1,475.37,16.39
14498,43,5,1957.32,10.14
14499,26,3,808.44,4.25
14500,88,3,356.85,50.98
14501,184,2,251.21,25.12
14502,20,11,2429.83,4.0
14503,3,6,3543.26,21.61
14504,47,4,673.26,6.29
14505,17,8,5859.43,7.46
14506,17,5,1960.65,6.65
14507,24,6,1367.88,14.4
14508,22,2,268.05,4.87
14511,11,5,1314.81,19.34
14512,188,2,275.28,11.97
14513,101,3,455.59,37.97
14514,61,3,990.2,14.35
14515,18,6,2076.89,21.19
14517,33,2,330.45,18.36
14518,64,1,174.37,10.9
14520,2,2,270.6,67.65
14522,24,4,974.54,57.33
14523,108,1,241.09,20.09
14524,32,9,1843.83,9.36
14525,20,9,4215.9,14.95
14527,3,55,8507.13,8.76
14528,37,1,364.22,20.23
14529,60,3,578.61,2.72
14530,26,6,2862.11,13.44
14532,236,4,932.85,14.58
14533,25,7,1949.72,31.45
14534,3,18,4397.3,8.66
14535,60,3,2854.84,8.7
14536,260,1,170.95,9.5
14537,58,1,355.56,35.56
14538,65,2,388.25,20.43
14539,16,2,537.48,16.8
14540,10,3,952.66,13.42
14541,59,8,1453.35,13.84
14542,186,1,103.25,20.65
14543,29,16,3599.73,50.7
14544,24,2,2004.3,18.06
14546,5,5,2573.93,6.48
14547,4,8,3974.75,11.2
14548,151,2,652.8,163.2
14549,311,1,289.24,5.16
14550,11,2,757.37,16.11
14551,18,2,186.23,18.62
14552,152,1,164.22,2.88
14553,19,5,859.27,7.6
14554,10,4,2279.49,11.23
14555,57,2,312.54,16.45
14557,85,1,788.38,49.27
14560,7,22,2237.77,30.24
14561,76,3,1080.76,15.66
14562,4,18,5006.77,11.95
14565,96,4,3099.12,24.4
14566,111,1,1432.0,358.0
14567,57,2,1530.36,46.37
14569,1,1,227.39,18.95
14570,281,2,218.06,7.52
14572,3,7,2804.54,10.7
14573,180,9,1639.82,7.22
14576,372,1,35.4,35.4
14577,13,4,859.71,6.99
14578,3,1,168.63,7.03
14581,17,1,138.6,8.15
14582,41,1,114.11,19.02
14583,6,5,986.96,3.27
14584,169,4,1033.06,10.54
14585,50,1,157.05,5.42
14586,277,1,237.36,12.49
14587,19,9,1580.29,4.26
14589,372,1,39.75,13.25
14591,15,4,1320.21,7.5
14592,35,3,557.94,3.53
14593,22,3,617.15,4.09
14594,7,2,363.33,6.99
14595,20,6,1740.6,17.06
14597,11,2,866.24,18.43
14598,44,1,221.97,4.44
14600,306,1,393.33,15.73
14601,11,1,213.96,30.57
14603,275,1,660.0,330.0
14606,1,93,12076.15,4.51
14607,16,14,16209.5,200.12
14608,4,4,1785.15,89.26
14609,72,4,601.56,150.39
14616,243,3,406.08,135.36
14618,9,3,553.44,34.59
14619,246,1,394.44,19.72
14620,206,2,412.78,15.88
14621,1,5,1788.36,19.44
14622,185,1,320.58,15.27
14623,32,5,886.7,6.67
14624,57,2,225.85,17.37
14625,196,2,899.63,16.97
14626,24,4,2791.27,22.88
14628,91,2,671.96,28.0
14629,4,2,955.26,6.37
14631,51,3,1006.98,24.56
14632,263,1,114.56,14.32
14633,266,1,344.9,17.24
14636,36,2,609.85,21.78
14638,51,1,443.6,27.72
14639,52,6,2984.49,17.35
14640,24,6,2107.38,20.07
14641,22,1,110.46,15.78
14642,59,1,96.12,48.06
14643,170,2,693.81,22.38
14644,68,2,830.76,31.95
14645,157,2,597.09,19.9
14646,2,73,280206.02,134.97
14647,201,1,236.04,8.43
14649,5,4,1402.59,7.54
14651,67,2,653.75,6.47
14652,77,1,114.18,3.94
14653,1,7,1926.65,8.23
14655,8,4,1932.23,39.43
14656,169,2,291.05,3.64
14657,18,4,848.22,6.73
14658,5,2,247.15,8.52
14659,9,9,2529.93,10.0
14660,87,2,285.74,9.52
14661,27,1,107.95,26.99
14662,29,4,741.37,4.72
14664,20,2,636.24,6.49
14665,61,5,1835.7,20.4
14666,24,1,195.25,13.95
14667,11,25,9175.04,16.18
14669,242,3,1259.24,7.59
14670,280,2,392.86,3.19
14672,235,2,765.55,12.55
14673,3,5,1736.4,23.46
14675,16,1,596.36,6.15
14676,31,6,2548.24,60.67
14680,25,16,28754.11,111.45
14681,71,3,498.95,71.28
14682,188,2,52.0,26.0
14684,26,5,1201.51,3.08
14687,107,1,628.38,41.89
14688,8,21,5579.1,17.22
14689,209,1,112.8,8.68
14690,44,2,355.05,7.4
14691,31,5,2114.33,29.78
14692,137,4,591.55,8.7
14693,265,1,172.9,21.61
14696,4,7,2078.95,15.99
14697,218,2,188.61,8.57
14698,2,5,1217.27,6.09
14699,214,1,109.13,13.64
14700,32,3,2195.1,19.6
14701,11,9,2526.09,7.73
14702,1,17,3251.79,9.51
14703,15,1,318.17,14.46
14704,11,9,1493.96,3.8
14705,199,1,179.0,179.0
14708,3,3,1126.37,40.23
14709,15,13,4921.04,25.11
14710,14,4,599.48,4.41
14711,10,11,2839.62,8.23
14712,29,3,917.07,36.68
14713,9,11,2662.2,7.88
14714,24,1,160.19,16.02
14715,25,4,867.38,12.22
14716,43,2,307.51,6.03
14719,2,5,1581.84,6.73
14720,6,3,663.81,17.94
14722,147,1,180.42,6.44
14723,10,6,1122.36,4.33
14725,25,1,655.58,13.95
14727,274,1,268.58,26.86
14729,374,1,313.49,4.42
14730,1,8,1897.57,4.11
14731,47,3,380.02,8.44
14732,8,8,2702.49,18.38
14733,16,12,9585.91,47.46
14735,4,32,6065.69,31.27
14737,4,3,1164.55,68.5
14738,43,7,1314.45,24.34
14739,4,7,3902.28,65.04
14740,197,3,1448.21,16.27
14741,12,6,1400.34,23.73
14744,16,7,1099.98,42.31
14745,113,5,1220.26,17.68
14747,249,1,328.2,18.23
14748,29,5,1415.75,15.91
14752,44,1,389.64,77.93
14753,87,1,563.15,18.77
14754,45,2,638.05,15.56
14755,10,11,5010.28,21.32
14756,15,1,738.96,19.45
14757,75,1,420.5,22.13
14758,145,4,1484.06,20.9
14759,5,3,1625.97,15.94
14760,297,1,89.2,17.84
14761,59,2,255.9,23.26
14762,264,1,300.52,14.31
14764,47,1,278.3,46.38
14765,29,3,254.11,6.52
14766,8,6,2473.37,18.32
14768,17,2,192.6,38.52
14769,3,8,10416.98,9.81
14770,232,2,876.42,16.85
14772,112,1,139.26,15.47
14775,58,3,1011.9,16.86
14776,51,11,2538.3,21.69
14778,127,2,730.86,20.88
14779,281,3,386.15,9.42
14780,55,2,447.68,16.58
14782,320,1,200.1,33.35
14784,26,2,289.99,19.33
14785,10,2,77.4,25.8
14788,7,2,679.44,22.65
14789,29,1,197.64,32.94
14790,17,4,745.06,16.2
14792,64,1,6.2,3.1
14793,21,1,228.99,16.36
14794,3,7,1319.91,16.5
14795,166,1,131.45,21.91
14796,1,17,7975.49,7.05
14798,53,3,173.74,14.48
14799,51,1,157.7,12.13
14800,48,12,4331.79,11.31
14801,61,1,189.34,3.32
14803,162,3,845.55,19.22
14804,9,1,353.27,29.44
14805,15,4,546.4,11.88
14806,75,1,193.39,17.58
14808,40,8,2718.6,11.77
14810,41,11,2085.33,8.21
14813,370,2,152.88,5.27
14815,37,2,778.5,14.69
14816,197,1,271.85,67.96
14817,200,2,1110.34,17.62
14818,74,3,657.8,13.7
14819,64,2,272.07,20.93
14820,21,4,507.29,17.49
14821,367,1,48.8,24.4
14823,180,3,321.43,4.59
14824,10,4,1127.71,38.89
14825,4,12,2221.01,18.51
14828,197,3,2139.76,125.87
14829,29,4,697.55,16.61
14830,53,1,188.88,4.84
14834,18,6,1720.3,25.68
14836,10,3,102.45,17.08
14837,90,4,1649.5,15.27
14840,268,1,62.85,15.71
14841,53,6,3295.76,23.88
14842,44,4,2824.69,19.48
14844,64,4,3189.81,24.54
14847,149,1,309.4,23.8
14849,22,25,7930.54,20.44
14850,312,1,325.75,15.51
14851,23,2,511.35,18.26
14852,58,6,2836.69,19.84
14853,24,2,475.8,52.87
14854,78,7,2740.03,21.75
14855,119,2,645.65,32.28
14856,36,3,1290.53,19.85
14857,60,2,1173.12,19.55
14859,13,4,1353.74,23.34
14860,19,1,170.32,15.48
14861,52,1,125.79,20.96
14862,26,2,841.2,17.53
14863,29,1,266.76,24.25
14865,7,2,52.2,13.05
14866,11,12,14389.9,145.35
14867,186,3,710.28,19.73
14868,3,8,2953.59,20.51
14869,9,2,721.45,10.31
14870,262,1,327.25,25.17
14871,3,4,501.28,5.39
14873,210,1,519.68,18.56
14875,108,2,1465.32,31.18
14878,13,9,1476.09,12.1
14880,77,3,690.59,15.01
14881,20,1,255.4,15.02
14882,27,2,589.7,53.61
14883,19,6,761.59,14.37
14885,132,1,765.32,51.02
14886,253,1,364.8,20.27
14887,79,1,1862.0,310.33
14888,207,1,369.2,18.46
14889,336,1,135.9,13.59
14890,254,1,125.65,17.95
14891,148,2,554.38,16.8
14893,10,2,1237.85,16.96
14894,85,1,655.75,28.51
14895,8,20,11138.71,22.37
14896,205,2,468.77,10.9
14897,8,4,1366.38,24.84
14898,23,6,1269.31,11.65
14901,11,9,1421.29,14.81
14902,26,1,332.66,16.63
14903,21,5,2795.33,7.99
14904,2,2,1025.44,14.86
14905,158,2,616.15,36.24
14907,3,7,3501.1,21.22
14908,74,1,277.8,30.87
14910,3,4,434.35,14.48
14911,1,201,143711.17,25.35
14912,17,2,867.85,32.14
14913,36,4,1227.43,14.11
14915,91,2,307.48,25.62
14916,71,4,1268.98,16.48
14918,116,2,1610.15,35.78
14920,213,2,977.77,17.15
14921,30,2,1316.07,16.87
14923,51,1,749.1,17.03
14924,246,1,310.05,31.01
14929,32,1,223.88,20.35
14930,109,3,2362.96,18.61
14931,5,5,1257.68,30.68
14932,366,1,363.53,21.38
14934,82,2,1890.94,21.73
14935,297,1,1784.71,178.47
14936,34,8,8137.02,22.35
14937,57,3,1621.88,47.7
14944,30,12,5900.25,34.71
14946,14,1,100.9,33.63
14947,72,2,290.82,20.77
14948,23,6,1101.97,17.49
14950,19,1,371.2,19.54
14951,79,1,311.69,15.58
14952,60,11,8099.49,58.69
14953,25,1,285.67,5.29
14954,12,1,294.85,3.83
14957,253,1,58.49,4.87
14958,147,3,483.73,11.8
14959,64,4,695.42,11.79
14960,8,2,221.27,8.2
14961,11,9,7044.68,22.58
14962,271,1,126.7,25.34
14963,10,5,1472.34,7.67
14964,247,1,206.21,15.86
14965,96,2,596.09,7.36
14966,15,1,183.02,5.08
14967,50,1,463.8,77.3
14968,30,1,147.59,3.99
14970,68,4,1592.06,46.83
14971,35,3,1097.98,7.08
14972,128,1,114.77,6.38
14973,107,3,1314.45,41.08
14974,37,1,89.94,5.29
14975,57,1,279.94,25.45
14976,57,7,790.86,10.98
14978,72,5,1921.37,8.98
14981,246,1,102.12,12.76
14984,19,2,202.37,5.19
14985,198,2,292.01,3.52
14987,16,2,326.4,81.6
14988,212,1,334.54,8.36
14995,39,2,231.98,3.87
14997,46,3,546.2,21.01
14998,170,2,414.87,5.61
15000,48,1,490.52,6.37
15002,116,4,1641.76,14.28
15004,147,1,1220.77,7.93
15005,16,28,6295.37,5.66
15006,51,1,480.38,3.64
15007,159,1,156.91,13.08
15009,12,3,1259.43,7.0
15010,36,1,308.94,15.45
15012,54,2,405.04,3.32
15014,43,2,257.67,7.81
15016,173,1,170.04,8.5
15017,34,1,125.58,6.28
15018,39,3,496.21,16.01
15019,267,1,252.81,3.83
15021,9,9,1871.77,4.22
15022,12,4,852.39,7.04
15023,3,11,6720.41,12.15
15024,10,10,1636.43,10.77
15025,33,1,361.96,5.4
15026,80,3,469.0,7.69
15027,31,4,1066.15,30.46
15028,8,4,627.13,13.07
15030,72,2,518.28,74.04
15031,4,4,653.19,5.94
15032,256,3,4959.1,95.37
15033,5,10,2557.18,5.1
15034,16,8,4274.16,10.96
15035,90,1,252.73,9.36
15036,72,3,429.56,3.61
15038,59,6,685.74,5.49
15039,10,47,19766.59,13.38
15041,170,1,179.93,2.73
15042,199,1,135.93,27.19
15043,31,1,537.0,179.0
15044,19,17,7634.73,17.2
15045,152,2,735.66,61.3
15046,9,15,5090.42,25.33
15047,270,1,343.62,15.62
15048,65,4,381.0,4.05
15049,274,1,121.17,40.39
15050,25,3,1737.69,22.86
15051,23,3,1383.36,9.74
15052,319,1,207.73,7.42
15053,5,3,693.95,10.06
15054,12,2,302.1,2.65
15057,275,2,1489.5,59.58
15058,25,11,2102.54,7.9
15059,41,9,1337.72,5.64
15060,8,4,294.25,2.56
15061,4,48,54534.14,135.32
15062,71,4,987.86,17.33
15063,213,1,370.8,74.16
15065,38,4,3158.13,20.38
15066,53,1,893.59,21.28
15067,78,3,1744.76,21.28
15068,46,2,553.36,5.32
15069,179,1,1109.53,15.85
15070,373,1,106.2,106.2
15071,94,2,982.07,37.77
15073,10,3,1043.41,19.32
15074,105,1,735.67,17.94
15075,78,1,773.03,28.63
15076,173,1,880.85,17.98
15078,7,32,9743.11,22.14
15079,213,4,895.61,19.06
15081,22,5,504.8,15.3
15083,257,1,88.2,17.64
15087,282,1,306.94,20.46
15088,21,2,1160.07,20.35
15089,10,6,2420.84,16.7
15090,308,1,381.32,16.58
15091,68,1,480.71,16.02
15092,215,2,457.81,17.61
15093,18,6,4597.02,42.57
15095,104,4,1370.6,29.16
15096,43,1,219.39,19.94
15097,4,1,248.08,9.92
15098,182,3,39916.5,13305.5
15099,84,1,410.48,17.85
15100,334,3,876.0,292.0
15101,9,2,317.53,39.69
15103,31,2,703.36,20.1
15104,197,2,993.54,14.83
15105,18,7,2298.93,22.76
15106,18,5,1422.52,14.23
15107,311,6,319.5,19.97
15108,142,4,1300.25,21.67
15109,246,1,484.95,17.32
15110,24,4,996.1,28.46
15111,29,3,1567.48,18.66
15113,10,3,3509.43,36.18
15114,30,10,2760.56,14.01
15115,18,1,340.11,16.2
15116,18,4,1352.75,30.06
15117,15,5,1551.78,19.64
15118,134,1,244.8,244.8
15119,246,1,266.4,19.03
15120,134,1,358.82,17.09
15121,50,2,457.72,16.35
15122,114,3,1633.78,19.92
15123,7,2,2199.31,20.75
15124,23,2,184.19,12.28
15125,25,15,11528.48,90.78
15127,66,1,406.53,25.41
15128,60,4,1471.0,14.42
15129,50,11,3447.4,41.04
15130,170,1,330.11,15.0
15132,18,5,977.93,18.81
15133,128,3,982.42,33.88
15134,15,8,1387.99,19.01
15135,239,1,139.05,15.45
15136,3,4,1286.7,18.92
15139,240,2,178.96,13.77
15140,52,7,2354.25,29.43
15142,46,1,498.74,19.18
15143,226,1,259.45,18.53
15144,8,17,6580.44,30.32
15145,4,4,1194.73,17.83
15146,165,2,1327.16,14.58
15147,240,1,623.5,22.27
15148,11,1,301.29,15.06
15149,134,1,520.8,22.64
15150,17,10,5291.33,15.52
15152,10,13,4745.69,17.51
15153,31,1,329.25,14.97
15154,75,1,254.28,3.58
15156,1,3,961.49,17.48
15157,4,3,1936.07,15.49
15158,45,1,401.4,57.34
15159,2,30,18641.01,26.25
15160,357,1,158.16,39.54
15163,18,2,304.47,10.5
15164,69,3,824.58,8.16
15165,373,1,487.75,18.06
15167,321,1,158.8,4.07
15168,26,1,106.56,21.31
15171,331,1,1289.5,257.9
15172,9,5,1624.05,14.76
15174,323,1,135.75,12.34
15175,72,1,224.14,9.75
15178,260,1,40.5,13.5
15179,18,5,2206.95,23.73
15180,367,1,87.5,14.58
15181,66,3,689.48,43.09
15182,154,2,622.85,21.48
15184,29,2,402.2,6.49
15185,70,1,310.62,14.79
15186,14,2,411.41,21.65
15187,2,16,4777.18,52.5
15189,1,41,16225.39,76.53
15192,120,3,1044.32,20.48
15193,61,1,499.32,26.28
15194,3,15,7616.53,24.57
15195,3,1,3861.0,3861.0
15197,11,3,1079.61,33.74
15198,92,2,193.64,19.36
15199,59,4,1268.7,97.59
15201,87,5,1236.54,17.92
15203,26,6,1827.8,12.87
15204,357,1,316.58,35.18
15205,85,2,653.24,17.66
15206,10,4,420.3,46.7
15208,1,5,870.12,20.72
15210,225,1,331.18,16.56
15211,60,2,894.41,17.2
15212,241,1,101.8,20.36
15213,319,2,328.35,13.68
15214,2,8,1661.44,15.1
15215,47,3,734.94,21.0
15216,88,1,96.6,48.3
15218,11,11,5756.89,34.68
15219,176,1,305.75,33.97
15220,52,6,1778.96,15.2
15221,366,1,403.25,80.65
15222,319,1,585.0,117.0
15223,226,2,755.75,37.79
15224,358,2,322.08,23.01
15225,234,1,409.4,17.8
15226,311,1,154.41,19.3
15227,37,5,1219.4,21.02
15228,66,4,3386.71,27.09
15230,239,2,429.6,18.68
15232,113,2,612.06,19.74
15234,277,1,197.0,14.07
15235,218,12,2247.51,15.72
15236,299,1,321.05,21.4
15237,2,4,1412.32,14.27
15238,29,3,1071.99,21.44
15239,10,2,780.59,15.93
15240,45,5,1706.57,21.88
15241,67,8,1756.44,15.97
15243,74,1,316.68,14.39
15244,65,2,631.57,18.58
15245,134,3,2515.84,28.27
15246,238,2,514.15,15.58
15247,122,1,356.0,59.33
15249,32,13,6688.46,19.11
15251,9,11,10484.99,94.46
15252,36,2,740.78,16.84
15253,16,5,918.2,17.32
15254,127,1,300.36,16.69
15255,67,1,890.85,18.95
15256,149,1,98.45,16.41
15257,283,1,317.15,45.31
15258,169,2,623.16,18.33
15260,100,7,1810.77,23.52
15261,135,1,254.82,13.41
15262,324,1,178.95,17.9
15263,107,1,156.51,13.04
15264,64,1,393.74,17.12
15265,151,2,1506.12,18.37
15266,338,1,119.3,19.88
15267,22,5,1717.36,156.12
15269,24,1,408.8,204.4
15270,16,7,2379.49,58.04
15271,7,15,2493.34,9.44
15272,57,2,721.94,11.46
15274,4,2,716.57,15.25
15275,38,1,615.14,15.0
15276,66,1,128.63,2.63
15277,47,1,255.9,21.32
15279,355,1,290.51,15.29
15280,172,1,113.12,7.07
15281,59,9,2332.15,16.78
15286,50,1,240.55,80.18
15287,22,2,486.69,24.33
15288,43,5,2306.52,26.21
15289,29,3,939.78,16.2
15290,5,18,7943.22,38.94
15291,26,15,4668.3,45.32
15292,201,1,178.39,7.43
15296,51,6,3672.86,18.93
15297,10,3,641.94,16.46
15298,2,12,4799.9,25.0
15299,67,7,4507.01,643.86
15300,64,1,496.44,17.73
15301,51,12,5049.95,20.87
15303,290,1,574.02,18.52
15304,61,8,694.4,30.19
15306,64,3,1174.35,20.25
15307,96,1,205.3,17.11
15308,274,1,310.47,16.34
15311,1,91,60632.75,25.63
15312,75,4,924.85,19.68
15313,110,1,52.0,52.0
15314,199,1,327.97,13.67
15315,64,2,570.5,15.42
15316,327,1,165.0,165.0
15318,4,1,312.62,9.47
15319,284,1,204.5,12.78
15320,44,1,267.13,7.42
15321,71,3,2748.31,28.93
15322,86,1,679.68,16.18
15325,104,1,161.74,3.37
15326,334,1,311.71,10.75
15327,53,1,208.75,20.88
15329,39,3,1049.7,18.42
15330,32,2,714.96,55.0
15332,366,4,1661.06,47.46
15333,208,1,1028.56,64.28
15334,157,3,350.82,3.58
15335,54,1,170.22,4.86
15339,66,2,574.07,6.68
15341,81,1,2020.52,118.85
15342,130,1,406.09,16.92
15343,87,1,364.5,17.36
15344,1,3,563.94,21.69
15345,46,1,393.54,19.68
15346,333,1,252.42,14.85
15347,366,1,201.6,40.32
15348,72,1,158.04,17.56
15349,158,2,463.91,6.53
15350,373,1,115.65,23.13
15351,12,7,1934.66,8.83
15353,255,2,770.12,12.62
15355,29,2,277.05,19.79
15356,31,10,2718.03,5.45
15358,5,22,8347.2,15.15
15360,40,1,427.93,32.92
15361,362,1,418.92,59.85
15363,373,1,326.0,20.38
15364,96,2,913.19,31.49
15365,26,7,2314.32,20.3
15366,75,2,602.51,13.69
15367,57,4,1877.59,19.76
15368,21,1,446.94,111.74
15370,41,7,2386.05,25.38
15372,137,1,2007.4,74.35
15373,8,12,2415.91,18.3
15374,129,1,168.0,56.0
15376,40,3,1221.56,10.53
15379,169,7,3703.29,19.09
15380,9,5,1690.26,46.95
15381,214,2,596.85,74.61
15382,15,6,5955.71,19.72
15384,170,2,642.41,15.67
15385,40,1,316.88,26.41
15386,186,1,394.14,12.71
15388,270,1,140.54,14.05
15389,172,1,500.0,500.0
15392,5,4,1535.53,18.28
15393,16,2,231.86,19.32
15394,10,4,2183.54,25.69
15395,326,1,107.45,15.35
15396,113,1,288.18,20.58
15397,290,1,94.0,15.67
15398,16,2,1345.53,18.43
15399,1,3,815.77,16.32
15400,92,5,716.2,59.68
15402,149,2,626.77,14.92
15405,189,1,349.1,43.64
15406,31,2,510.71,9.64
15407,34,4,1046.74,7.07
15408,264,1,267.18,7.86
15410,84,8,3450.84,28.29
15411,26,4,1348.93,13.76
15412,171,1,190.53,19.05
15414,10,3,774.9,19.87
15415,313,1,559.61,11.91
15416,65,4,3984.32,20.75
15417,85,1,508.8,18.17
15419,25,1,135.86,16.98
15421,59,4,950.36,17.93
15422,323,2,97.7,16.28
15423,38,1,43.5,21.75
15424,254,2,383.34,22.55
15426,19,5,1404.07,5.11
15427,33,3,1430.54,4.9
15428,15,1,93.78,15.63
15429,27,2,397.35,4.85
15432,23,1,171.19,17.12
15433,214,2,533.3,13.01
15434,8,5,1041.48,18.94
15435,22,1,149.29,5.15
15436,12,3,1067.75,3.67
15437,262,1,200.16,4.45
15438,131,1,156.58,6.26
15440,55,3,383.68,6.19
15442,249,1,594.0,297.0
15443,2,7,3213.59,8.64
15444,9,2,1411.21,6.59
15445,264,1,113.5,22.7
15447,331,1,155.17,17.24
15448,313,1,494.64,17.67
15449,26,3,974.52,16.24
15450,30,1,429.84,14.33
15452,30,3,528.48,9.44
15453,2,7,1371.77,4.92
15454,362,1,179.1,7.16
15456,283,3,434.59,7.49
15457,262,1,237.07,4.09
15458,25,1,161.64,23.09
15460,354,1,214.26,3.83
15462,94,3,234.6,21.33
15463,29,1,126.14,18.02
15464,338,1,1044.65,6.74
15465,20,18,7354.62,75.82
15466,85,1,334.53,5.87
15467,9,3,524.88,10.09
15468,51,2,467.51,19.48
15469,50,2,538.55,22.44
15471,2,1,454.48,6.23
15472,113,1,371.56,4.89
15473,14,7,1771.2,161.02
15475,77,1,454.11,15.66
15478,40,2,1399.92,31.82
15480,116,1,905.5,20.12
15482,16,12,10879.76,112.16
15483,161,4,225.26,2.68
15484,1,4,3590.41,19.2
15485,30,3,2564.5,30.17
15488,93,1,91.32,45.66
15489,23,3,1134.28,22.69
15491,95,6,3100.09,20.13
15492,28,2,659.46,18.84
15493,33,5,1953.41,6.76
15494,21,2,1280.58,10.5
15497,18,2,1262.2,84.15
15498,3,27,13316.4,26.01
15500,8,4,1131.56,16.64
15502,16,12,10384.93,48.76
15503,363,1,141.04,2.14
15504,81,1,52.83,4.06
15505,53,5,3610.96,37.23
15506,23,3,972.08,6.04
15507,172,1,475.86,10.57
15508,189,6,1000.27,10.87
15510,331,1,250.0,250.0
15511,12,5,900.53,5.7
15512,156,2,121.0,17.29
15513,33,19,14758.22,47.92
15514,12,11,4023.72,24.24
15516,45,3,62.43,4.16
15517,233,1,267.03,9.89
15518,64,8,1921.55,9.15
15520,2,1,343.5,19.08
15521,40,8,3000.2,16.22
15522,33,2,397.99,7.11
15523,84,1,412.01,41.2
15524,25,1,440.0,440.0
15525,2,3,734.37,4.71
15526,33,2,148.44,37.11
15527,19,8,2428.53,14.99
15528,254,1,229.33,8.82
15529,23,11,3962.6,5.99
15530,22,4,1497.31,13.99
15531,8,2,1972.39,9.01
15532,25,4,1564.73,6.23
15533,19,3,807.57,9.73
15535,173,4,502.9,6.98
15537,163,1,110.92,4.62
15539,7,1,538.46,13.13
15540,11,1,213.3,14.22
15541,114,1,85.13,2.94
15543,288,1,127.86,4.57
15544,9,9,3546.71,13.69
15545,54,2,288.97,3.61
15547,7,14,4910.6,7.07
15549,77,3,1681.46,14.75
15550,4,4,575.63,9.44
15551,37,1,436.06,15.04
15552,217,1,90.12,5.3
15553,60,1,428.93,7.8
15554,278,1,217.2,15.51
15555,12,16,4794.86,5.41
15556,24,1,279.77,9.02
15557,29,1,468.91,24.68
15561,12,4,800.59,29.65
15562,352,1,134.55,134.55
15563,22,4,1400.44,12.39
15565,50,2,173.16,21.64
15567,19,1,186.01,26.57
15568,3,3,758.29,14.31
15569,104,5,1375.71,44.38
15570,7,12,4148.82,13.01
15571,12,4,650.43,11.41
15572,5,7,2533.42,11.95
15573,32,2,591.19,6.09
15574,178,4,675.64,4.44
15576,38,1,921.37,21.43
15577,151,3,258.88,6.64
15578,162,1,127.1,9.78
15579,69,2,327.6,6.82
15581,121,13,3675.77,25.18
15582,25,3,682.91,15.52
15584,24,4,720.86,5.91
15585,177,1,455.3,14.69
15587,50,4,913.68,101.52
15589,256,3,478.53,16.5
15592,47,1,388.58,16.19
15593,71,1,199.8,39.96
15594,16,5,1771.78,17.2
15596,101,5,1406.59,18.27
15597,35,1,324.57,14.75
15598,53,1,240.68,17.19
15599,27,2,761.74,14.65
15601,11,14,6776.56,16.53
15602,8,9,1297.87,28.21
15603,79,1,48.48,24.24
15604,52,1,216.39,12.73
15605,36,5,1198.23,17.88
15606,61,9,2920.16,37.92
15607,337,1,104.76,8.06
15608,28,4,1093.68,18.23
15609,184,1,298.48,18.66
15610,52,1,112.46,18.74
15611,10,13,1591.45,37.01
15612,36,2,195.15,32.52
15615,10,23,10399.74,24.59
15618,33,4,776.85,17.26
15619,11,1,336.4,112.13
15620,57,3,1553.18,15.53
15621,4,4,1293.03,80.81
15622,43,9,3709.56,20.05
15623,141,1,301.03,15.84
15624,117,4,588.13,17.3
15625,104,4,1534.26,23.97
15626,75,2,675.8,13.79
15628,5,9,2870.24,18.52
15630,45,2,1186.35,19.77
15632,16,8,3285.31,19.67
15634,17,1,243.55,16.24
15636,90,2,724.76,28.99
15637,53,1,223.36,14.89
15639,134,1,425.32,17.01
15640,4,15,12416.11,26.08
15641,105,4,1887.2,15.86
15643,192,3,664.0,20.12
15644,166,4,803.54,3.46
15645,19,1,612.01,11.77
15646,158,3,447.64,12.79
15648,204,2,639.5,26.65
15649,336,2,816.0,408.0
15651,37,3,646.3,20.2
15652,91,1,337.74,16.08
15653,93,2,877.44,146.24
15654,9,2,922.53,43.93
15655,243,1,560.67,16.49
15656,45,4,748.5,15.93
15657,23,1,30.0,30.0
15658,190,5,1024.1,21.34
15659,44,1,306.45,27.86
15660,25,9,1600.86,17.79
15661,317,2,309.8,61.96
15663,106,1,138.14,15.35
15664,51,1,386.43,22.73
15665,168,2,2222.21,19.32
15667,40,1,301.32,23.18
15668,218,1,76.32,76.32
15669,40,4,684.34,20.74
15670,297,1,173.05,14.42
15671,19,7,2657.13,34.07
15673,88,4,2726.23,19.76
15674,73,5,2446.6,21.46
15675,81,3,323.69,15.41
15676,19,3,3435.76,17.01
15677,49,1,657.23,19.92
15678,53,1,352.7,29.39
15679,24,4,781.28,7.1
15680,9,3,1333.68,17.1
15681,25,5,1426.16,26.91
15683,117,1,193.75,19.38
15687,9,9,2993.1,18.03
15689,120,2,254.1,28.23
15690,4,2,239.76,12.62
15691,252,1,136.8,68.4
15692,28,1,191.04,15.92
15694,1,14,6479.4,83.07
15695,267,2,409.98,18.64
15696,33,8,2711.11,16.14
15699,18,1,309.65,17.2
15700,172,2,696.68,8.1
15701,2,4,1529.0,6.65
15703,265,1,211.5,42.3
15704,140,4,2293.62,19.6
15705,201,1,143.1,23.85
15706,64,4,1060.56,19.28
15707,35,4,916.98,4.47
15708,41,7,3235.25,11.85
15709,284,1,133.25,22.21
15712,9,5,1072.36,20.23
15713,143,2,356.7,18.77
15714,12,2,330.03,9.71
15716,146,4,1101.11,9.41
15717,234,1,150.3,21.47
15719,33,13,5030.07,5.4
15720,24,1,598.73,4.68
15721,12,1,471.4,5.61
15722,36,5,2211.21,33.0
15723,365,1,190.7,5.02
15724,201,2,218.25,19.84
15725,15,1,415.25,12.98
15727,17,7,5159.06,17.14
15729,213,1,85.0,17.0
15730,66,3,1120.88,16.01
15732,212,2,294.12,21.01
15733,283,1,162.3,16.23
15734,115,2,1339.45,51.52
15737,15,8,1188.12,16.73
15738,19,16,4812.42,27.82
15739,66,1,449.12,56.14
15740,49,1,154.88,17.21
15743,16,4,775.96,9.02
15744,78,1,34.8,11.6
15745,19,4,1094.59,17.65
15746,134,1,196.88,7.03
15747,13,3,946.64,10.52
15748,40,1,144.36,7.22
15749,235,3,44534.3,4453.43
15750,3,8,2463.05,8.46
15752,40,7,2626.6,6.49
15753,305,1,79.2,79.2
15754,51,3,458.57,16.38
15755,10,6,2364.25,16.77
15756,61,4,528.01,2.76
15757,66,2,714.42,15.88
15758,25,1,205.25,22.81
15759,218,3,253.04,36.15
15762,65,2,583.75,15.78
15763,32,2,1086.92,17.82
15764,88,6,3279.97,18.22
15766,64,1,315.06,28.64
15768,116,3,621.83,23.03
15769,7,26,56252.72,432.71
15773,6,1,635.68,63.57
15774,69,1,270.8,10.83
15775,245,1,104.9,14.99
15776,133,1,241.62,13.42
15777,241,4,1047.11,49.86
15780,184,3,475.28,16.39
15781,25,3,345.46,17.27
15782,10,3,2614.74,60.81
15783,11,1,246.3,17.59
15785,33,5,2328.97,28.06
15786,46,3,4919.0,18.49
15787,26,3,933.26,4.67
15789,358,1,351.3,14.05
15790,10,1,218.75,6.43
15791,44,2,1612.69,21.5
15793,15,3,965.61,80.47
15795,150,1,610.01,14.52
15796,1,8,2708.61,20.52
15797,113,4,2207.4,275.92
15799,76,3,884.14,9.02
15800,107,2,696.89,5.96
15801,46,3,1063.95,16.62
15802,143,1,451.42,451.42
15803,51,1,415.82,51.98
15804,1,13,4206.39,16.05
15805,23,17,5488.18,18.36
15806,46,3,784.58,25.31
15807,50,3,903.9,18.83
15808,306,4,3651.27,18.72
15809,36,5,515.77,14.74
15810,79,4,1391.98,15.64
15811,22,6,2218.62,16.68
15812,107,5,1801.14,43.93
15813,208,2,1303.91,32.6
15814,17,4,1945.33,27.02
15815,64,5,2100.6,42.87
15819,49,4,1905.45,15.49
15820,320,1,206.98,12.18
15821,44,2,570.96,9.21
15822,3,2,885.47,26.83
15823,372,1,15.0,15.0
15825,172,1,532.94,26.65
15826,56,3,1654.31,24.33
15827,73,14,1836.09,15.97
15829,99,2,636.14,12.47
15830,38,1,576.0,14.77
15831,58,3,794.64,12.04
15832,254,1,836.79,15.5
15834,70,4,2225.15,8.27
15835,44,4,954.09,19.08
15836,50,1,137.37,13.74
15837,65,1,391.98,16.33
15838,11,19,33643.08,201.46
15839,33,3,1048.49,16.91
15840,59,2,355.56,13.17
15841,73,4,1224.06,26.04
15843,304,1,118.95,14.87
15844,46,1,130.74,11.89
15845,18,8,3711.77,26.9
15847,38,2,389.27,17.69
15850,19,2,234.88,2.53
15852,187,2,160.71,7.31
15853,52,1,110.8,3.69
15854,4,12,2969.12,21.52
15855,137,5,712.24,8.9
15856,4,27,16143.64,25.71
15857,19,1,297.0,21.21
15858,16,5,1427.57,7.59
15860,41,8,965.16,6.94
15861,12,8,3146.92,5.83
15862,8,4,832.88,5.67
15863,26,2,68.84,3.82
15864,22,6,1936.32,96.82
15865,41,3,895.13,22.38
15866,101,1,211.89,4.93
15867,5,15,3810.14,8.3
15869,277,2,149.64,9.98
15870,33,1,351.44,4.75
15872,15,2,316.25,2.93
15874,64,7,4405.88,36.72
15877,2,2,490.33,3.89
15880,369,1,329.03,3.43
15881,312,5,501.39,17.29
15882,199,4,516.36,22.45
15883,2,2,396.48,8.09
15885,93,3,379.35,21.08
15886,60,1,181.09,15.09
15888,81,1,168.31,14.03
15889,157,2,420.07,4.94
15891,227,1,511.68,8.53
15894,253,2,258.25,6.98
15895,150,1,179.17,16.29
15897,194,2,208.59,9.48
15898,1,5,1383.83,16.47
15899,369,1,56.25,14.06
15900,24,1,337.28,7.18
15901,17,3,351.73,3.17
15903,10,7,5126.76,69.28
15904,8,1,164.68,5.49
15906,20,7,1567.69,10.45
15907,4,3,882.72,3.91
15909,174,1,191.94,27.42
15910,1,8,1228.88,4.62
15912,178,2,264.62,13.93
15916,16,8,1502.86,9.95
15917,248,1,123.1,10.26
15918,191,2,334.23,8.36
15919,20,2,525.69,4.31
15920,154,4,167.5,2.79
15921,173,1,323.03,13.46
15922,373,1,369.5,33.59
15923,373,1,127.08,6.05
15925,194,1,207.15,17.26
15930,67,1,426.63,20.32
15932,4,8,2495.87,21.7
15933,21,3,1107.46,14.97
15935,239,2,416.86,34.74
15937,64,1,145.35,20.76
15938,112,5,404.58,22.48
15939,90,15,6115.01,80.46
15940,311,1,35.8,35.8
15942,134,1,337.44,24.1
15944,277,1,325.1,54.18
15945,365,1,181.0,90.5
15947,83,1,1708.24,58.9
15948,8,2,955.24,15.92
15949,17,2,364.72,19.2
15950,32,4,1744.71,17.99
15951,9,2,708.22,17.27
15952,34,4,781.91,9.31
15953,15,8,1657.28,17.09
15955,24,14,4416.26,24.13
15957,32,1,428.89,10.21
15958,74,1,104.35,14.91
15963,20,2,470.76,16.81
15965,17,4,808.87,7.29
15967,23,2,397.68,4.97
15969,3,3,666.1,33.3
15970,304,1,314.1,28.55
15971,18,12,4199.85,120.0
15973,367,1,307.82,76.96
15974,39,7,3442.15,19.56
15975,84,1,371.01,15.46
15976,165,2,427.64,4.45
15977,17,2,1054.73,16.23
15978,77,1,1098.78,22.42
15980,89,3,2398.86,55.79
15981,25,8,3408.48,35.14
15983,22,4,1465.12,13.08
15984,3,10,2780.63,10.78
15985,123,2,1142.42,30.88
15986,30,1,168.12,12.01
15987,12,7,1432.77,11.19
15988,19,1,156.78,6.03
15990,44,2,792.11,15.23
15992,4,1,41.99,14.0
15993,9,7,2777.67,5.12
15994,55,1,414.27,12.95
15996,88,6,1032.58,8.13
15998,37,5,3080.22,6.11
16000,3,3,12393.7,1377.08
16003,30,5,2735.37,26.56
16005,12,4,578.71,2.88
16006,211,1,101.4,12.68
16007,48,4,1693.81,4.45
16008,24,3,478.78,14.51
16009,22,4,972.11,11.86
16010,246,3,392.4,4.97
16011,8,16,3352.96,15.97
16012,35,3,1415.29,15.06
16013,4,47,37130.6,267.13
16014,38,3,646.83,4.69
16015,4,3,704.55,3.89
16016,3,8,1465.51,6.54
16017,47,1,211.88,6.62
16018,39,2,408.9,14.6
16019,47,9,3786.24,23.66
16020,17,3,851.01,18.5
16022,260,1,602.63,8.49
16023,46,3,719.81,7.13
16024,12,1,251.03,3.98
16025,30,1,439.66,15.7
16026,43,1,236.09,7.38
16027,92,6,934.62,58.41
16029,39,63,80850.84,335.48
16030,310,1,331.24,11.42
16031,92,2,547.9,5.59
16033,6,20,8778.82,7.78
16034,196,3,437.7,19.9
16036,87,2,758.92,13.8
16037,270,3,855.02,21.92
16038,8,3,471.78,18.15
16040,65,3,1313.55,20.21
16041,31,3,3166.4,527.73
16042,22,5,1177.47,16.82
16043,38,4,773.99,19.85
16045,120,4,1340.7,16.15
16048,373,2,256.44,32.06
16049,40,3,1074.81,3.59
16050,174,1,137.9,13.79
16052,54,1,362.06,10.65
16053,33,2,1511.95,18.0
16054,145,1,783.9,11.2
16055,221,1,134.8,16.85
16056,45,1,650.75,9.86
16057,16,7,2263.12,18.7
16059,66,6,1453.16,8.16
16062,10,4,1153.62,18.03
16063,260,1,335.32,14.58
16065,365,1,367.14,5.03
16066,17,5,1521.04,15.06
16070,22,2,852.15,25.82
16071,45,1,326.24,15.54
16072,288,1,584.32,25.41
16073,297,1,122.4,122.4
16076,3,10,2234.73,17.32
16078,284,1,79.2,79.2
16079,17,3,1352.0,64.38
16080,82,2,217.16,21.72
16081,56,5,2799.42,12.55
16083,101,2,1317.62,42.5
16084,299,1,436.18,11.48
16085,23,5,981.51,5.88
16086,59,5,1121.39,28.75
16091,155,2,315.06,17.5
16092,115,3,817.86,16.04
16093,107,1,17.0,17.0
16094,12,4,1078.23,17.11
16096,264,1,320.62,26.72
16097,240,1,185.05,18.5
16098,88,7,2005.63,29.93
16099,50,3,731.9,18.77
16101,71,1,1290.7,16.98
16102,42,3,1842.14,32.32
16103,7,6,1429.64,29.78
16104,62,1,298.21,10.65
16105,249,1,336.96,25.92
16106,66,1,108.38,18.06
16107,18,7,3204.16,103.36
16108,85,1,842.5,17.55
16109,219,2,611.88,33.99
16110,45,3,1320.95,3.86
16112,143,4,195.74,12.23
16113,183,1,161.38,5.38
16114,171,1,135.75,16.97
16115,10,8,1660.88,5.95
16116,212,1,612.78,18.02
16117,190,1,232.21,7.74
16119,8,2,423.36,26.46
16120,59,4,1309.14,43.64
16121,57,2,854.66,4.19
16122,73,4,684.42,18.01
16123,52,1,307.78,19.24
16124,317,1,249.0,22.64
16125,367,1,289.35,22.26
16126,29,4,6287.77,53.74
16127,39,1,656.25,16.41
16128,18,5,1880.22,21.13
16131,52,6,3506.54,44.96
16133,4,33,14589.04,43.16
16134,22,2,618.09,17.66
16135,263,1,517.55,24.65
16136,60,3,709.38,19.17
16139,19,3,635.41,20.5
16140,66,2,725.18,20.72
16141,88,1,620.4,20.68
16142,250,1,535.34,14.47
16143,3,6,2424.94,20.73
16144,247,1,175.2,175.2
16145,9,11,3799.49,16.96
16146,157,3,734.13,25.31
16147,134,1,375.0,17.05
16148,296,1,76.32,76.32
16149,5,2,280.52,15.58
16150,43,5,2053.02,17.55
16152,269,1,1829.04,63.07
16153,50,5,1824.23,20.5
16156,9,9,3092.04,24.16
16157,16,3,656.69,36.48
16159,282,1,348.2,24.87
16160,65,2,1025.44,51.27
16161,2,19,5533.67,11.75
16162,252,1,37.4,18.7
16163,232,2,856.6,142.77
16164,17,3,822.48,24.19
16168,11,27,3787.6,38.65
16169,8,4,1822.97,21.45
16170,51,6,1885.05,15.08
16171,59,1,73.2,24.4
16172,95,5,1140.21,16.52
16173,16,6,1418.32,16.88
16174,126,3,1009.55,43.89
16175,94,4,1037.59,17.89
16177,50,1,331.95,22.13
16178,138,1,197.9,24.74
16179,61,1,215.83,19.62
16180,100,8,10254.18,63.3
16181,73,1,305.54,27.78
16182,72,4,6617.65,236.34
16183,67,1,338.71,22.58
16184,64,6,1158.79,25.75
16185,17,2,529.41,17.08
16186,23,12,4006.94,18.38
16187,32,15,6911.44,23.43
16188,45,4,981.86,14.65
16189,16,2,215.48,19.59
16190,40,1,215.08,35.85
16191,3,13,5180.52,38.66
16193,237,1,314.45,16.55
16198,75,1,400.68,26.71
16200,4,2,1068.87,6.21
16201,3,4,1863.47,16.79
16202,361,1,365.27,20.29
16203,59,4,592.9,16.94
16204,23,1,384.18,7.68
16205,31,4,757.63,7.81
16206,55,4,537.06,8.52
16207,25,1,394.38,20.76
16208,45,2,664.26,10.06
16209,89,5,2262.62,49.19
16210,2,18,21086.3,171.43
16211,89,1,547.02,23.78
16212,19,2,690.34,16.84
16213,79,1,159.0,26.5
16214,171,3,1062.75,24.15
16215,81,1,242.35,17.31
16216,267,1,914.93,24.73
16217,235,2,304.25,20.28
16218,30,7,3084.68,36.72
16221,37,3,860.86,9.06
16222,318,1,773.55,6.34
16224,57,4,1295.3,13.49
16225,45,5,1096.32,8.18
16226,203,3,255.12,31.89
16227,225,1,314.22,52.37
16229,87,2,1010.6,21.5
16230,190,2,542.03,15.49
16232,44,4,990.88,26.78
16233,71,3,536.68,24.39
16235,41,5,867.31,18.85
16236,78,1,432.2,21.61
16239,57,2,414.2,21.8
16240,24,2,3718.8,27.55
16241,10,13,2590.31,3.95
16242,8,7,3579.86,12.26
16243,34,2,409.1,8.02
16244,212,2,1522.75,16.73
16245,24,3,1413.66,15.71
16247,170,1,114.56,7.16
16248,62,1,152.94,21.85
16249,53,5,1800.07,26.09
16250,261,2,389.44,16.23
16253,67,2,3683.86,29.95
16255,17,8,2619.91,9.7
16256,267,1,752.43,57.88
16257,177,1,46.95,23.48
16258,45,5,5203.51,38.54
16260,51,1,1035.45,57.53
16261,17,4,728.54,6.12
16265,9,9,5447.0,21.11
16266,74,7,861.89,14.13
16268,71,2,667.65,14.84
16270,353,1,1141.24,21.13
16271,3,5,1404.64,10.8
16272,117,1,411.7,16.47
16274,373,1,351.75,5.41
16275,197,1,559.87,16.97
16276,177,1,810.6,135.1
16278,100,1,566.38,24.63
16279,21,3,1502.78,14.18
16281,72,1,2062.06,121.3
16282,340,1,168.3,15.3
16283,6,5,1570.81,9.46
16284,31,2,812.68,7.89
16287,170,1,142.5,17.81
16292,122,1,302.25,17.78
16293,22,10,2248.99,19.06
16295,10,4,1328.55,16.82
16297,269,1,301.9,15.1
16298,23,3,598.2,22.16
16302,127,1,233.22,21.2
16303,26,3,5360.63,33.09
16305,139,1,361.22,16.42
16306,214,6,632.27,15.42
16308,38,4,2560.0,640.0
16309,106,2,706.57,16.82
16311,18,2,616.26,16.66
16313,3,2,274.15,17.13
16315,331,1,226.37,16.17
16316,64,8,2938.91,19.46
16317,120,3,1341.65,19.44
16318,35,1,328.15,17.27
16319,218,1,404.4,134.8
16320,172,2,1038.46,18.54
16321,72,5,373.65,31.14
16322,1,2,326.75,8.83
16323,196,1,207.5,207.5
16324,128,3,408.59,3.68
16325,47,3,594.24,33.01
16326,6,14,3039.22,10.13
16327,14,6,3820.27,12.05
16330,18,3,251.91,6.46
16332,28,7,1582.8,10.48
16333,8,22,26626.8,591.71
16337,37,1,151.05,15.1
16338,157,1,214.8,19.53
16339,284,1,94.05,5.22
16340,107,1,534.31,3.79
16341,25,4,1971.87,25.61
16342,75,4,322.41,21.49
16343,16,2,328.58,7.64
16344,158,1,101.1,50.55
16345,44,1,565.46,15.28
16347,11,2,847.45,9.97
16348,32,7,1415.65,6.38
16349,291,1,53.5,5.94
16350,21,4,1116.47,19.59
16351,333,1,153.9,19.24
16352,18,2,494.44,17.66
16353,4,23,6675.71,71.02
16354,63,2,395.8,10.15
16356,198,3,211.77,6.83
16357,33,3,658.88,19.38
16358,1,4,2027.5,18.6
16359,7,9,1750.92,26.53
16360,5,6,3450.41,5.43
16361,10,4,891.21,8.57
16362,32,5,709.99,9.22
16363,53,1,109.36,21.87
16364,12,2,705.79,13.57
16365,18,9,1540.42,30.2
16366,19,1,327.3,18.18
16367,37,2,800.67,6.3
16368,2,2,479.91,6.96
16369,18,3,1545.41,13.21
16370,82,4,1301.91,5.89
16372,33,2,355.73,3.87
16374,66,2,466.73,4.28
16376,9,2,974.96,7.99
16377,267,1,676.2,135.24
16378,247,3,362.95,15.78
16379,4,4,2157.4,19.98
16380,61,1,1743.15,56.23
16383,75,2,643.76,6.57
16384,90,2,584.5,17.71
16385,60,3,554.86,9.73
16386,29,2,302.57,3.74
16387,323,1,94.36,23.59
16389,53,4,1382.07,40.65
16392,270,1,217.89,5.07
16393,2,13,3040.96,9.3
16394,57,5,1555.34,18.74
16395,61,5,1482.06,7.19
16398,154,2,1705.8,20.8
16399,19,2,408.02,5.67
16400,95,1,303.93,10.48
16401,1,12,4098.32,22.03
16402,265,2,293.45,5.15
16403,312,1,177.5,17.75
16404,70,1,443.05,19.26
16405,302,2,167.25,33.45
16406,19,1,154.35,2.66
16407,13,10,2079.68,12.38
16409,36,5,2022.98,8.76
16411,19,2,211.7,4.81
16412,54,1,135.99,4.53
16413,57,1,262.2,8.46
16414,22,2,126.25,18.04
16415,44,1,200.27,4.26
16416,27,3,1051.4,14.81
16418,45,3,631.12,6.64
16419,113,6,958.71,19.17
16422,17,51,34684.4,94.0
16423,25,1,346.12,19.23
16424,191,1,133.56,26.71
16425,302,1,302.7,14.41
16426,2,10,1863.76,5.28
16427,263,2,241.06,26.78
16429,106,1,284.55,142.28
16430,57,1,300.85,50.14
16431,213,3,623.28,8.2
16432,64,1,287.4,35.93
16433,28,1,184.26,10.84
16434,29,7,1511.8,14.13
16438,6,5,798.35,6.05
16440,8,5,3640.67,12.91
16441,67,2,381.2,15.88
16442,2,3,609.3,3.56
16444,46,4,654.67,7.79
16445,34,1,230.51,3.66
16446,1,2,168472.5,56157.5
16447,136,1,255.91,7.53
16448,198,1,182.99,9.63
16449,198,2,707.69,17.69
16450,150,1,311.92,28.36
16451,88,1,266.97,19.07
16454,45,2,6.9,3.45
16455,64,7,1841.18,18.6
16456,99,5,2158.18,19.62
16457,218,1,208.36,23.15
16458,3,18,3482.74,17.24
16460,28,3,811.23,6.15
16461,178,1,142.92,4.47
16462,74,3,136.0,45.33
16463,21,4,1422.4,17.35
16464,20,3,1298.66,5.65
16466,34,7,1595.96,10.93
16468,74,1,74.9,37.45
16469,24,4,625.42,3.66
16470,52,4,752.77,4.59
16471,275,1,223.95,17.23
16473,165,3,316.11,17.56
16474,7,7,1810.65,5.37
16475,88,4,544.3,19.44
16477,64,7,2494.46,17.09
16478,25,3,331.0,19.47
16479,10,2,300.83,8.6
16480,76,1,769.29,14.51
16482,16,1,220.62,12.26
16483,192,1,139.35,7.33
16484,174,2,404.3,16.17
16485,77,1,363.65,8.66
16488,33,3,498.8,17.2
16491,47,1,731.5,18.76
16493,80,4,1351.63,24.14
16494,297,1,826.53,16.53
16495,3,3,648.26,7.37
16496,9,3,1599.52,16.84
16497,50,6,2965.69,21.81
16498,161,2,100.97,6.73
16499,360,2,365.45,19.23
16500,5,6,400.86,36.44
16503,107,4,1431.93,17.05
16504,25,1,465.88,5.61
16505,32,1,777.6,194.4
16506,20,2,90.3,30.1
16509,297,1,363.7,27.98
16510,372,1,248.1,19.08
16511,22,3,918.33,5.78
16513,5,4,874.59,24.99
16515,52,5,1624.14,14.63
16516,30,1,101.7,16.95
16517,277,1,162.7,9.57
16518,61,2,484.32,12.11
16519,25,2,215.08,16.54
16520,186,3,1046.57,6.71
16523,2,21,9418.47,32.48
16525,2,26,13027.45,71.19
16526,172,1,290.36,19.36
16527,81,1,228.06,16.29
16528,4,1,244.41,14.38
16529,190,1,455.25,15.18
16531,22,7,1244.59,16.16
16532,18,3,6748.8,1687.2
16533,19,3,1082.81,6.15
16535,5,1,593.75,19.15
16536,110,1,548.12,10.15
16539,3,4,1388.81,30.86
16542,54,1,119.62,23.92
16545,165,1,339.3,113.1
16546,291,2,787.15,31.49
16549,10,10,4034.9,4.36
16550,109,5,2298.97,9.16
16551,96,3,922.12,28.82
16552,243,2,379.73,22.34
16553,163,12,5719.82,68.09
16554,42,3,837.1,16.1
16555,35,2,285.89,16.82
16556,67,7,3313.79,16.01
16557,24,2,281.85,25.62
16558,1,20,8338.49,18.13
16560,27,2,841.41,15.03
16561,6,2,511.12,16.49
16563,54,1,1077.74,56.72
16565,364,1,173.7,57.9
16566,15,5,614.66,34.15
16567,194,2,865.6,24.73
16569,3,1,124.2,24.84
16570,15,10,3738.4,29.67
16571,27,3,1421.69,16.34
16572,127,3,1009.6,17.71
16573,85,2,663.61,15.8
16574,71,1,451.44,16.12
16581,183,1,105.84,11.76
16582,113,1,313.62,52.27
16583,374,1,233.45,16.68
16584,80,2,936.08,33.43
16586,249,1,463.95,57.99
16587,232,1,225.15,17.32
16589,71,3,459.24,13.92
16591,69,1,213.5,21.35
16592,4,16,4113.68,19.04
16593,51,3,330.03,12.22
16594,75,1,181.09,3.42
16595,61,1,360.16,4.24
16596,16,2,250.15,20.85
16597,4,1,90.04,12.86
16598,286,1,145.05,14.5
16600,4,6,813.52,13.12
16601,41,1,242.7,8.09
16602,36,1,528.08,18.21
16603,75,2,482.47,14.19
16607,18,14,3347.71,19.46
16609,15,7,5493.46,19.9
16610,219,1,75.66,12.61
16611,186,1,129.49,12.95
16612,33,4,1187.66,17.99
16613,70,1,618.59,20.62
16614,183,1,506.19,19.47
16616,15,2,500.42,15.16
16617,236,1,151.85,30.37
16618,31,5,2647.59,27.58
16619,264,1,226.21,16.16
16620,4,2,178.96,19.88
16621,52,4,813.48,28.05
16623,246,1,129.45,25.89
16624,81,2,810.57,16.89
16625,275,1,333.08,14.48
16626,1,17,4413.1,24.65
16627,79,1,322.8,16.14
16628,30,5,2188.05,18.7
16629,74,2,408.63,6.81
16633,17,6,2883.1,18.97
16634,223,2,217.9,24.21
16637,32,4,1154.47,16.73
16638,23,10,1680.72,17.88
16639,31,3,1257.51,25.15
16641,106,1,231.1,19.26
16642,5,2,688.33,20.24
16643,246,1,487.51,18.06
16644,178,2,833.78,13.45
16647,170,2,214.06,15.29
16648,43,1,290.66,15.3
16650,72,1,518.42,21.6
16652,59,7,6773.97,57.41
16653,16,2,1212.66,17.57
16654,141,4,601.27,20.73
16655,18,6,3789.52,14.69
16656,22,15,8625.8,118.16
16657,10,4,874.43,4.55
16658,368,1,123.24,15.4
16659,189,1,39.12,19.56
16660,16,4,1267.65,79.23
16665,362,1,135.4,15.04
16666,19,1,118.98,3.72
16667,68,2,567.18,10.91
16668,15,6,306.72,15.34
16669,24,3,1348.88,8.65
16670,17,11,4095.9,16.25
16671,28,3,1692.27,282.04
16672,2,20,8134.94,71.36
16674,55,2,304.24,3.27
16676,34,4,1592.12,17.89
16678,3,12,3109.99,19.08
16679,366,1,129.75,43.25
16680,43,1,183.7,18.37
16681,73,6,1770.34,40.24
16682,5,5,1028.0,34.27
16684,4,28,66653.56,240.63
16685,61,2,324.24,5.23
16686,47,7,2959.88,5.44
16688,1,4,1260.86,20.34
16689,76,2,422.6,32.51
16690,72,2,225.58,18.8
16692,256,2,1276.0,425.33
16693,69,2,477.86,8.1
16696,135,4,657.9,65.79
16697,241,1,112.75,5.37
16698,227,2,1998.0,399.6
16700,9,13,5076.55,16.48
16701,9,13,5398.3,37.49
16705,1,20,14034.99,51.98
16706,37,3,531.35,4.32
16708,46,1,656.63,24.32
16709,85,5,3029.87,38.35
16710,19,10,2467.99,6.26
16711,3,5,1651.03,75.05
16712,9,11,3611.31,8.24
16713,19,15,6910.78,11.16
16714,219,3,1129.06,12.98
16715,78,1,301.72,15.88
16716,267,2,901.2,450.6
16717,24,6,3843.08,19.41
16718,369,1,606.05,13.77
16719,15,7,1770.22,9.03
16720,26,1,152.95,6.12
16721,262,1,292.47,7.9
16722,17,13,4730.81,21.03
16723,91,2,576.4,13.72
16725,302,7,758.27,5.23
16726,26,5,1358.74,7.63
16727,364,1,256.32,5.83
16728,46,4,1048.28,3.99
16729,38,21,7205.33,10.98
16730,52,3,743.11,9.06
16732,32,1,603.75,21.56
16734,52,3,646.76,12.44
16735,79,5,2247.41,19.37
16737,53,1,417.6,417.6
16738,298,1,3.75,3.75
16739,177,1,323.0,24.85
16742,47,1,464.9,464.9
16743,29,7,2213.13,11.65
16744,11,7,1291.91,5.47
16745,87,17,7180.7,20.23
16746,5,18,6680.11,15.05
16747,38,2,836.06,19.91
16748,18,5,1515.9,21.97
16750,45,5,623.93,6.57
16751,31,1,1764.72,70.59
16752,373,1,207.5,23.06
16753,58,1,223.92,6.59
16754,372,1,2002.4,1001.2
16755,114,3,1475.43,8.94
16756,215,1,239.4,18.42
16757,319,1,106.83,15.26
16758,65,1,369.34,16.79
16759,8,3,789.79,18.8
16761,97,1,316.62,24.36
16762,20,3,1207.24,19.16
16763,199,1,611.85,26.6
16764,4,13,2790.95,3.99
16765,294,1,34.0,34.0
16766,273,2,1145.6,33.69
16767,31,11,5575.56,25.23
16768,48,3,478.09,8.85
16769,260,1,361.54,9.51
16770,58,5,757.1,5.41
16771,33,5,2242.61,8.83
16773,57,1,171.59,6.6
16774,68,4,661.52,13.78
16775,10,11,1691.51,10.77
16776,60,1,371.54,5.23
16777,80,2,222.62,4.64
16778,74,2,245.94,15.37
16779,2,22,10611.72,32.06
16780,100,2,422.24,7.16
16781,372,1,311.25,18.31
16782,10,13,2267.95,12.39
16784,20,1,107.6,35.87
16788,123,2,594.39,4.02
16789,8,1,80.8,16.16
16790,4,6,1545.62,16.62
16791,29,7,1705.78,5.43
16792,282,2,110.38,9.2
16793,57,1,243.84,15.24
16794,1,10,1196.5,4.3
16795,365,1,414.88,6.29
16796,89,1,305.62,16.98
16800,11,1,1162.65,7.45
16801,163,4,1594.23,21.26
16803,65,1,332.3,13.85
16804,23,3,536.99,8.95
16805,174,2,460.59,4.7
16806,103,4,762.16,8.2
16807,143,3,1121.59,16.74
16808,99,2,288.42,12.54
16809,23,5,914.69,6.14
16810,192,1,309.54,20.64
16811,5,2,547.07,19.54
16812,361,1,479.35,31.96
16813,8,10,1652.18,3.88
16814,14,21,6416.7,20.12
16816,103,4,417.06,14.9
16817,3,9,1604.75,18.66
16818,11,11,3349.57,17.82
16820,96,1,497.61,19.14
16823,227,1,358.38,9.43
16824,16,2,460.64,17.72
16825,39,2,775.18,27.68
16826,51,1,341.7,15.53
16828,93,2,128.5,16.06
16829,157,1,197.22,17.93
16830,39,1,325.91,14.17
16832,184,3,199.15,16.6
16833,1,4,1106.53,23.54
16834,228,1,413.46,17.23
16835,128,2,180.85,18.08
16836,40,2,251.87,22.9
16837,31,11,3170.98,19.22
16838,197,2,588.85,23.55
16839,9,34,16594.35,62.38
16841,37,6,1869.82,16.12
16842,101,3,1264.19,20.07
16843,43,16,10196.57,26.98
16846,50,1,214.32,19.48
16847,43,1,193.44,16.12
16848,53,1,281.42,20.1
16849,187,1,124.57,15.57
16850,334,1,332.41,17.5
16851,4,3,342.45,17.12
16852,10,2,144.91,16.1
16855,24,2,328.4,17.28
16856,15,1,35.4,17.7
16858,369,1,375.69,37.57
16859,145,2,747.81,14.38
16861,60,2,173.76,28.96
16863,31,2,502.8,19.34
16866,141,3,207.74,18.89
16869,23,4,817.12,6.43
16871,22,6,2812.34,20.53
16872,77,3,680.02,97.15
16873,5,6,7123.62,25.53
16875,67,5,2095.53,18.71
16877,12,6,846.62,5.43
16878,84,1,13.3,4.43
16880,31,7,1491.43,8.57
16881,67,1,432.0,432.0
16882,67,3,705.12,18.08
16883,187,2,272.48,7.36
16884,38,2,429.84,16.53
16885,15,3,450.41,4.69
16887,35,1,192.33,5.34
16889,195,3,1578.67,11.69
16891,2,5,742.43,3.99
16892,1,5,518.19,5.34
16893,367,1,145.93,3.24
16895,65,1,202.27,3.26
16897,299,2,289.78,7.83
16898,26,3,501.03,3.19
16899,8,6,1271.06,10.33
16900,17,3,887.11,11.23
16902,116,1,1706.88,38.79
16903,29,1,363.2,6.49
16904,4,16,3653.75,5.49
16905,5,7,3037.6,15.26
16906,82,4,559.59,6.51
16907,29,5,928.76,6.63
16909,72,1,379.14,21.06
16910,4,8,1508.96,2.77
16912,29,11,2555.58,25.56
16913,290,1,113.44,14.18
16914,36,1,183.76,6.13
16915,9,6,621.68,10.91
16916,24,2,562.41,4.14
16917,277,1,391.52,43.5
16918,50,6,1068.82,8.35
16919,156,11,2592.25,7.95
16921,61,1,154.18,2.8
16923,12,19,7069.08,11.29
16924,21,3,829.89,10.25
16926,371,1,230.25,16.45
16927,116,3,543.05,90.51
16928,80,17,2814.7,13.8
16929,4,7,1295.39,16.82
16930,26,3,378.89,7.15
16931,5,21,4554.87,5.14
16932,53,1,150.23,3.13
16933,1,2,563.23,12.8
16934,55,2,931.03,15.26
16936,26,1,261.9,4.68
16938,9,4,2711.68,11.54
16940,52,3,3049.88,10.0
16942,13,9,1904.99,6.88
16943,212,3,816.73,24.75
16945,22,19,4345.5,17.45
16947,236,1,406.48,19.36
16948,139,3,435.02,22.9
16949,4,6,1286.27,21.44
16950,57,3,1178.56,28.06
16951,135,3,1277.75,14.86
16952,109,2,167.61,10.48
16953,30,1,20.8,20.8
16954,1,9,2085.08,38.61
16955,185,4,518.67,20.75
16956,18,1,308.74,19.3
16957,239,2,416.64,26.04
16959,87,1,117.35,16.76
16960,39,3,507.05,5.02
16961,116,1,234.17,16.73
16963,187,1,110.55,15.79
16965,227,1,201.19,7.74
16966,8,7,2154.97,76.96
16967,189,1,319.02,15.19
16968,4,2,439.43,14.18
16969,39,3,650.41,15.49
16971,38,1,357.21,8.71
16976,267,1,251.52,125.76
16978,78,1,344.33,8.83
16979,4,6,1852.0,20.81
16980,255,2,1028.46,12.7
16982,61,1,384.06,17.46
16983,13,7,1905.87,13.33
16984,88,2,4459.52,11.15
16985,17,10,5464.12,45.53
16986,30,2,1873.2,624.4
16987,3,7,1616.8,12.63
16988,5,1,126.12,18.02
16989,7,6,1133.25,94.44
16990,219,1,179.0,179.0
16992,11,5,1614.31,17.36
16996,30,6,1456.96,39.38
16997,288,3,702.0,58.5
16998,150,4,295.0,73.75
16999,23,2,484.82,21.08
17001,1,11,3989.57,23.61
17002,86,3,1493.73,30.48
17004,46,2,1312.14,30.51
17006,5,4,781.78,17.77
17007,51,6,889.93,17.11
17010,18,1,195.36,17.76
17011,30,1,270.9,18.06
17014,8,3,583.43,8.1
17015,29,3,1838.61,8.59
17017,3,20,8694.26,34.5
17018,41,2,920.1,57.51
17019,11,4,1258.08,5.52
17022,31,1,71.0,10.14
17024,45,3,95.85,31.95
17025,61,3,357.77,39.75
17026,185,2,154.83,38.71
17027,79,6,877.56,5.93
17029,111,2,716.0,358.0
17030,64,1,146.87,13.35
17031,12,2,380.35,17.29
17033,86,3,1030.14,36.79
17034,16,3,745.52,24.85
17035,246,2,433.53,15.48
17037,88,1,1267.32,16.9
17038,30,1,112.4,5.11
17040,138,1,449.73,29.98
17041,27,3,1071.49,15.53
17042,3,5,1036.58,10.69
17043,32,4,1735.18,17.01
17044,25,1,948.48,158.08
17045,113,3,339.44,15.43
17046,157,1,642.02,29.18
17047,85,3,1100.9,16.94
17048,118,3,925.35,21.52
17049,3,9,5655.03,17.84
17050,96,6,3185.64,10.34
17051,194,1,240.89,5.74
17052,28,1,399.09,4.81
17053,131,1,498.48,38.34
17054,28,5,1356.33,16.34
17058,82,3,1179.89,19.03
17059,30,5,3080.39,5.99
17060,266,1,234.24,46.85
17061,74,11,5232.23,52.85
17062,314,4,533.33,7.73
17063,21,7,1461.14,18.73
17064,59,3,855.45,14.02
17068,12,21,4552.14,15.38
17069,28,9,2709.7,18.95
17070,114,1,304.24,4.91
17071,28,9,2429.03,17.35
17073,18,4,1446.09,8.31
17075,18,4,834.12,10.83
17076,36,3,841.08,33.64
17078,36,2,378.2,13.51
17079,78,1,118.8,59.4
17080,22,2,287.62,35.95
17081,25,2,288.91,4.59
17082,33,2,2003.85,24.74
17083,109,3,1405.78,27.03
17084,35,2,2747.99,18.44
17085,123,5,1562.4,8.4
17086,7,6,2050.08,21.36
17088,28,4,1991.01,17.31
17090,4,7,1974.65,32.37
17091,3,9,3827.76,19.63
17092,50,4,1774.03,14.31
17094,322,1,302.0,21.57
17095,23,3,1324.16,17.89
17096,15,4,1022.13,21.29
17097,2,8,954.42,4.52
17100,18,2,971.74,14.95
17101,10,4,1621.73,38.61
17102,262,1,25.5,25.5
17105,159,2,665.78,7.4
17107,33,6,10797.48,25.96
17109,29,6,881.29,7.6
17110,165,1,163.3,13.61
17111,47,1,231.61,7.99
17114,6,8,801.12,6.51
17115,8,3,837.5,21.47
17117,288,1,116.2,12.91
17118,318,1,157.02,15.7
17119,3,2,606.91,17.34
17120,233,1,307.46,17.08
17122,119,1,138.32,19.76
17123,162,1,345.3,38.37
17124,185,1,294.24,9.49
17125,50,1,230.5,6.59
17126,152,5,989.45,3.99
17128,335,1,157.09,11.22
17131,5,5,2463.17,18.38
17133,16,7,4892.24,181.19
17134,107,2,413.2,17.97
17135,16,7,1139.73,21.92
17138,276,1,380.5,15.85
17139,16,12,10650.77,22.33
17140,247,1,454.12,25.23
17142,239,1,579.0,38.6
17144,1,2,984.57,20.51
17146,106,3,749.78,21.42
17147,23,4,1714.59,21.17
17148,52,1,124.88,13.88
17152,195,3,1689.5,120.68
17153,24,1,213.78,15.27
17154,75,1,329.34,14.32
17155,18,2,251.7,12.58
17157,8,2,319.0,24.54
17158,32,3,1266.97,18.91
17159,22,3,1538.88,15.24
17160,31,6,3518.03,15.36
17162,29,10,1715.46,16.49
17163,22,2,293.1,58.62
17164,33,7,2467.35,17.13
17165,284,1,158.68,15.87
17166,39,2,206.34,17.2
17169,58,2,835.78,15.48
17171,289,1,224.91,14.06
17172,79,1,317.76,21.18
17173,5,8,3766.6,43.8
17174,218,1,59.9,14.98
17175,44,4,1443.69,22.92
17176,202,1,306.13,20.41
17179,178,3,711.79,8.9
17180,56,4,783.97,6.27
17181,57,2,239.92,10.43
17183,8,6,3347.31,45.85
17186,47,2,144.0,72.0
17187,227,1,203.95,20.4
17188,11,7,2474.23,29.46
17189,106,2,383.75,6.4
17190,59,2,444.74,23.41
17191,28,7,2093.68,8.87
17193,36,7,1699.3,53.1
17194,274,2,262.62,9.06
17197,30,1,1013.01,34.93
17198,24,3,692.22,7.21
17201,54,1,289.78,7.63
17203,36,6,3560.08,24.05
17204,175,4,1564.56,27.45
17205,54,1,384.08,29.54
17206,53,1,204.24,29.18
17211,27,8,2317.22,10.98
17212,253,1,226.85,56.71
17213,40,7,2781.23,17.71
17214,60,6,1059.12,10.49
17217,234,1,113.5,12.61
17218,4,10,1951.97,7.2
17219,32,1,114.23,4.57
17220,24,14,3187.55,6.83
17221,7,2,334.48,5.39
17222,65,1,328.65,12.17
17223,310,2,416.89,8.69
17226,309,1,393.49,18.74
17227,19,6,939.32,19.99
17228,16,8,1906.09,9.16
17229,96,2,318.76,6.78
17230,264,8,3638.41,52.73
17231,12,10,3124.72,5.88
17232,3,2,417.77,11.94
17233,35,1,190.88,7.64
17234,183,1,149.89,10.71
17235,25,2,550.06,18.97
17236,13,6,916.13,8.73
17237,11,2,314.69,16.56
17238,3,17,3719.1,6.7
17239,313,1,382.5,25.5
17242,108,2,1135.04,28.38
17243,1,26,8540.05,22.07
17244,53,1,954.9,30.8
17245,205,1,171.45,19.05
17247,15,1,280.09,5.19
17248,120,1,318.65,4.62
17250,4,2,381.97,6.82
17251,363,1,269.83,7.29
17252,117,2,348.91,4.06
17253,18,1,178.26,9.9
17254,5,2,271.19,2.44
17255,41,2,291.48,3.94
17256,107,2,240.0,15.0
17259,148,2,581.23,5.01
17262,52,5,1253.36,104.45
17263,208,1,63.44,2.76
17265,139,2,550.01,4.51
17266,2,3,296.58,4.06
17267,127,2,317.2,8.57
17268,108,4,763.64,127.27
17272,42,4,2148.63,18.85
17274,35,1,107.82,4.31
17277,228,2,1065.35,15.44
17278,241,1,246.04,16.4
17279,58,1,187.83,20.87
17282,130,3,1685.46,18.94
17284,60,6,1647.48,5.66
17286,22,1,151.37,3.44
17287,26,7,1049.06,8.6
17288,9,7,1417.63,10.13
17289,32,3,931.02,8.95
17290,4,2,513.01,5.34
17291,308,1,550.8,550.8
17293,8,9,1854.06,14.05
17295,29,3,547.0,8.04
17297,17,1,128.18,2.62
17298,101,2,498.42,16.61
17299,12,4,656.61,11.94
17301,21,1,163.24,2.77
17302,15,5,1135.63,14.38
17303,361,1,250.04,4.72
17306,11,19,8631.31,130.78
17309,95,1,82.75,6.9
17311,78,2,1384.85,25.18
17312,139,3,644.3,46.02
17313,31,1,2328.84,97.04
17314,25,8,2527.92,19.3
17315,2,38,6281.23,13.34
17317,46,3,2600.34,288.93
17320,100,3,1200.62,16.45
17321,8,2,657.16,6.64
17323,15,7,906.52,4.65
17324,18,4,986.48,20.13
17325,280,1,96.8,16.13
17329,14,2,523.11,15.85
17330,23,2,363.9,60.65
17331,124,1,175.2,175.2
17333,86,1,494.25,17.65
17334,302,2,307.02,27.91
17337,151,4,1981.06,3.8
17338,17,8,6493.54,9.01
17339,94,2,243.36,27.04
17340,30,11,12353.29,30.35
17341,157,3,682.29,4.35
17343,355,1,193.64,11.39
17344,46,1,157.62,5.08
17345,15,4,519.69,6.26
17346,4,15,2622.88,5.43
17347,86,1,228.96,228.96
17348,15,5,1156.6,5.43
17349,179,1,98.25,12.28
17350,8,4,1281.32,18.3
17351,36,3,587.15,21.75
17353,129,2,1740.0,217.5
17354,51,1,1393.06,87.07
17356,312,1,178.22,9.38
17357,24,2,384.39,8.74
17358,303,2,360.81,6.22
17359,11,1,127.86,8.52
17360,17,3,568.24,4.55
17361,49,3,488.2,16.83
17362,239,2,312.23,8.92
17364,1,11,4462.68,10.99
17365,13,8,4767.36,10.25
17367,238,1,167.55,5.08
17368,23,8,1878.87,17.56
17370,73,4,446.18,13.52
17371,17,3,418.4,4.87
17372,41,8,1337.18,5.33
17373,40,4,646.92,11.35
17374,219,2,495.77,17.71
17375,199,3,400.1,5.8
17376,71,2,203.2,8.47
17377,24,20,4058.32,10.05
17379,11,1,389.72,5.0
17381,9,29,20275.61,186.01
17382,65,1,65.4,32.7
17383,4,1,193.39,3.95
17384,19,2,336.4,22.43
17385,15,1,256.11,5.69
17386,8,6,2686.42,95.94
17387,20,2,746.81,9.83
17388,78,4,1259.56,83.97
17389,1,34,31833.68,149.45
17391,164,2,508.8,169.6
17392,307,2,417.27,7.45
17394,219,1,203.87,50.97
17396,39,8,7330.8,271.51
17397,22,2,681.41,7.66
17398,115,3,653.38,17.19
17400,126,5,2097.84,10.18
17402,5,13,2633.85,44.64
17403,36,1,263.92,8.25
17404,4,15,31906.82,161.15
17405,1,3,1031.41,12.58
17406,333,3,2184.42,19.68
17408,163,1,32.65,16.32
17409,185,2,771.85,59.37
17410,16,5,1214.72,18.98
17411,12,3,778.94,19.0
17412,3,7,1258.06,19.06
17414,44,2,778.0,129.67
17415,80,1,507.84,36.27
17416,30,7,6893.42,25.63
17418,42,2,463.46,15.45
17419,11,12,4226.57,20.52
17420,50,3,598.83,19.96
17422,16,6,1979.37,16.92
17423,46,2,698.41,26.86
17425,19,2,759.17,17.66
17426,8,6,5037.26,18.59
17427,72,1,100.8,50.4
17428,1,28,17256.85,52.61
17429,128,3,524.92,13.46
17430,33,2,265.76,18.98
17431,313,1,403.3,9.38
17432,18,2,365.76,7.62
17433,88,1,303.16,5.61
17434,2,7,2373.82,17.72
17436,2,2,216.3,24.03
17438,254,1,388.45,22.85
17440,157,3,186.42,37.28
17442,37,6,2248.56,16.66
17443,220,1,534.24,534.24
17444,148,3,2940.04,21.78
17446,177,2,120.9,13.43
17447,40,2,541.53,15.04
17449,2,7,2519.21,9.13
17450,8,46,194390.79,578.54
17451,1,7,1721.4,17.21
17453,18,2,486.72,25.62
17454,192,4,517.53,8.48
17455,204,1,131.7,16.46
17456,365,1,249.86,14.7
17457,127,5,1737.7,91.46
17458,15,1,316.5,5.86
17459,43,2,657.3,5.92
17460,94,6,622.43,21.46
17461,23,3,735.82,6.94
17462,60,2,675.69,25.03
17463,16,5,1875.86,9.02
17464,158,1,289.96,32.22
17466,10,2,763.28,18.62
17468,10,2,137.0,27.4
17469,16,5,1870.97,21.26
17470,45,5,1125.07,14.42
17472,191,3,697.54,4.01
17475,79,1,194.37,13.88
17480,78,1,511.82,17.65
17481,4,4,1255.59,15.31
17483,65,3,414.04,19.72
17486,261,1,396.87,16.54
17489,59,2,376.64,12.99
17490,1,7,2092.32,27.53
17491,1,10,3558.87,32.65
17492,248,1,374.57,31.21
17495,8,2,497.56,18.43
17496,359,1,271.05,27.1
17498,76,1,272.22,16.01
17499,290,1,622.88,15.57
17500,17,3,1138.0,227.6
17501,221,2,288.6,16.03
17502,9,4,689.1,24.61
17503,3,2,558.96,14.71
17504,206,9,2997.03,23.6
17505,162,2,1145.84,22.04
17506,76,1,302.2,21.59
17507,262,2,605.58,6.88
17508,281,1,387.31,17.6
17509,58,8,6083.64,16.71
17510,25,1,308.48,15.42
17511,3,31,91062.38,94.56
17512,29,10,2924.99,27.86
17513,72,1,513.2,85.53
17514,128,1,208.65,5.22
17515,31,4,639.02,7.35
17516,15,5,764.88,5.67
17517,309,1,153.94,13.99
17519,17,6,1844.02,22.49
17520,54,1,546.81,18.23
17521,30,3,723.21,16.07
17522,2,5,1070.71,14.67
17523,11,4,652.74,19.78
17524,361,1,145.0,24.17
17525,360,1,422.7,46.97
17526,5,4,1195.9,62.94
17527,54,4,939.37,19.99
17528,1,8,3628.5,14.34
17530,1,10,2367.12,6.07
17531,190,1,296.7,21.19
17534,54,1,223.36,24.82
17535,280,1,164.4,12.65
17536,177,1,76.5,25.5
17537,30,2,887.67,12.0
17538,26,1,98.42,10.94
17540,25,2,578.9,23.16
17542,270,1,170.75,6.83
17545,43,3,642.32,4.56
17548,234,1,103.3,20.66
17549,24,2,148.86,24.81
17550,197,3,267.16,6.36
17551,359,1,290.34,7.44
17552,60,4,930.41,18.99
17553,130,1,1487.6,743.8
17554,1,5,1952.45,22.19
17555,20,2,480.31,4.57
17556,206,1,157.9,26.32
17557,14,3,541.46,15.93
17560,95,4,854.95,32.88
17561,19,1,165.12,3.67
17562,14,7,1122.38,17.82
17564,24,3,454.01,9.27
17566,8,2,869.77,6.13
17567,7,8,4331.48,26.25
17569,332,1,344.14,11.87
17571,50,4,1425.67,5.26
17572,71,4,226.75,18.9
17573,29,3,380.6,15.22
17574,243,1,185.65,23.21
17576,8,19,3564.83,8.87
17578,218,1,143.46,28.69
17579,5,3,448.9,8.98
17580,253,3,215.72,4.79
17581,1,25,11025.24,25.11
17582,236,1,175.27,6.04
17584,7,2,1242.3,35.49
17585,109,4,1116.68,5.37
17588,100,3,1240.2,53.92
17589,60,4,2404.17,9.5
17590,2,3,1468.02,7.49
17591,73,7,2203.67,14.04
17593,4,5,3923.86,18.51
17594,85,2,993.18,19.86
17595,12,2,386.69,4.72
17596,23,7,2806.69,10.59
17597,214,1,2044.37,37.17
17600,18,1,161.67,12.44
17601,239,1,116.01,12.89
17602,2,6,5054.42,9.17
17603,78,1,394.72,35.88
17604,217,2,309.36,4.91
17608,33,2,191.99,3.43
17609,41,5,1105.78,4.75
17611,7,15,3961.12,6.99
17612,53,6,2048.45,15.17
17613,23,14,4544.55,14.85
17614,57,1,386.32,3.94
17615,130,3,329.6,23.54
17616,174,3,571.2,190.4
17618,6,3,930.28,13.88
17619,312,1,214.37,2.9
17620,60,1,81.44,20.36
17621,21,3,1379.9,53.07
17623,33,1,527.05,15.97
17624,15,2,843.48,16.87
17625,18,4,2020.4,6.6
17628,81,1,75.75,15.15
17629,6,8,1814.12,14.75
17630,170,2,503.6,19.37
17631,2,3,528.33,13.55
17633,31,4,1324.84,18.93
17634,36,9,2358.59,7.97
17636,19,1,285.56,14.28
17637,31,2,547.06,15.63
17639,276,1,108.5,15.5
17640,87,1,621.66,124.33
17642,120,2,712.29,17.81
17643,373,1,101.55,12.69
17644,1,11,2895.64,18.44
17646,219,3,1008.39,19.77
17647,65,1,133.06,19.01
17648,61,4,1797.5,19.75
17649,138,1,868.49,16.7
17650,21,1,166.08,20.76
17651,12,10,3945.0,17.0
17652,25,12,4867.72,18.79
17653,37,4,1207.56,27.44
17654,277,1,117.55,5.34
17655,11,7,2638.94,29.0
17656,73,5,1674.69,20.42
17658,26,2,595.42,31.34
17659,17,12,2999.46,18.98
17660,141,1,178.75,4.7
17663,26,7,1802.91,20.96
17664,19,2,604.64,14.06
17666,4,2,728.16,40.45
17667,66,5,2055.51,17.72
17668,1,2,347.75,23.18
17669,43,7,3406.72,50.1
17670,228,1,205.7,18.7
17671,16,4,1572.71,29.67
17672,50,2,3178.17,28.89
17673,2,6,1594.97,7.32
17674,74,2,551.04,20.41
17675,1,31,20374.28,28.9
17676,4,6,1371.18,17.81
17677,2,30,16345.38,53.95
17678,264,1,298.11,18.63
17679,53,2,1992.11,66.4
17680,24,1,184.4,16.76
17682,10,6,2474.33,20.97
17684,44,1,239.41,15.96
17685,17,7,3155.83,24.85
17686,7,7,5739.46,20.07
17690,30,15,4726.8,18.76
17691,358,2,290.4,15.28
17692,127,4,740.94,16.11
17693,137,1,200.47,12.53
17694,142,1,283.12,18.87
17695,132,2,765.34,21.87
17696,38,8,2285.71,19.88
17697,236,1,338.95,17.84
17698,261,1,154.95,19.37
17700,17,4,2534.64,17.85
17701,253,1,417.95,17.41
17702,30,4,1824.37,24.65
17703,35,3,798.74,14.52
17704,169,2,885.19,28.55
17705,3,9,1823.52,17.7
17706,4,17,10504.49,27.5
17707,185,2,152.4,30.48
17708,188,2,263.33,7.74
17709,170,1,137.45,19.64
17711,11,2,385.1,16.74
17712,45,1,522.91,18.03
17714,321,1,153.0,15.3
17715,201,1,326.4,326.4
17716,23,11,5655.99,23.09
17718,232,1,139.35,23.22
17719,38,15,5396.04,19.69
17720,26,4,1195.94,23.92
17722,96,4,2424.04,21.08
17723,127,6,3276.4,327.64
17724,71,3,1033.0,25.82
17725,16,11,3439.08,17.91
17727,15,1,1060.25,16.06
17728,4,3,2876.01,17.43
17730,3,13,5298.48,24.3
17731,79,4,1240.11,18.51
17732,373,1,303.97,16.89
17733,39,2,692.19,19.78
17734,54,3,700.63,16.29
17735,2,19,13110.02,19.0
17736,9,3,377.44,15.1
17737,9,2,168.24,16.82
17738,19,4,1879.05,19.37
17739,12,7,2791.35,59.39
17742,113,2,355.11,23.67
17744,4,6,2322.4,17.08
17746,240,1,110.25,18.38
17747,113,1,71.4,71.4
17749,178,2,674.52,19.27
17750,5,9,1710.45,9.3
17752,359,1,80.64,80.64
17754,1,5,1664.65,18.7
17757,1,30,5593.39,7.56
17758,19,8,3408.2,8.44
17759,17,3,819.96,9.11
17760,22,2,287.59,11.5
17761,33,1,712.78,37.51
17763,263,1,15.0,15.0
17764,51,2,772.55,10.88
17765,159,3,367.63,6.56
17767,15,1,271.2,12.91
17768,8,3,2081.9,21.24
17769,13,10,3957.43,13.02
17770,199,5,1143.27,30.09
17771,57,2,245.81,4.55
17772,11,2,173.45,3.47
17774,97,4,1213.73,7.93
17775,255,1,56.4,18.8
17777,25,3,647.56,3.41
17779,21,3,650.32,8.03
17781,159,2,188.02,15.67
17783,72,2,283.47,4.23
17785,53,1,131.94,10.15
17786,85,2,266.85,3.92
17787,153,4,1817.54,14.2
17788,74,2,1117.9,223.58
17789,281,1,225.9,16.14
17790,27,14,1964.3,10.39
17791,30,1,106.1,10.61
17793,25,1,300.34,5.78
17795,180,2,342.83,7.62
17796,40,4,690.0,8.52
17797,22,3,780.43,7.03
17799,22,10,3039.17,7.52
17800,37,9,1187.21,11.53
17802,82,3,1285.04,9.18
17805,74,1,512.31,51.23
17806,11,1,546.04,12.7
17809,16,12,5411.91,88.72
17811,4,39,7761.82,9.37
17812,13,4,699.81,5.26
17813,14,5,1698.07,4.88
17816,37,4,36.56,2.15
17817,4,3,387.68,11.75
17819,72,7,3704.87,77.18
17824,51,1,298.4,22.95
17827,5,5,1987.33,9.24
17828,23,4,1820.09,27.17
17829,299,1,889.24,29.64
17830,2,3,398.7,17.33
17831,33,1,35.4,17.7
17832,50,1,155.37,2.55
17835,3,3,342.24,5.8
17836,47,1,110.21,4.59
17837,42,8,1541.23,9.51
17838,27,5,2720.8,23.25
17839,42,1,318.15,6.12
17841,2,124,40519.84,5.28
17843,303,1,205.48,5.55
17844,107,1,51.56,10.31
17846,85,1,2033.1,2033.1
17848,81,9,901.2,17.67
17849,218,4,605.8,23.3
17850,372,34,5391.21,18.15
17852,12,2,114.34,4.76
17854,185,2,311.26,20.75
17855,373,1,208.97,12.29
17856,2,4,1418.03,94.54
17857,4,23,26879.04,497.76
17858,6,12,5140.66,26.09
17859,305,1,141.92,6.17
17860,369,1,226.45,4.35
17861,3,8,2097.88,9.58
17862,324,1,330.9,30.08
17863,59,6,3160.0,21.35
17864,13,3,554.85,6.16
17865,31,20,10526.32,28.45
17866,143,1,329.65,36.63
17867,30,6,1157.87,17.03
17869,107,5,428.18,10.7
17870,2,12,1865.89,6.91
17871,205,1,155.9,15.59
17873,80,5,1848.96,43.0
17874,185,6,683.46,14.86
17877,170,1,237.61,19.8
17878,44,1,379.45,14.59
17879,174,1,178.52,29.75
17880,365,1,458.92,17.65
17881,304,1,133.35,16.67
17883,3,4,664.34,4.68
17884,4,4,695.07,6.15
17885,12,1,156.34,2.95
17886,32,3,869.28,8.52
17887,129,1,111.35,11.14
17888,21,8,716.0,11.02
17889,212,2,201.37,10.07
17890,323,2,586.89,6.45
17891,162,1,203.86,6.0
17892,56,3,244.1,8.72
17893,225,1,107.21,7.15
17894,72,8,1118.96,5.83
17895,44,1,95.45,6.36
17896,23,1,256.32,128.16
17897,173,3,541.81,5.02
17898,85,2,152.06,5.43
17899,159,1,154.55,4.99
17900,190,2,112.2,18.7
17901,29,1,110.38,5.81
17904,21,1,181.07,5.33
17905,71,4,798.99,24.21
17906,247,1,72.9,6.08
17908,374,1,232.03,4.3
17911,9,1,366.23,9.39
17912,310,5,310.06,8.38
17913,59,2,408.65,7.05
17914,4,1,329.36,4.39
17917,45,3,335.03,3.64
17919,88,1,1304.04,56.7
17920,4,17,4119.5,6.19
17921,64,4,820.23,5.78
17923,282,1,207.5,207.5
17924,12,7,2962.5,95.56
17925,373,1,244.08,244.08
17926,133,2,397.29,18.92
17928,45,2,212.54,9.24
17929,11,4,843.0,168.6
17930,36,5,1740.48,44.63
17931,134,2,408.36,6.28
17932,29,3,1331.57,14.8
17934,52,2,704.25,33.54
17935,138,2,145.79,5.03
17936,5,1,380.13,5.28
17937,9,7,4301.22,100.03
17939,160,1,99.14,8.26
17940,49,10,4020.04,223.34
17941,131,1,304.56,152.28
17942,8,1,77.5,38.75
17946,233,2,149.58,7.48
17947,37,1,176.68,19.63
17948,147,1,358.56,358.56
17949,1,45,58510.48,835.86
17950,72,3,482.2,6.79
17951,40,3,1008.54,50.43
17954,5,12,2314.13,4.85
17955,199,4,557.3,29.33
17956,249,1,12.75,12.75
17957,66,1,111.68,3.6
17958,117,1,508.46,72.64
17960,171,1,73.78,2.84
17961,21,39,1296.44,5.21
17962,142,1,102.41,3.01
17964,32,2,463.21,4.73
17965,38,14,2599.19,8.0
17966,38,5,1098.43,16.15
17967,372,1,112.27,2.67
17968,374,1,265.1,3.27
17969,166,2,228.2,16.3
17970,211,1,562.79,19.41
17972,242,1,135.19,4.51
17973,52,1,337.04,22.47
17974,25,3,703.99,4.27
17975,15,13,4483.26,15.3
17976,372,1,321.79,5.65
17977,29,1,288.14,13.72
17978,365,1,300.92,25.08
17979,36,4,732.41,5.31
17980,166,3,811.45,27.05
17984,145,1,152.68,3.18
17985,22,1,631.35,30.06
17986,56,1,20.8,20.8
17987,185,1,198.57,15.27
17988,12,7,201.12,5.29
17990,237,3,630.84,21.75
17991,225,2,93.35,18.67
17994,122,4,674.89,8.54
17995,282,1,76.1,38.05
17997,74,8,1962.46,11.97
17999,37,2,380.39,4.18
18001,12,2,415.13,7.28
18004,362,1,157.92,4.27
18005,4,2,226.47,4.27
18006,23,1,444.68,20.21
18008,70,9,2116.19,70.54
18009,235,1,247.39,7.98
18010,257,1,174.8,12.49
18011,373,1,102.79,3.67
18013,155,2,187.29,6.04
18014,28,1,162.22,5.41
18015,4,1,120.03,2.61
18016,32,5,1477.66,12.11
18017,81,3,523.0,174.33
18018,108,2,122.14,4.21
18019,52,1,38.45,7.69
18022,36,1,612.72,3.74
18024,153,2,389.78,18.56
18027,99,1,115.31,5.49
18030,4,2,230.65,25.63
18032,334,1,73.5,14.7
18033,65,1,93.82,2.84
18034,22,2,418.68,3.81
18035,36,3,713.89,14.57
18036,32,3,403.12,4.29
18037,154,6,70.02,3.69
18040,19,2,357.2,18.8
18041,12,21,4097.37,8.95
18042,54,1,165.05,23.58
18043,25,3,529.29,4.6
18044,4,10,2088.6,16.45
18045,45,1,178.34,4.15
18048,203,2,172.29,24.61
18050,359,1,74.4,14.88
18053,71,1,300.02,15.0
18055,7,10,6761.34,18.89
18056,288,1,363.65,19.14
18058,10,1,170.16,56.72
18059,23,3,306.46,17.03
18061,22,10,2119.41,46.07
18062,173,3,720.52,26.69
18064,133,2,814.0,116.29
18065,6,14,2392.83,17.47
18066,75,1,318.0,31.8
18067,40,1,396.33,10.71
18068,289,1,101.7,101.7
18069,26,5,2009.24,4.4
18071,258,2,453.0,18.12
18072,186,1,247.44,13.75
18073,114,12,3859.82,53.61
18074,374,1,489.6,37.66
18075,23,10,2611.75,18.39
18077,8,11,2584.41,11.59
18078,217,2,336.13,11.59
18079,45,4,3613.15,29.38
18080,19,2,1231.5,615.75
18081,36,3,343.45,20.2
18082,26,1,680.84,9.73
18084,16,1,90.48,90.48
18085,330,2,689.95,23.79
18086,274,1,101.34,14.48
18087,98,2,4055.72,2027.86
18088,61,1,166.03,4.49
18092,2,11,9068.26,101.89
18093,93,4,2106.52,58.51
18094,82,7,3017.3,43.1
18095,313,2,580.05,27.62
18096,12,3,849.06,4.33
18097,8,6,2662.4,25.12
18099,127,1,168.31,8.86
18101,11,2,222.4,5.56
18102,1,60,259657.3,602.45
18104,37,1,754.64,19.86
18105,38,1,113.48,6.3
18106,330,1,421.9,11.4
18108,254,1,271.0,15.94
18109,2,26,8004.92,18.15
18110,20,1,198.8,5.37
18112,12,2,352.69,13.56
18113,369,1,76.32,76.32
18114,290,1,220.1,7.86
18116,68,8,1403.11,3.78
18117,26,1,315.65,4.38
18118,11,26,5625.08,4.45
18119,368,1,180.7,6.23
18120,214,1,111.15,6.54
18121,149,2,653.3,21.07
18122,8,6,1793.06,5.02
18123,24,2,574.44,16.9
18125,30,4,1131.75,5.89
18126,61,1,200.92,3.86
18127,19,3,347.08,7.55
18129,243,1,112.55,8.04
18130,15,3,1059.39,15.13
18133,212,1,931.5,931.5
18135,29,5,681.91,34.1
18136,63,3,784.33,20.64
18138,295,1,152.65,19.08
18139,18,6,8438.34,53.07
18142,157,2,1019.52,67.97
18143,117,2,1000.16,16.4
18144,8,12,2888.75,67.18
18145,13,4,2861.55,12.95
18146,141,2,160.35,16.04
18147,46,2,179.34,25.62
18149,51,3,612.08,38.26
18150,32,3,566.58,15.31
18151,135,2,653.35,17.19
18154,3,2,399.19,19.01
18155,75,3,371.62,14.86
18156,13,2,675.64,5.54
18158,9,2,453.4,13.34
18159,301,1,530.15,23.05
18160,57,2,638.06,16.36
18161,15,5,1618.69,20.23
18164,37,1,399.65,16.65
18165,177,1,302.46,30.25
18167,23,3,1384.86,37.43
18168,176,6,1160.04,8.92
18169,61,1,202.65,22.52
18170,33,3,980.31,25.8
18171,59,5,1231.31,22.8
18172,15,20,7561.68,40.01
18173,87,4,2106.84,67.96
18174,7,1,104.0,104.0
18176,358,1,476.35,15.88
18177,31,6,1340.87,18.37
18178,129,4,1590.81,16.4
18179,9,6,1793.17,19.92
18180,5,6,1843.75,15.49
18181,24,1,366.85,8.95
18183,227,2,632.07,17.08
18184,15,1,49.8,49.8
18185,249,1,304.25,17.9
18188,15,3,2001.04,28.18
18189,78,2,1090.24,16.03
18190,192,2,284.46,18.96
18191,262,1,207.8,29.69
18192,72,1,957.97,21.29
18193,165,1,243.76,15.24
18194,82,1,973.84,139.12
18196,95,2,686.63,4.94
18198,4,17,5425.56,34.12
18200,106,1,150.35,5.01
18202,200,3,1396.99,20.54
18203,157,1,160.42,8.44
18204,71,3,1975.35,10.29
18205,36,2,517.36,16.17
18209,29,1,139.1,17.39
18210,2,6,2621.38,19.56
18211,26,5,600.07,14.29
18212,326,1,216.07,6.36
18213,237,1,232.48,15.5
18215,89,1,299.34,23.03
18216,31,1,481.75,18.53
18217,29,2,621.75,20.06
18218,211,2,641.92,32.1
18219,3,10,2069.77,18.16
18220,227,1,305.28,152.64
18221,22,5,1041.61,16.28
18222,93,1,443.0,23.32
18223,5,14,6484.54,23.84
18224,264,1,158.95,15.9
18225,3,12,5504.96,20.46
18226,44,11,5228.05,21.6
18227,218,1,93.75,18.75
18228,57,2,779.9,26.0
18229,12,20,7276.9,44.37
18230,9,7,2810.2,32.68
18231,192,5,2071.77,16.84
18232,82,4,592.97,16.03
18233,326,1,440.0,440.0
18235,72,3,1796.48,17.27
18236,30,6,882.24,18.0
18237,3,5,987.1,16.18
18239,219,5,1561.61,17.75
18240,46,1,422.58,70.43
18241,10,17,2073.09,19.93
18242,72,4,2232.49,28.62
18245,7,7,2567.06,14.67
18246,24,2,596.1,149.02
18248,123,2,804.02,17.11
18249,17,1,95.34,11.92
18250,310,1,349.27,16.63
18251,87,1,4314.72,269.67
18252,51,2,518.27,5.51
18255,89,1,103.3,17.22
18257,39,8,2337.63,19.81
18259,25,3,2338.6,55.68
18260,173,6,2628.35,19.76
18261,43,2,324.24,15.44
18262,140,1,149.48,11.5
18263,26,3,1213.16,19.89
18265,72,2,801.51,17.42
18268,134,1,25.5,25.5
18269,366,1,168.6,24.09
18270,38,2,283.15,25.74
18272,3,6,3078.58,18.55
18273,2,3,204.0,68.0
18274,30,1,175.92,15.99
18276,44,1,335.86,23.99
18277,58,1,110.38,13.8
18278,74,1,173.9,19.32
18280,278,1,180.6,18.06
18281,181,1,80.82,11.55
18282,8,2,178.05,14.84
18283,4,16,2045.53,2.84
18287,43,3,1837.28,26.25
