Topic,Sentiment,TweetId,TweetDate,TweetText,sentiment_label,clean_text
apple,positive,126415614616154112,Tue Oct 18 21:53:25 +0000 2011,Now all @Apple has to do is get swype on the iphone and it will be crack. Iphone that is,Positive,get swype iphone crack iphone
apple,positive,126404574230740992,Tue Oct 18 21:09:33 +0000 2011,@Apple will be adding more carrier support to the iPhone 4S (just announced),Positive,adding carrier support iphone announced
apple,positive,126402758403305474,Tue Oct 18 21:02:20 +0000 2011,Hilarious @youtube video - guy does a duet with @apple 's Siri. Pretty much sums up the love affair! http://t.co/8ExbnQjY,Positive,hilarious video guy duet siri pretty much sum love affair
apple,positive,126397179614068736,Tue Oct 18 20:40:10 +0000 2011,@RIM you made it too easy for me to switch to @Apple iPhone. See ya!,Positive,made easy switch iphone see ya
apple,positive,126395626979196928,Tue Oct 18 20:34:00 +0000 2011,I just realized that the reason I got into twitter was ios5 thanks @apple,Positive,realized reason got twitter io thanks
apple,positive,126394830791254016,Tue Oct 18 20:30:50 +0000 2011,"I'm a current @Blackberry user, little bit disappointed with it! Should I move to @Android or @Apple @iphone",Positive,im current user little bit disappointed move
apple,positive,126379685453119488,Tue Oct 18 19:30:39 +0000 2011,The 16 strangest things Siri has said so far. I am SOOO glad that @Apple gave Siri a sense of humor! http://t.co/TWAeUDBp via @HappyPlace,Positive,strangest thing siri said far sooo glad gave siri sense humor via
apple,positive,126377656416612353,Tue Oct 18 19:22:35 +0000 2011,Great up close & personal event @Apple tonight in Regent St store!,Positive,great close personal event tonight regent st store
apple,positive,126373779483004928,Tue Oct 18 19:07:11 +0000 2011,From which companies do you experience the best customer service aside from @zappos and @apple?,Positive,company experience best customer service aside
apple,positive,126366353757179904,Tue Oct 18 18:37:41 +0000 2011,"Just apply for a job at @Apple, hope they call me lol",Positive,apply job hope call lol
apple,positive,126366123368267776,Tue Oct 18 18:36:46 +0000 2011,RT @JamaicanIdler: Lmao I think @apple is onto something magical! I am DYING!!! haha. Siri suggested where to find whores and where to h ...,Positive,rt lmao think onto something magical dying haha siri suggested find whore
apple,positive,126365858481188864,Tue Oct 18 18:35:43 +0000 2011,Lmao I think @apple is onto something magical! I am DYING!!! haha. Siri suggested where to find whores and where to hide a body lolol,Positive,lmao think onto something magical dying haha siri suggested find whore hide body lolol
apple,positive,126360935509135362,Tue Oct 18 18:16:09 +0000 2011,"RT @PhillipRowntree: Just registered as an @apple developer... Here's hoping I can actually do it... Any help, greatly appreciated!",Positive,rt registered developer here hoping actually help greatly appreciated
apple,positive,126360398885687296,Tue Oct 18 18:14:01 +0000 2011,Wow. Great deals on refurbed #iPad (first gen) models. RT: Apple offers great deals on refurbished 1st-gen iPads http://t.co/ukWOKBGd @Apple,Positive,wow great deal refurbed ipad first gen model rt apple offer great deal refurbished stgen ipads
apple,positive,126358340220616704,Tue Oct 18 18:05:50 +0000 2011,"Just registered as an @apple developer... Here's hoping I can actually do it... Any help, greatly appreciated!",Positive,registered developer here hoping actually help greatly appreciated
apple,positive,126357982685569024,Tue Oct 18 18:04:25 +0000 2011,你好 ! Currently learning Mandarin for my upcoming trip to Hong Kong. I gotta hand it to @Apple iPhones & their uber useful flashcard apps  ,Positive,currently learning mandarin upcoming trip hong kong gotta hand iphones uber useful flashcard apps
apple,positive,126352268705538048,Tue Oct 18 17:41:43 +0000 2011,"Come to the dark side 📱“@gretcheneclark: Hey @apple, if you send me a free iPhone, I will publicly and ceremoniously burn my #BlackBerry.”",Positive,come dark side hey send free iphone publicly ceremoniously burn blackberry
apple,positive,126350302113824769,Tue Oct 18 17:33:54 +0000 2011,"Hey @apple, if you send me a free iPhone (any version will do), I will publicly and ceremoniously burn my #BlackBerry.",Positive,hey send free iphone version publicly ceremoniously burn blackberry
apple,positive,126349695676203009,Tue Oct 18 17:31:29 +0000 2011,Thank you @apple for Find My Mac - just located and wiped my stolen Air. #smallvictory #thievingbastards,Positive,thank find mac located wiped stolen air smallvictory thievingbastards
apple,positive,126342268603998208,Tue Oct 18 17:01:58 +0000 2011,"Thanks to @Apple Covent Garden #GeniusBar for replacing my MacBook keyboard/cracked wristpad during my lunch break today, out of warranty.",Positive,thanks covent garden geniusbar replacing macbook keyboardcracked wristpad lunch break today warranty
apple,positive,126325800080392193,Tue Oct 18 15:56:32 +0000 2011,@DailyDealChat @apple Thanks!!,Positive,thanks
apple,positive,126324177501302784,Tue Oct 18 15:50:05 +0000 2011,iPads Replace Bound Playbooks on Some N.F.L. Teams http://t.co/2UXAWKwf @apple @nytimes,Positive,ipads replace bound playbook nfl team
apple,positive,126323785145126912,Tue Oct 18 15:48:32 +0000 2011,@apple..good ipad,Positive,good ipad
apple,positive,126322063332999169,Tue Oct 18 15:41:41 +0000 2011,@apple @siri is efffing amazing!!,Positive,efffing amazing
apple,positive,126319186141130752,Tue Oct 18 15:30:15 +0000 2011,Amazing new @Apple iOs 5 feature.  http://t.co/jatFVfpM,Positive,amazing new io feature
apple,positive,126318009647235072,Tue Oct 18 15:25:35 +0000 2011,"RT @TripLingo: We're one of a few ""Featured Education Apps"" on the @Apple **Website** today, sweet! http://t.co/0yWvbe1Z",Positive,rt one featured education apps website today sweet
apple,positive,126315223060709376,Tue Oct 18 15:14:30 +0000 2011,"We're one of a few ""Featured Education Apps"" on the @Apple **Website** today, sweet! http://t.co/0yWvbe1Z",Positive,one featured education apps website today sweet
apple,positive,126315011600678913,Tue Oct 18 15:13:40 +0000 2011,"When you want something done right, you do it yourself... or go to @Apple. AT&T you're useless these days. #yourdaysarenumbered

",Positive,want something done right go att youre useless day yourdaysarenumbered
apple,positive,126314687116750849,Tue Oct 18 15:12:22 +0000 2011,We did an unexpected workshop for the #iPhone4S at @apple yesterday and we got an awesome amount of info #notjustaboutthephone @gamerchik16,Positive,unexpected workshop iphones yesterday got awesome amount info notjustaboutthephone
apple,positive,126312877916307458,Tue Oct 18 15:05:11 +0000 2011,&lt;3 #ios5 @apple,Positive,lt io
apple,positive,126311981564178432,Tue Oct 18 15:01:37 +0000 2011,---» RT @Apple No question bro. RT @AintEeenTrippin: Should I get dis iPhone or a EVO 3D?,Positive,rt question bro rt get dis iphone evo
apple,positive,126307801046847488,Tue Oct 18 14:45:01 +0000 2011,RT @imightbewrong: I'm OVER people bitching about the #iPhone4S... I think it's the smartest phone I've ever had and I'm very happy.   : ...,Positive,rt im people bitching iphones think smartest phone ive ever im happy
apple,positive,126302673820594176,Tue Oct 18 14:24:38 +0000 2011,I'm OVER people bitching about the #iPhone4S... I think it's the smartest phone I've ever had and I'm very happy.   :)  Way to go @Apple!,Positive,im people bitching iphones think smartest phone ive ever im happy way go
apple,positive,126301956951117826,Tue Oct 18 14:21:47 +0000 2011,@Twitter CEO points to @Apple as 'corporate mentor' as @iOS signups triple http://t.co/GCY8iphN,Positive,ceo point corporate mentor signups triple
apple,positive,126287654093471745,Tue Oct 18 13:24:57 +0000 2011,At the bus with my iPhone ;) thxx @apple,Positive,bus iphone thxx
apple,positive,126284506360578049,Tue Oct 18 13:12:27 +0000 2011,"@azee1v1 @apple @umber AppStore is well done, so is iTunes on the mobile devices.  I was talking about desktop app.",Positive,appstore well done itunes mobile device talking desktop app
apple,positive,126263834968211456,Tue Oct 18 11:50:18 +0000 2011,NYTimes: Coach Wants to See You. And Bring Your iPad. http://t.co/J2FTiEnG #iPad @apple set red 42 red 42 hut hut @NFL wish I had an #iPad,Positive,nytimes coach want see bring ipad ipad set red red hut hut wish ipad
apple,positive,126256230397259776,Tue Oct 18 11:20:05 +0000 2011,@apple @jilive @DanielPink: Apple sells 4 million iPhone 4S units in first weekend ... Steve Jobs brilliance lives on for ever! #iphone #RVA,Positive,apple sell million iphone unit first weekend steve job brilliance life ever iphone rva
apple,positive,126213333123743744,Tue Oct 18 08:29:38 +0000 2011,@blackberry is like the #Titanic and it seems everyone is running for the @apple #iPhone life rafts and there won't be enough for everyone!,Positive,like titanic seems everyone running iphone life raft wont enough everyone
apple,positive,126195522691280896,Tue Oct 18 07:18:51 +0000 2011,@bkad5161 than apologize to @apple ;),Positive,apologize
apple,positive,126183339945234432,Tue Oct 18 06:30:27 +0000 2011,@Apple downloads of iOS 5 are proving popular with users  -- http://t.co/NSHLfiUX,Positive,downloads io proving popular user
apple,positive,126180209501286400,Tue Oct 18 06:18:01 +0000 2011,"Lmfao look at the argument I had with Siri !!
@ijustine @apple http://t.co/D4VjL7SI",Positive,lmfao look argument siri
apple,positive,126164430546403328,Tue Oct 18 05:15:18 +0000 2011,Incredible: 4 million iPhone 4Ss in 3 days. 135% better than the iPhone 4 http://t.co/1FMJxTMM @apple #iphone4s,Positive,incredible million iphone s day better iphone iphones
apple,positive,126148685737361408,Tue Oct 18 04:12:45 +0000 2011,Save me from #HP's unwanted OS! Help me buy an #iPhone! I have seen the light! #lol http://t.co/8gUP9Acz #backchannel @apple,Positive,save hp unwanted o help buy iphone seen light lol backchannel
apple,positive,126140794078892033,Tue Oct 18 03:41:23 +0000 2011,Well @apple fixed my #ios5 battery drain problem with a replacement iPhone 4 -- it's working like a champ now,Positive,well fixed io battery drain problem replacement iphone working like champ
apple,positive,126134400466419712,Tue Oct 18 03:15:59 +0000 2011,Currently ordering a BRAND NEW MACBOOK PRO!!! Bahhh... my MacBook is 5 years old. I'll miss it. But it's time. cc: @Apple -,Positive,currently ordering brand new macbook pro bahhh macbook year old ill miss time cc
apple,positive,126130991365500928,Tue Oct 18 03:02:26 +0000 2011,you are so blessed. @apple,Positive,blessed
apple,positive,126116898051076096,Tue Oct 18 02:06:26 +0000 2011,"#Siri now knows who my dad, mom, brother and girlfriend is.  Thanks @apple",Positive,siri know dad mom brother girlfriend thanks
apple,positive,126116614495154176,Tue Oct 18 02:05:18 +0000 2011,Well at least the @apple store has amazing call waiting music! #need4s,Positive,well least store amazing call waiting music need
apple,positive,126112836219973632,Tue Oct 18 01:50:17 +0000 2011,#sweet... #apple replaced my glass #probono. thank you @apple,Positive,sweet apple replaced glass probono thank
apple,positive,126107965991297024,Tue Oct 18 01:30:56 +0000 2011,Not Bad! @Apple Sells Over 4 Million #IPhones in Debut Weekend - Bloomberg http://t.co/AVSl3ygU - #smartphone #sm RT @VinodRad,Positive,bad sell million iphones debut weekend bloomberg smartphone sm rt
apple,positive,126104732426186752,Tue Oct 18 01:18:05 +0000 2011,"loving new technology from @apple iPhone 4s, mac air and iCloud are unreal #technology",Positive,loving new technology iphone mac air icloud unreal technology
apple,positive,126097426493878272,Tue Oct 18 00:49:03 +0000 2011,I'm loving this new IOS5 update :) @apple,Positive,im loving new io update
apple,positive,126095744531832832,Tue Oct 18 00:42:22 +0000 2011,Another mention for Apple Store: http://t.co/fiIOApKt - RT @floridamike Once again getting great customer service from the @apple store ...,Positive,another mention apple store rt getting great customer service store
apple,positive,126084907343691776,Mon Oct 17 23:59:19 +0000 2011,Time to go get my iPhone 4s.  Looking forward to sticking it to the man by no longer paying for most texts.  Thanks @apple.,Positive,time go get iphone looking forward sticking man longer paying text thanks
apple,positive,126079414986485761,Mon Oct 17 23:37:29 +0000 2011,hey @apple I hate my computer i need a #mack wanna send me a free one.,Positive,hey hate computer need mack wanna send free one
apple,positive,126076743613284354,Mon Oct 17 23:26:52 +0000 2011,Thank you @apple. My new gf(iphone4s) is great!  She does everything!,Positive,thank new gfiphones great everything
apple,positive,126076238375817216,Mon Oct 17 23:24:52 +0000 2011,#iCloud set up was flawless and works like a champ! To the Cloud @Apple,Positive,icloud set flawless work like champ cloud
apple,positive,126075534894571520,Mon Oct 17 23:22:04 +0000 2011,@Wisconsin_Mommy @Apple I'd totally email the company... I always get great service at our @Apple store!,Positive,id totally email company always get great service store
apple,positive,126064519943426048,Mon Oct 17 22:38:18 +0000 2011,@apple loving the new IOS5 upgrade for the iPhone!,Positive,loving new io upgrade iphone
apple,positive,126063569660936193,Mon Oct 17 22:34:31 +0000 2011,The nice @apple tech support guy fixed my iTouch =D,Positive,nice tech support guy fixed itouch
apple,positive,126063358037340161,Mon Oct 17 22:33:41 +0000 2011,Once again getting great customer service from the @apple store at millenia mall.,Positive,getting great customer service store millenia mall
apple,positive,126059405941809152,Mon Oct 17 22:17:59 +0000 2011,Is it just me or is #iOS5 faster for the iPad? @apple,Positive,io faster ipad
apple,positive,126059399319003136,Mon Oct 17 22:17:57 +0000 2011,I love our @apple imac even though I haven't seen my hubby in 3 days now! #geek,Positive,love imac even though havent seen hubby day geek
apple,positive,126057030996852737,Mon Oct 17 22:08:32 +0000 2011,making the switch from @Android to @Apple #iphone #iphone4S #smartphone #stevejobs (@ Apple Store) http://t.co/kj6pJvkH,Positive,making switch iphone iphones smartphone stevejobs apple store
apple,positive,126049183865114624,Mon Oct 17 21:37:21 +0000 2011,So THANKFUL for the incredible people @apple for going above and beyond and offering to and replacing my  water-damaged Macbook Pro!!! Wow!,Positive,thankful incredible people going beyond offering replacing waterdamaged macbook pro wow
apple,positive,126040352237961217,Mon Oct 17 21:02:16 +0000 2011,New macbook is too sick @apple,Positive,new macbook sick
apple,positive,126040074595999746,Mon Oct 17 21:01:10 +0000 2011,Play on ma man. Loving the camera in the #iphone4s. Well done @apple  #fb http://t.co/tmdFqRe1,Positive,play man loving camera iphones well done fb
apple,positive,126034495991328768,Mon Oct 17 20:39:00 +0000 2011,So yeah... @apple #iOS5 #readinglists have changed my life. #nowicanspendevenmoretimeonmyphone.,Positive,yeah io readinglists changed life nowicanspendevenmoretimeonmyphone
apple,positive,126026756623831041,Mon Oct 17 20:08:14 +0000 2011,@Apple Safari Reader owns the worldwide web,Positive,safari reader owns worldwide web
apple,positive,126019393460244481,Mon Oct 17 19:38:59 +0000 2011,I love @apple service . My case has cracked 3x and I go in and they hand me a case and I walk out,Positive,love service case cracked go hand case walk
apple,positive,126015087386431488,Mon Oct 17 19:21:52 +0000 2011,"#10twitterpeopleiwouldliketomeet 
@coollike @TheGadgetShow  @thelittleappkid @Jon4Lakers @BenRubery @Apple @twitter @FXhomeHitFilm  (-2)",Positive,twitterpeopleiwouldliketomeet
apple,positive,126009748020658177,Mon Oct 17 19:00:39 +0000 2011,Said to have laid out the next 4 years @apple.Jobs last iPhone is 2012 not the iPhone4S. iPhone(4G/5) 2012 is magical! http://t.co/DxxklUBp,Positive,said laid next year job last iphone iphones iphoneg magical
apple,positive,126008369562652672,Mon Oct 17 18:55:11 +0000 2011,"Kind of excited. On my way to my last class right now and then going to the @Apple store, so buy #MacOSC Snow Leopard and Lion :-)",Positive,kind excited way last class right going store buy macosc snow leopard lion
apple,positive,126002597063696384,Mon Oct 17 18:32:14 +0000 2011,i used to be with @blackberry over 4-5yrs .. after all the disruptions and lost gigs thx to their service im moving to @apple #iphone,Positive,used yr disruption lost gig thx service im moving iphone
apple,positive,125999676972470272,Mon Oct 17 18:20:38 +0000 2011,"Apple sells 4 million iPhones in 3 days @apple keep doing what you are doing, because you are doing it well! http://t.co/ZZc6bE0w",Positive,apple sell million iphones day keep well
apple,positive,125995158679461888,Mon Oct 17 18:02:41 +0000 2011,Yessss! I'm lovin the iPhone update especially the slide down bar at top of screen =) good job @Apple.,Positive,yessss im lovin iphone update especially slide bar top screen good job
apple,positive,125978568726560768,Mon Oct 17 16:56:46 +0000 2011,"4 millions in a weekend, 16 #iPhone4S per second. This is madness?! no, this is @Apple !!!",Positive,million weekend iphones per second madness
apple,positive,125974505385500672,Mon Oct 17 16:40:37 +0000 2011,.@apple you got me. I'm now invested. MacBook Pro next year. Time to get on selling more of my #android gear,Positive,got im invested macbook pro next year time get selling android gear
apple,positive,125960325437722624,Mon Oct 17 15:44:16 +0000 2011,@iancollinsuk @apple I like what you did there...!,Positive,like
apple,positive,125959059957485569,Mon Oct 17 15:39:14 +0000 2011,I just sent my grandma a post card using my #CardsApp thanks @Apple,Positive,sent grandma post card using cardsapp thanks
apple,positive,125947912306954240,Mon Oct 17 14:54:56 +0000 2011,"@KostaTsetsekas @apple Putting it in the wash is kind of the equivalent to ""Will it blend?"" Glad to hear it's still alive.",Positive,putting wash kind equivalent blend glad hear still alive
apple,positive,125947232359948288,Mon Oct 17 14:52:14 +0000 2011,Laundering Ari's iPhone not my finest moment. But after drying in bag of (organic :-) rice for 4 days it booted up!!!!!!!!!!! @apple,Positive,laundering aris iphone finest moment drying bag organic rice day booted
apple,positive,125943290288803841,Mon Oct 17 14:36:34 +0000 2011,"Bravo, @Apple! http://t.co/BgoTzj7K",Positive,bravo
apple,positive,125940394566483968,Mon Oct 17 14:25:04 +0000 2011,"God Bless @YouTube, @apple for  #appletv & our bad ass system. LOVING #PrincessOfChina. GB to @coldplay & @rihanna too :)",Positive,god bless appletv bad as system loving princessofchina gb
apple,positive,125925618486489088,Mon Oct 17 13:26:21 +0000 2011,Been off twitter for a few days as I smashed my iPhone but @apple were very nice and gave me a new one :),Positive,twitter day smashed iphone nice gave new one
apple,positive,125924446430183425,Mon Oct 17 13:21:42 +0000 2011,Thank you @Apple iOS 5 for email pop up on the lock screen and opening it when unlocking.,Positive,thank io email pop lock screen opening unlocking
apple,positive,125922999651139584,Mon Oct 17 13:15:57 +0000 2011,One word - #wow. RT @jldavid iPhone 4S First Weekend Sales Top Four Million: http://t.co/Zx5Pw0GT (via @apple),Positive,one word wow rt iphone first weekend sale top four million via
apple,positive,125909565031198720,Mon Oct 17 12:22:34 +0000 2011,This good here iPhone will do me VERY well today. Thanks to the gods that are @apple.,Positive,good iphone well today thanks god
apple,positive,125902301931126785,Mon Oct 17 11:53:42 +0000 2011,RT @MN2NOVA: Love ios5 Easter eggs. Pull down from middle top to bottom and see what pulls down. Awesome little feature! #ios5 @apple,Positive,rt love io easter egg pull middle top bottom see pull awesome little feature io
apple,positive,125901202591461376,Mon Oct 17 11:49:20 +0000 2011,Love ios5 Easter eggs. Pull down from middle top to bottom and see what pulls down. Awesome little feature! #ios5 @apple,Positive,love io easter egg pull middle top bottom see pull awesome little feature io
apple,positive,125900497327636480,Mon Oct 17 11:46:32 +0000 2011,Love #ios5 Easter eggs. Pull down from middle top to bottom and see what pulls down. Awesome little feature! @apple #lovemyiphone,Positive,love io easter egg pull middle top bottom see pull awesome little feature lovemyiphone
apple,positive,125898611572740097,Mon Oct 17 11:39:02 +0000 2011,Updated my iOS and started using cloud services. Pretty bad ass @apple my #iPhone 3GS still the champ.,Positive,updated io started using cloud service pretty bad as iphone g still champ
apple,positive,125850288488841217,Mon Oct 17 08:27:01 +0000 2011,"Gone for a run, beautiful morning , man do I love iOS 5 @apple, #iPhone",Positive,gone run beautiful morning man love io iphone
apple,positive,125840039031738368,Mon Oct 17 07:46:17 +0000 2011,@apple your simply the best.,Positive,simply best
apple,positive,125794931439702016,Mon Oct 17 04:47:03 +0000 2011,I must admit @apple has made me a very happy camper! I have text tones now! Lol! Ring tone: #MakeMeProud Drakes vers! Text tone: Nicki's,Positive,must admit made happy camper text tone lol ring tone makemeproud drake vers text tone nickis
apple,positive,125728717942161408,Mon Oct 17 00:23:56 +0000 2011,"Day305, I'm thankful for the great customer service received today from @Apple via phone CS, new phone on the way #365daysofgratefulness",Positive,day im thankful great customer service received today via phone c new phone way daysofgratefulness
apple,positive,125727629012770816,Mon Oct 17 00:19:37 +0000 2011,S/O to @apple for replacing my phone for free,Positive,replacing phone free
apple,positive,125722746100531200,Mon Oct 17 00:00:13 +0000 2011,Loving the new iPod update @apple,Positive,loving new ipod update
apple,positive,125717622728818688,Sun Oct 16 23:39:51 +0000 2011,@alexlindsay My wife upgraded her iPhone 4. I think Siri alone is worth the upgrade. Looking forward to @Apple continuing to enhance Siri.,Positive,wife upgraded iphone think siri alone worth upgrade looking forward continuing enhance siri
apple,positive,125714253452812288,Sun Oct 16 23:26:28 +0000 2011,RT @tomkeene Thx @instagram Thx @apple #hypo #D-76 #tri-x http://t.co/BPPJwncp,Positive,rt thx thx hypo trix
apple,positive,125713935344214016,Sun Oct 16 23:25:12 +0000 2011,@SteveJobs being honored tonite @Apple...A truly great loss to the world.He will so be missed,Positive,honored tonite truly great loss worldhe missed
apple,positive,125712433087123456,Sun Oct 16 23:19:14 +0000 2011,Thx @instagram Thx @apple #hypo #D-76 #tri-x http://t.co/D7EeJHBT,Positive,thx thx hypo trix
apple,positive,125708639607599104,Sun Oct 16 23:04:09 +0000 2011,Loving my new #iPhone4S thanks @apple for #ios5,Positive,loving new iphones thanks io
apple,positive,125706813583798274,Sun Oct 16 22:56:54 +0000 2011,i love this. so much. thank you @apple.  http://t.co/Ui8lOEzX,Positive,love much thank
apple,positive,125701161926930433,Sun Oct 16 22:34:27 +0000 2011,@apple the iPhone 4s is great #genius,Positive,iphone great genius
apple,positive,125699573799845888,Sun Oct 16 22:28:08 +0000 2011,@apple Cards app notifies me the card I sent has arrived at local post office and should be delivered today... Sunday. Truly is #magic.,Positive,card app notifies card sent arrived local post office delivered today sunday truly magic
apple,positive,125688922410975232,Sun Oct 16 21:45:48 +0000 2011,Love my new I0S5 @Apple updates. Just when I think it can't get any better somehow it simplifies my life more. That's right-it's an Apple.,Positive,love new update think cant get better somehow simplifies life thats rightits apple
apple,positive,125681742760771584,Sun Oct 16 21:17:17 +0000 2011,@apple Siri is amazing,Positive,siri amazing
apple,positive,125680049478316032,Sun Oct 16 21:10:33 +0000 2011,@rygurl you need an @apple iphone4S with Siri!,Positive,need iphones siri
apple,positive,125677424565424128,Sun Oct 16 21:00:07 +0000 2011,"Meet #Siri, your new iPhone butler. Click the link and be amazed by all it can do: http://t.co/lvfFdCEL @Apple",Positive,meet siri new iphone butler click link amazed
apple,positive,125673004511412224,Sun Oct 16 20:42:33 +0000 2011,"just my man @apple store in @schaumburg, whoops!!!!😁",Positive,man store whoop
apple,positive,125667241978114048,Sun Oct 16 20:19:39 +0000 2011,"So, I am using my work PC (NEVER EVER) to get a feel for it; it has the worst speakers ever!! @apple you have spoiled me!! #imamac",Positive,using work pc never ever get feel worst speaker ever spoiled imamac
apple,positive,125662399217930240,Sun Oct 16 20:00:25 +0000 2011,@apple just got the new iOS5 upgrade with iMessage...good luck surviving now @BlackBerry,Positive,got new io upgrade imessagegood luck surviving
apple,positive,125652668080336896,Sun Oct 16 19:21:45 +0000 2011,Loving #iOS5 !! #awesome @Apple,Positive,loving io awesome
apple,positive,125648027045199873,Sun Oct 16 19:03:18 +0000 2011,"RT @MattyRiesz: @kathrynyee You were right, an iPhone is a must have. #addicted {WELCOME TO THE @APPLE CLUB}",Positive,rt right iphone must addicted welcome club
apple,positive,125645258003464192,Sun Oct 16 18:52:18 +0000 2011,Thank you @apple for your innovations. Exhibit A: Guy playing with Facetime instead of watching game at sports bar. http://t.co/oU7K39ge,Positive,thank innovation exhibit guy playing facetime instead watching game sport bar
apple,positive,125643107260829697,Sun Oct 16 18:43:45 +0000 2011,@blackberry boo hiss!............@apple wuhu!!!!!!!! When will my berry powered technology actually work??,Positive,boo hiss wuhu berry powered technology actually work
apple,positive,125633677597229056,Sun Oct 16 18:06:17 +0000 2011,@apple by far the best iPod and first time iPhone ever.... Good job guys,Positive,far best ipod first time iphone ever good job guy
apple,positive,125633065757310976,Sun Oct 16 18:03:51 +0000 2011,Thank you Steve @apple store 5th av. http://t.co/nSAisriP,Positive,thank steve store th av
apple,positive,125628199269961729,Sun Oct 16 17:44:31 +0000 2011,@Apple's Siri is witchcraft.  What's next @googleresearch. 2 yr lead lost?,Positive,siri witchcraft whats next yr lead lost
apple,positive,125623745284018176,Sun Oct 16 17:26:49 +0000 2011,"@Apple iOS 5 is sweet! Notifications, phone search covers mail now, wifi sync, iCloud backup and integrated Twitter are all well done.",Positive,io sweet notification phone search cover mail wifi sync icloud backup integrated twitter well done
apple,positive,125618466353983488,Sun Oct 16 17:05:50 +0000 2011,RT @katebetts: Another great James Stewart story in today's NY Times about importance of architecture in @apple retail success http://t. ...,Positive,rt another great james stewart story today ny time importance architecture retail success
apple,positive,125610372727193601,Sun Oct 16 16:33:41 +0000 2011,Another great James Stewart story in today's NY Times about importance of architecture in @apple retail success http://t.co/Kniz452s,Positive,another great james stewart story today ny time importance architecture retail success
apple,positive,125608381431025664,Sun Oct 16 16:25:47 +0000 2011,I &lt;3 @apple http://t.co/ondXWpEr,Positive,lt
apple,positive,125596541028282369,Sun Oct 16 15:38:43 +0000 2011,Welcome to the twitter world @MarkStuver. This is due to #iOS5 and @apple thanks guys.,Positive,welcome twitter world due io thanks guy
apple,positive,125585606100267008,Sun Oct 16 14:55:16 +0000 2011,Impressive service @apple genius bar metro centre. Power cable replaced free n booked in for screen replacement for free :- D,Positive,impressive service genius bar metro centre power cable replaced free booked screen replacement free
apple,positive,125562428200202240,Sun Oct 16 13:23:10 +0000 2011,RT @deb_lavoy: the nice guy at the @apple store replaced my phone gratis when I showed him the hairline  crack on the screen. thanks @apple,Positive,rt nice guy store replaced phone gratis showed hairline crack screen thanks
apple,positive,125561950376701952,Sun Oct 16 13:21:16 +0000 2011,the nice guy at the @apple store replaced my phone gratis when I showed him the hairline  crack on the screen. thanks @apple,Positive,nice guy store replaced phone gratis showed hairline crack screen thanks
apple,positive,125550135911518209,Sun Oct 16 12:34:19 +0000 2011,"My iPhone 4S battery lasted longer than a day. That hasn't happened since my edge iPhone. Nice job, @apple.",Positive,iphone battery lasted longer day hasnt happened since edge iphone nice job
apple,positive,125547297072357376,Sun Oct 16 12:23:02 +0000 2011,It would have taken me 15 mins to write this with my #Blackberry. Thank u @Apple 4s for converting me and showing me the grass is greener!,Positive,would taken min write blackberry thank converting showing grass greener
apple,positive,125539788546781185,Sun Oct 16 11:53:12 +0000 2011,RT @herahussain: @RickySinghPT got a new backside for my eye phone! V impressed with @apple,Positive,rt got new backside eye phone impressed
apple,positive,125537993942515712,Sun Oct 16 11:46:04 +0000 2011,@RickySinghPT got a new backside for my eye phone! V impressed with @apple,Positive,got new backside eye phone impressed
apple,positive,125537578974851072,Sun Oct 16 11:44:25 +0000 2011,#iPhone 4S in Space http://t.co/jINNHVwz this is amazing #creative @apple your products inspire people to do unbelievable things,Positive,iphone space amazing creative product inspire people unbelievable thing
apple,positive,125524107386302465,Sun Oct 16 10:50:53 +0000 2011,Thank you @apple for making my iPad 2 feel like new again with your new iOS 5!,Positive,thank making ipad feel like new new io
apple,positive,125523414298533888,Sun Oct 16 10:48:08 +0000 2011,"_ibertaddigital.tv/ iPad a briliant SteveJobs produck ,http://t.co/00ohfLY6
@Apple present... http://t.co/DBbWSDpx",Positive,ibertaddigitaltv ipad briliant stevejobs produck present
apple,positive,125501576952553472,Sun Oct 16 09:21:22 +0000 2011,Using my awsome iPad... I love it. I love my MacBook too and my iPod. It's all amazing! I love @apple,Positive,using awsome ipad love love macbook ipod amazing love
apple,positive,125501281753251840,Sun Oct 16 09:20:11 +0000 2011,@apple iOS 5 upgrade done ...... Much better feature..... Few more feature required,Positive,io upgrade done much better feature feature required
apple,positive,125495491701125120,Sun Oct 16 08:57:11 +0000 2011,New iOS 5 update is THE BEST. iloveyou @apple,Positive,new io update best iloveyou
apple,positive,125459338524499969,Sun Oct 16 06:33:31 +0000 2011,"Finally got my iPhone 4S, thanks @Apple. Stupid @att. Learned my lesson.",Positive,finally got iphone thanks stupid learned lesson
apple,positive,125455260801179648,Sun Oct 16 06:17:19 +0000 2011,"I absolutely love my iPhone 4S. Thank you, Steve and @apple.",Positive,absolutely love iphone thank steve
apple,positive,125423290767507456,Sun Oct 16 04:10:17 +0000 2011,@apple - you have invented a product that actually gets my brother to call my parents when he gets where he's going. Amazing. #siri #ipod4s,Positive,invented product actually get brother call parent get he going amazing siri ipod
apple,positive,125416879035658240,Sun Oct 16 03:44:48 +0000 2011,"dammit, listening to siri is making me want to upgrade. well played @apple.",Positive,dammit listening siri making want upgrade well played
apple,positive,125407532893224962,Sun Oct 16 03:07:40 +0000 2011,"Create new folders from within your photo album in #iOS5, finally!! Thanks @Apple, that's been a thorn in my side for a while. #newfeature",Positive,create new folder within photo album io finally thanks thats thorn side newfeature
apple,positive,125402636764712960,Sun Oct 16 02:48:13 +0000 2011,Video card on @Kimaris workstation died after just six months. So long @hp. Hello @apple.,Positive,video card workstation died six month long hello
apple,positive,125402412147146752,Sun Oct 16 02:47:19 +0000 2011,@Blackberry & @Facebook U R really about to make me throw this @Blackberry in the trash an get an @Apple iPhone! @Facebook upload issues!,Positive,really make throw trash get iphone upload issue
apple,positive,125393816470568961,Sun Oct 16 02:13:10 +0000 2011,#iOS5 update submitted to @apple! Thanks for all the support!,Positive,io update submitted thanks support
apple,positive,125356807626559488,Sat Oct 15 23:46:06 +0000 2011,Awesome service from the @apple store in pc. Thanks chris!,Positive,awesome service store pc thanks chris
apple,positive,125343429289984000,Sat Oct 15 22:52:56 +0000 2011,RT @To1ne: .@apple thanks for fixing this... http://t.co/wTj1ogDO,Positive,rt thanks fixing
apple,positive,125338216411828224,Sat Oct 15 22:32:14 +0000 2011,I am crazy about #iOS5 . The photo cropping is the best! @apple,Positive,crazy io photo cropping best
apple,positive,125333598197911552,Sat Oct 15 22:13:53 +0000 2011,.@apple thanks for fixing this... http://t.co/wTj1ogDO,Positive,thanks fixing
apple,positive,125330595302744064,Sat Oct 15 22:01:57 +0000 2011,Hell yes!!! Got my contacts back!!  Thanks @apple,Positive,hell yes got contact back thanks
apple,positive,125319163366473728,Sat Oct 15 21:16:31 +0000 2011,RT @SawyerHartman: I FU*KING LOVE YOU @APPLE this phone is the best thing ever !! SIRI = BEST THING EVER MADE,Positive,rt fuking love phone best thing ever siri best thing ever made
apple,positive,125313088160411649,Sat Oct 15 20:52:23 +0000 2011,@apple has changed life.,Positive,changed life
apple,positive,125309946723188736,Sat Oct 15 20:39:54 +0000 2011,Mad props to the @apple employee that didn't charge me to replace the back plate on my iPhone! Made my day!,Positive,mad prop employee didnt charge replace back plate iphone made day
apple,positive,125281706327552001,Sat Oct 15 18:47:41 +0000 2011,"@jonsibley Actually, the @Apple  mouse is pretty sweet man.",Positive,actually mouse pretty sweet man
apple,positive,125279987254300672,Sat Oct 15 18:40:51 +0000 2011,The #iphone4s is  amazing. Siri's voice recognition is absolutely a step above previous attempts. Bravo @apple,Positive,iphones amazing siris voice recognition absolutely step previous attempt bravo
apple,positive,125264731035537409,Sat Oct 15 17:40:13 +0000 2011,Finally got the @apple IPhone thanks to @sprint getting with the times,Positive,finally got iphone thanks getting time
apple,positive,125256305647693825,Sat Oct 15 17:06:45 +0000 2011,#iOs5 is nice and as it had to be ! Thanks @Apple,Positive,io nice thanks
apple,positive,125252188065902592,Sat Oct 15 16:50:23 +0000 2011,Good support fm Kevin @apple #Bellevue store 4 biz customers TY!,Positive,good support fm kevin bellevue store biz customer ty
apple,positive,125243911538098176,Sat Oct 15 16:17:30 +0000 2011,Just downloaded IOS 5. It's better than I expected! #thankyou @apple,Positive,downloaded io better expected thankyou
apple,positive,125238017299451905,Sat Oct 15 15:54:04 +0000 2011,@Apple: Siri is amazing!!! I'm in love!,Positive,siri amazing im love
apple,positive,125165176772247552,Sat Oct 15 11:04:38 +0000 2011,Love love love iOS 5!! @apple,Positive,love love love io
apple,negative,126418790706712576,Tue Oct 18 22:06:03 +0000 2011,RT @cjwallace03: So apparently @apple put MB cap on your SMS with the new update. 25mb storage before it tells you your inbox is full. W ...,Negative,rt apparently put mb cap sm new update mb storage tell inbox full
apple,negative,126417285559762944,Tue Oct 18 22:00:04 +0000 2011,"RT @Jewelz2611 @mashable @apple, iphones r 2 expensive. Most went w/ htc/galaxy. No customer loyalty w/phone comp..",Negative,rt iphones expensive went htcgalaxy customer loyalty wphone comp
apple,negative,126416915664084992,Tue Oct 18 21:58:36 +0000 2011,"@mashable @apple, iphones r 2 expensive. Most went w/ htc/galaxy. No customer loyalty w/phone comp..",Negative,iphones expensive went htcgalaxy customer loyalty wphone comp
apple,negative,126416109212680192,Tue Oct 18 21:55:23 +0000 2011,THiS IS WHAT WiLL KiLL APPLE http://t.co/72Jw4z5c RiP @APPLE,Negative,kill apple rip
apple,negative,126411162622496768,Tue Oct 18 21:35:44 +0000 2011,@apple why my tunes no go on my iPhone? iPhone lonely without them. silly #iOS5,Negative,tune go iphone iphone lonely without silly io
apple,negative,126410591949697024,Tue Oct 18 21:33:28 +0000 2011,@apple needs to hurry up and release #iTunesMatch,Negative,need hurry release itunesmatch
apple,negative,126409696553861121,Tue Oct 18 21:29:54 +0000 2011,Why is  #Siri always down @apple,Negative,siri always
apple,negative,126408864387182593,Tue Oct 18 21:26:36 +0000 2011,I just need to exchange a cord at the apple store why do I have to wait for a genius? @apple,Negative,need exchange cord apple store wait genius
apple,negative,126408052525105153,Tue Oct 18 21:23:22 +0000 2011,"@apple AirDrop #fail - Immediate ""declined your request."" every time",Negative,airdrop fail immediate declined request every time
apple,negative,126407767132078082,Tue Oct 18 21:22:14 +0000 2011,good article about why @apple fucked it all up with lion and their future. http://t.co/zNDP9Vr6 #fb,Negative,good article fucked lion future fb
apple,negative,126405405667627008,Tue Oct 18 21:12:51 +0000 2011,RT @radlerc: Yellowgate? Some iPhone 4S Users Complain of Yellow Tint to Screen http://t.co/uaqrxTNk @apple @iphone4s,Negative,rt yellowgate iphone user complain yellow tint screen
apple,negative,126405185630253056,Tue Oct 18 21:11:59 +0000 2011,Yellowgate? Some iPhone 4S Users Complain of Yellow Tint to Screen http://t.co/uaqrxTNk @apple @iphone4s,Negative,yellowgate iphone user complain yellow tint screen
apple,negative,126405040809312256,Tue Oct 18 21:11:24 +0000 2011,The one #iphone feature still missing since @apple first showed it.. Contacts pictures on the contacts list! Simple yet 5 major updates miss,Negative,one iphone feature still missing since first showed contact picture contact list simple yet major update miss
apple,negative,126400637930979329,Tue Oct 18 20:53:55 +0000 2011,Asked siri is she dreams of electric sleep. Was disappointed that she didn't have a snippy answer.  Missed opportunity @apple,Negative,asked siri dream electric sleep disappointed didnt snippy answer missed opportunity
apple,negative,126394680903614465,Tue Oct 18 20:30:14 +0000 2011,"@paulens It surprises me that @Apple throws up an error alert about authorizing, and there's no ""Authorize this computer"" button.",Negative,surprise throw error alert authorizing there authorize computer button
apple,negative,126393717421645825,Tue Oct 18 20:26:25 +0000 2011,@Lisa_Marie1987 shhhh. the evil sith lords @apple may hear you ha!,Negative,shhhh evil sith lord may hear ha
apple,negative,126393204550537216,Tue Oct 18 20:24:22 +0000 2011,FUCK YOU @apple DIE IN A FUCKING BLAZE INFERNO.,Negative,fuck die fucking blaze inferno
apple,negative,126392402083708928,Tue Oct 18 20:21:11 +0000 2011,"Oh, @apple. Steve obviously had nothing to do with iPhoto, as it's the perfect opposite of 'insanely great'. Get it fixed, please.",Negative,oh steve obviously nothing iphoto perfect opposite insanely great get fixed please
apple,negative,126391082308206593,Tue Oct 18 20:15:56 +0000 2011,OMG @apple WHY THE FUCK DID YOU DELETE ALL MY MUSIC YOU DICKS,Negative,omg fuck delete music dick
apple,negative,126389218284015616,Tue Oct 18 20:08:32 +0000 2011,@ryanbaldwin @apple So in iTunes I go Store -&gt; Authorise… why doesn't it just auto-authorise it when I sign into iTunes? Grrrr...,Negative,itunes go store gt authorise doesnt autoauthorise sign itunes grrrr
apple,negative,126388194194362369,Tue Oct 18 20:04:28 +0000 2011,"Seriously - I have absolutely no offing clue what @Apple means by ""authorization"", nor how to do it.",Negative,seriously absolutely offing clue mean authorization
apple,negative,126388023725268992,Tue Oct 18 20:03:47 +0000 2011,"Boy, could @apple make it any harder to put my purchased music from the cloud on to my new macbook pro? ""You must authorize this computer…""",Negative,boy could make harder put purchased music cloud new macbook pro must authorize computer
apple,negative,126385036441296896,Tue Oct 18 19:51:55 +0000 2011,"shit, shit, shit. IOS5 update ate all my apps, data and media just like @apple said it would. This is going to take some time to rebuild.",Negative,shit shit shit io update ate apps data medium like said would going take time rebuild
apple,negative,126382959711358976,Tue Oct 18 19:43:40 +0000 2011,. @apple & @AT&T u cannot tell me there isn't at least 1 64GB iPhone 4S in LA or Vegas!! Give me a fucking break!!!!,Negative,cannot tell isnt least gb iphone la vega give fucking break
apple,negative,126382051661328385,Tue Oct 18 19:40:03 +0000 2011,Love @apple downloads. 4 hours and i-pad now wonky! #ripstevejobs #thenonsensepersists #neednewipadguide #fatfuckingchance,Negative,love downloads hour ipad wonky ripstevejobs thenonsensepersists neednewipadguide fatfuckingchance
apple,negative,126381519513194497,Tue Oct 18 19:37:56 +0000 2011,Dear @apple My new Air is now a notbook since your update killed #wifi #bug #destroying #productivity,Negative,dear new air notbook since update killed wifi bug destroying productivity
apple,negative,126380588822298625,Tue Oct 18 19:34:15 +0000 2011,"I am so done with @Att and @apple 's profitering and lack of customer service, so fucking down with both!!!",Negative,done profitering lack customer service fucking
apple,negative,126380553464315904,Tue Oct 18 19:34:06 +0000 2011,It would be great If @Apple would send my new phone. #frustrated,Negative,would great would send new phone frustrated
apple,negative,126377298650861568,Tue Oct 18 19:21:10 +0000 2011,@apple thank you for ruining my 3GS with #iOS5. You've just turned my phone into an utterly useless pile of shit.,Negative,thank ruining g io youve turned phone utterly useless pile shit
apple,negative,126375381249966080,Tue Oct 18 19:13:33 +0000 2011,"@rogerweir no but I have the option of a  replacement iPhone 4s ?
Not sure if I want one after having 2 duff iPhones.
@O2 @iphone4s @apple",Negative,option replacement iphone sure want one duff iphones
apple,negative,126372694118768640,Tue Oct 18 19:02:52 +0000 2011,So apparently @apple put MB cap on your SMS with the new update. 25mb storage before it tells you your inbox is full. What is this 2001?,Negative,apparently put mb cap sm new update mb storage tell inbox full
apple,negative,126372040696541184,Tue Oct 18 19:00:17 +0000 2011,"You know @apple It's been almost a week since I paid for iTunes Match, I would really like to use it. Any ETA on a fix?",Negative,know almost week since paid itunes match would really like use eta fix
apple,negative,126363154837020672,Tue Oct 18 18:24:58 +0000 2011,removing all @apple shit.,Negative,removing shit
apple,negative,126361483432038400,Tue Oct 18 18:18:19 +0000 2011,So @PhoenixSwinger 's iPhone 4 is giving her a hella hard time w/ the iOS5 update @apple,Negative,iphone giving hella hard time io update
apple,negative,126358781633368064,Tue Oct 18 18:07:35 +0000 2011,What??? I that sucks hello @apple RT @PhoneDog_Aaron Interesting note - DROID RAZR's battery isn't removable.,Negative,suck hello rt interesting note droid razrs battery isnt removable
apple,negative,126358301393956866,Tue Oct 18 18:05:41 +0000 2011,@Apple can't send me an iPhone preordered 1hr after launching but they cans send 5 or 10 to all the jackasses who want to shoot or blend 'em,Negative,cant send iphone preordered hr launching can send jackass want shoot blend em
apple,negative,126358272084152320,Tue Oct 18 18:05:34 +0000 2011,Gotta say the @Apple itouch iphone shuffle etc.. sound quality is AWFUL.. painfully crap. Its been a downgrade from @Sony sound quality wise,Negative,gotta say itouch iphone shuffle etc sound quality awful painfully crap downgrade sound quality wise
apple,negative,126357580741226496,Tue Oct 18 18:02:49 +0000 2011,"@bisquiat @Apple the upgrade just slows down my phone so much, it's stuck half the time. uch. thankfully no other damage. sucks for you :(",Negative,upgrade slows phone much stuck half time uch thankfully damage suck
apple,negative,126357227727626240,Tue Oct 18 18:01:25 +0000 2011,@Mayati I think @Apple didn't do such a thorough job with the step x steps for upgrade and move to iCloud. Now it's cost me mightily.,Negative,think didnt thorough job step step upgrade move icloud cost mightily
apple,negative,126354628999778305,Tue Oct 18 17:51:05 +0000 2011,Hey @apple now I have iOS5 my iPhone doesn't include songs that are on compilation albums under the artist's name. #whaddupwitdat,Negative,hey io iphone doesnt include song compilation album artist name whaddupwitdat
apple,negative,126351972948393984,Tue Oct 18 17:40:32 +0000 2011,@NickTheFNicon He can send but not rcve txts so he has an apt @apple at 4pm.Then he exclaims: And I waited a whole YEAR for this phone!!LMAO,Negative,send rcve txts apt pmthen exclaims waited whole year phonelmao
apple,negative,126348169826148352,Tue Oct 18 17:25:25 +0000 2011,Total chaos at @apple store regent street. Like an Ethiopian feeding station. Can't believe this is same co. that makes all that cool shit.,Negative,total chaos store regent street like ethiopian feeding station cant believe co make cool shit
apple,negative,126344426854416385,Tue Oct 18 17:10:33 +0000 2011,"@FishMama: If you made a purchase, just wait for the @apple survey! hate going b/c of the bad #custserv",Negative,made purchase wait survey hate going bc bad custserv
apple,negative,126343931117047808,Tue Oct 18 17:08:35 +0000 2011,Correction: @ Best Buy kudos to Chris @ Alamo Ranch S.A. TX-fixed issues couldn't resolve after 1/2 day w/ @ATT & @Apple. Hero of my day!,Negative,correction best buy kudos chris alamo ranch sa txfixed issue couldnt resolve day hero day
apple,negative,126343679785959424,Tue Oct 18 17:07:35 +0000 2011,"@phxguy88 @Apple @BGR That's why all the ppl who stand in line for hrs to get the ""newest"" model are suckers...",Negative,thats ppl stand line hr get newest model sucker
apple,negative,126343214805426176,Tue Oct 18 17:05:44 +0000 2011,Would it kill @apple to put a braille type bump on their earbuds so we know which bud is R and L in the dark.,Negative,would kill put braille type bump earbuds know bud dark
apple,negative,126334597431697408,Tue Oct 18 16:31:29 +0000 2011,@APPLE Wow @MOTOROLA Just crushed your dreams....,Negative,wow crushed dream
apple,negative,126331480233353216,Tue Oct 18 16:19:06 +0000 2011,"RT @phxguy88: Oh, just fuck you, @apple. Already?? ---&gt;  iPhone 5 on schedule for summer launch? http://t.co/Ofh9PTaG via @BGR",Negative,rt oh fuck already gt iphone schedule summer launch via
apple,negative,126331327271284736,Tue Oct 18 16:18:30 +0000 2011,"Oh, just fuck you, @apple. Already?? ---&gt;  iPhone 5 on schedule for summer launch? http://t.co/Ofh9PTaG via @BGR",Negative,oh fuck already gt iphone schedule summer launch via
apple,negative,126327808803880960,Tue Oct 18 16:04:31 +0000 2011,"@apple, 
No, I won't wait until thursday for an available appointment just so a 'genius' can tell me I'm shit out of luck. #now",Negative,wont wait thursday available appointment genius tell im shit luck
apple,negative,126325125749542913,Tue Oct 18 15:53:51 +0000 2011,WTF?!?! @apple the new iOS 5 doesn't allow you NOT to get push notifications from newstand? and SIRI just keeps yapping FUCK!,Negative,wtf new io doesnt allow get push notification newstand siri keep yapping fuck
apple,negative,126324573384871936,Tue Oct 18 15:51:39 +0000 2011,"@Apple, on the #iPad with #iOS5, why has the Messages Icon been included when it can't be used?",Negative,ipad io message icon included cant used
apple,negative,126324389741473792,Tue Oct 18 15:50:56 +0000 2011,@Steelo254 yea! I pre-order through @apple and they sorry too just like #AT&T,Negative,yea preorder sorry like att
apple,negative,126324077513293824,Tue Oct 18 15:49:41 +0000 2011,Interesting... @apple now requires you to have a reservation ?         #apple #iphone #4S    :  http://t.co/zZK4fTii,Negative,interesting requires reservation apple iphone
apple,negative,126321169468100609,Tue Oct 18 15:38:08 +0000 2011,@apple why is my iPhone battery so crappy #fail,Negative,iphone battery crappy fail
apple,negative,126320033369563138,Tue Oct 18 15:33:37 +0000 2011,My @Apple @macbook keyboard will not type :(,Negative,keyboard type
apple,negative,126310645443461121,Tue Oct 18 14:56:19 +0000 2011,"Why doesn't @apple iCloud sync Stickies? They've always been around, just nothing every progressed w/ them!! Why apple why?  @gruber",Negative,doesnt icloud sync stickies theyve always around nothing every progressed apple
apple,negative,126309616391950336,Tue Oct 18 14:52:13 +0000 2011,"@apple, your new ""Save a Version"" function in Pages is absolutely the most awful, interrupting, counter-intuitive piece of crap in the world",Negative,new save version function page absolutely awful interrupting counterintuitive piece crap world
apple,negative,126307071984545793,Tue Oct 18 14:42:07 +0000 2011,I hate my @apple computer.  Thats 3500 dollars down the drain.,Negative,hate computer thats dollar drain
apple,negative,126302386644975616,Tue Oct 18 14:23:30 +0000 2011,@apple my iPhone is charging very slowly!!!!!,Negative,iphone charging slowly
apple,negative,126299379832336384,Tue Oct 18 14:11:33 +0000 2011,"@Apple #iOS5 gm on ipad1 is very slow wash better on beta7/8 solve this problem, or give me the ipad2",Negative,io gm ipad slow wash better beta solve problem give ipad
apple,negative,126297326565330944,Tue Oct 18 14:03:23 +0000 2011,"@apple Wish I could pick month, day, and YEAR when setting a new calendar item on my iPhone. Why hasn't the new iOS fixed this yet?!",Negative,wish could pick month day year setting new calendar item iphone hasnt new io fixed yet
apple,negative,126292335540699136,Tue Oct 18 13:43:33 +0000 2011,"@Apple iTunes is the worst program ever. For such a great phone, you make some awful software.",Negative,itunes worst program ever great phone make awful software
apple,negative,126286814578348032,Tue Oct 18 13:21:37 +0000 2011,One would think the voice recognition on the @apple tech support line would work a little better.,Negative,one would think voice recognition tech support line would work little better
apple,negative,126283602571964416,Tue Oct 18 13:08:51 +0000 2011,"@apple $319 to repair my iPad 2, Apple you've lost me and my $700 a year, Android here I come!",Negative,repair ipad apple youve lost year android come
apple,negative,126281019476291585,Tue Oct 18 12:58:35 +0000 2011,"@azee1v1 @apple @umber Proper consolidation, proper syncing, stop losing my PURCHASED items, checkboxes that do what you think they will do.",Negative,proper consolidation proper syncing stop losing purchased item checkboxes think
apple,negative,126280555980529664,Tue Oct 18 12:56:45 +0000 2011,@AsimRang @apple @umber the desktop app is wack though,Negative,desktop app wack though
apple,negative,126279811151831042,Tue Oct 18 12:53:47 +0000 2011,I made a reservation and yet I still have to wait in line. Humpt! Oh @apple (@ Apple Store w/ 2 others) http://t.co/JZmVBdNm,Negative,made reservation yet still wait line humpt oh apple store others
apple,negative,126258214412091392,Tue Oct 18 11:27:58 +0000 2011,Frustrated that I bought a new macbook pro from @apple only to find it doesnt ship with media! #expensivepaperweight,Negative,frustrated bought new macbook pro find doesnt ship medium expensivepaperweight
apple,negative,126257645282799616,Tue Oct 18 11:25:43 +0000 2011,Dear @apple. I had to turn off all those awesome featured you just enabled. Data plan can't handle it. 200 mb of data just because #,Negative,dear turn awesome featured enabled data plan cant handle mb data
apple,negative,126251052667375616,Tue Oct 18 10:59:31 +0000 2011,#DontBeMadAtMeBecause #Android is by far better than @Apple,Negative,dontbemadatmebecause android far better
apple,negative,126247557339947008,Tue Oct 18 10:45:37 +0000 2011,@apple is there a problem with iOS 5 that is preventing audio apps and audio functions from operating properly? I keep losing sound.,Negative,problem io preventing audio apps audio function operating properly keep losing sound
apple,negative,126243680129523712,Tue Oct 18 10:30:14 +0000 2011,@apple #apple One thing I hater about this #mouse the #buttery finish so fast am not #happy now #macworld @macworld http://t.co/5Uh4a4Vt,Negative,apple one thing hater mouse buttery finish fast happy macworld
apple,negative,126240605419487232,Tue Oct 18 10:18:00 +0000 2011,Hey @Apple: stop sending your automatically-depreciate-all-iPhones-older-than-the-4s signal. My #iPhone4 is dying rapidly processor-wise.,Negative,hey stop sending automaticallydepreciatealliphonesolderthanthes signal iphone dying rapidly processorwise
apple,negative,126238223537152001,Tue Oct 18 10:08:32 +0000 2011,Only thing bad about the new @canon camera is that it has two compact flash cards... not one of SD. SD goes in my @apple computer. Damn you!,Negative,thing bad new camera two compact flash card one sd sd go computer damn
apple,negative,126221894126022656,Tue Oct 18 09:03:39 +0000 2011,Wtf @apple 64 pages for the new terms & conditions when u update ur apps from the iTunes store. Do u really think we'll read em? Really???,Negative,wtf page new term condition update ur apps itunes store really think well read em really
apple,negative,126189036644728832,Tue Oct 18 06:53:05 +0000 2011,fuck u @apple,Negative,fuck
apple,negative,126188946974720000,Tue Oct 18 06:52:44 +0000 2011,oh and prolly ganna be late to work bc @apple has screwed me and my phone has my only alarm on it,Negative,oh prolly ganna late work bc screwed phone alarm
apple,negative,126188717902802944,Tue Oct 18 06:51:49 +0000 2011,why the fuck dose my phone decide its just ganna freeze every time i try to update it so fucking sick of @apple,Negative,fuck dose phone decide ganna freeze every time try update fucking sick
apple,negative,126188686453907457,Tue Oct 18 06:51:41 +0000 2011,. if u need me just text me o wait u i wont get it cuz @apple fucks me every time #fuckingpissed,Negative,need text wait wont get cuz fuck every time fuckingpissed
apple,negative,126182880123695104,Tue Oct 18 06:28:37 +0000 2011,"iMessage doesn't show the time a message was sent, annoying @apple",Negative,imessage doesnt show time message sent annoying
apple,negative,126167083334643713,Tue Oct 18 05:25:51 +0000 2011,Like @apple da fuck is this shit?  http://t.co/nb4DHlSg,Negative,like da fuck shit
apple,negative,126163315499081728,Tue Oct 18 05:10:53 +0000 2011,RT @CircusTK: I'm wit chu!! “@ShayDiddy: Officially boycotting @ups!!! Calling @apple to curse them out next for using them wasting my t ...,Negative,rt im wit chu officially boycotting calling curse next using wasting
apple,negative,126163250172801024,Tue Oct 18 05:10:37 +0000 2011,Damn it @Apple!! Whatchu done to my phone??,Negative,damn whatchu done phone
apple,negative,126158846375903233,Tue Oct 18 04:53:07 +0000 2011,"Samsung seeks iPhone 4S ban in Japan and Australia
Patent war intensifies with injunction sought against @Apple http://t.co/QmwjTvnk",Negative,samsung seek iphone ban japan australia patent war intensifies injunction sought
apple,negative,126155291288023040,Tue Oct 18 04:38:59 +0000 2011,"@apple, why is it every time there is iOS software update my iPad goes dead and I need to totally restore? #fail",Negative,every time io software update ipad go dead need totally restore fail
apple,negative,126153311521996800,Tue Oct 18 04:31:07 +0000 2011,@apple #iOS.5 has been nothing but a pain in the ass no room for my music.. Or photos.. Or apps! Can I undo this garbage??,Negative,io nothing pain as room music photo apps undo garbage
apple,negative,126148955217203200,Tue Oct 18 04:13:49 +0000 2011,RT @RedDeerSteph: @Joelplane @apple I hear you! I've had trouble with my 3 & now 4. I've even turned down brightness. #andshuttingdownru ...,Negative,rt hear ive trouble ive even turned brightness andshuttingdownru
apple,negative,126148565302128640,Tue Oct 18 04:12:16 +0000 2011,@Joelplane @apple I hear you! I've had trouble with my 3 & now 4. I've even turned down brightness. #andshuttingdownrunningprograms #nohelp,Negative,hear ive trouble ive even turned brightness andshuttingdownrunningprograms nohelp
apple,negative,126143926523539457,Tue Oct 18 03:53:50 +0000 2011,@albertmal88 remember @apple is evil. #icloud entering the #dropbox market,Negative,remember evil icloud entering dropbox market
apple,negative,126141077131497472,Tue Oct 18 03:42:31 +0000 2011,9% now on my second full charge of the day. Pissed @Apple,Negative,second full charge day pissed
apple,negative,126132919117938689,Tue Oct 18 03:10:06 +0000 2011,RT @ShayDiddy: @CircusTK @ups @apple both of them are bs!!! How do u tell me go between a certain time ONLY and the muh fuh is closed!,Negative,rt b tell go certain time muh fuh closed
apple,negative,126131535211536384,Tue Oct 18 03:04:36 +0000 2011,I'm wit chu!! “@ShayDiddy: Officially boycotting @ups!!! Calling @apple to curse them out next for using them wasting my time!”,Negative,im wit chu officially boycotting calling curse next using wasting time
apple,negative,126129938247061504,Tue Oct 18 02:58:15 +0000 2011,"ugh! @apple, you’re reservation page for the iPhone is NOT working.",Negative,ugh youre reservation page iphone working
apple,negative,126129582326816769,Tue Oct 18 02:56:50 +0000 2011,iTunes is @apple's worst product. Worse than the #Newton or the hockey puck mouse. It's utterly painful to use.,Negative,itunes worst product worse newton hockey puck mouse utterly painful use
apple,negative,126128599030956032,Tue Oct 18 02:52:56 +0000 2011,"Deár iCloud I HATE U , AND I HOPE YOU DIE , YOU ARE THE WORST FUCKING INVENTION IN THE WORLD , FUCK YOUUUUUUUUUUUU #iCloud @apple @stevejobs",Negative,der icloud hate hope die worst fucking invention world fuck youuuuuuuuuuuu icloud
apple,negative,126127465155403777,Tue Oct 18 02:48:25 +0000 2011,i update to ios 5 and lose everything on my phone and it wont let me sign into my itunes account... thanks @Apple,Negative,update io lose everything phone wont let sign itunes account thanks
apple,negative,126126605344047105,Tue Oct 18 02:45:00 +0000 2011,Suddenly lost all address book on @3GS iPhone. And someone was using my @Apple ID. It all fucked up.,Negative,suddenly lost address book iphone someone using id fucked
apple,negative,126121175926571009,Tue Oct 18 02:23:26 +0000 2011,oh.. my iphone is overcapacity huh?! -____-  @Apple won't let me be great!!!,Negative,oh iphone overcapacity huh wont let great
apple,negative,126118222746497025,Tue Oct 18 02:11:42 +0000 2011,Issues with updating iTunes on my windows pc - they really are not compatible.... Sent more time talking to @Apple care than using it!!,Negative,issue updating itunes window pc really compatible sent time talking care using
apple,negative,126106964420857857,Tue Oct 18 01:26:57 +0000 2011,@apple u guys are gay,Negative,guy gay
apple,negative,126099775417364480,Tue Oct 18 00:58:23 +0000 2011,"Restored my iPhone. STILL NO TEXTS. DEAR @APPLE Y NO LOVE, Y RESTRICTIONS ON MY SMS?  Y NO TEXTS.... #iOS5 #iOS5atemydingo",Negative,restored iphone still text dear love restriction sm text io iosatemydingo
apple,negative,126096173198082048,Tue Oct 18 00:44:05 +0000 2011,none of my apps work after the new ios from @apple. what do i do?!?,Negative,none apps work new io
apple,negative,126094194312876032,Tue Oct 18 00:36:13 +0000 2011,"Seemingly endless loop of calls to @apple, @ups, @verizonwireless to investigate my missing #iphone4s. #crankywithnophone",Negative,seemingly endless loop call investigate missing iphones crankywithnophone
apple,negative,126089287660863488,Tue Oct 18 00:16:43 +0000 2011,@Wisconsin_Mommy @apple that's terrible!  I hope you get an apology!,Negative,thats terrible hope get apology
apple,negative,126088404084588546,Tue Oct 18 00:13:12 +0000 2011,@zombiebomber have been on the phone with @verizonwireless and @apple pretty much ever since then. Really annoyed.,Negative,phone pretty much ever since really annoyed
apple,negative,126085893353250816,Tue Oct 18 00:03:14 +0000 2011,"@chascouponmom @apple I get they are busy w/ the new phone, but I just wanted to buy a stylus. they made me wait forever outside & never",Negative,get busy new phone wanted buy stylus made wait forever outside never
apple,negative,126084068298334208,Mon Oct 17 23:55:59 +0000 2011,"@apple @iphone Please deliver my daughter's i4s, she is driving me nuts #iphone",Negative,please deliver daughter driving nut iphone
apple,negative,126082198720888833,Mon Oct 17 23:48:33 +0000 2011,"I'm givin' this stupid @apple reserve system 2days… If I cant get reservation, I'll never buy any Apple products… (yup I hate contracts)",Negative,im givin stupid reserve system day cant get reservation ill never buy apple product yup hate contract
apple,negative,126082123743502336,Mon Oct 17 23:48:15 +0000 2011,"@sprint @bestbuy still no word on my iPhone4s preorder.  Best Buy blames Sprint, Sprint blames @apple, I just want an honest answer.  #help",Negative,still word iphones preorder best buy blame sprint sprint blame want honest answer help
apple,negative,126079672386723840,Mon Oct 17 23:38:31 +0000 2011,"Hey @apple, the SMS full message is complete shit. Yes, I'm annoyed.",Negative,hey sm full message complete shit yes im annoyed
apple,negative,126075115686465536,Mon Oct 17 23:20:24 +0000 2011,Have never had such poor customer service at @Apple before! What happened? (@ Apple Store w/ 2 others) http://t.co/GKlXMUi6,Negative,never poor customer service happened apple store others
apple,negative,126073520504569858,Mon Oct 17 23:14:04 +0000 2011,"@Apple your service experience is really fucking slipping (except for cute, eyelash batting girlies). (@ Apple Store) http://t.co/dOHDEnMg",Negative,service experience really fucking slipping except cute eyelash batting girlies apple store
apple,negative,126072901144281088,Mon Oct 17 23:11:36 +0000 2011,Had ma Ipas not 24 hours an I jailbroke it...now its SHAGGED itunes won't letme restore it @apple SYM!!!!,Negative,ipas hour jailbroke itnow shagged itunes wont letme restore sym
apple,negative,126069614181486593,Mon Oct 17 22:58:32 +0000 2011,@hailfire101 @Irvysan They are... then @apple happened and snatched Siri so they could be douchebags and say 'it's ours!',Negative,happened snatched siri could douchebags say
apple,negative,126068917012668416,Mon Oct 17 22:55:46 +0000 2011,What was @apple thinking making #Siri totally dependent on a network connection? Siri + @ATT = utter frustration.,Negative,thinking making siri totally dependent network connection siri utter frustration
apple,negative,126063215842037760,Mon Oct 17 22:33:07 +0000 2011,Wow the Genius Bar Reservation Line @Apple is ridic right now - ___- I am not amused. #ugh,Negative,wow genius bar reservation line ridic right amused ugh
apple,negative,126054048972537856,Mon Oct 17 21:56:41 +0000 2011,"Where is my iPhone!?!?!?!
@apple",Negative,iphone
apple,negative,126053722966069248,Mon Oct 17 21:55:24 +0000 2011,@apple battery life suck on iOS 5,Negative,battery life suck io
apple,negative,126050114518261760,Mon Oct 17 21:41:03 +0000 2011,An apple update has seemed to render my work machine incapable of opening HDV video. Thanks @Apple. Zero useful productivity today.,Negative,apple update seemed render work machine incapable opening hdv video thanks zero useful productivity today
apple,negative,126044756320075776,Mon Oct 17 21:19:46 +0000 2011,@apple I committed to your cloud storage iDisk and now it's raining :-( so soon no more iDisk.  Any plans for a new service for storage?,Negative,committed cloud storage idisk raining soon idisk plan new service storage
apple,negative,126044425964109824,Mon Oct 17 21:18:27 +0000 2011,"Hey @apple why can't I share a reminder list from my iPhone?
Also why can't I login to the iCloud webpage to modify sharing from my phone?",Negative,hey cant share reminder list iphone also cant login icloud webpage modify sharing phone
apple,negative,126037831301869568,Mon Oct 17 20:52:15 +0000 2011,Apparently fuzzball crashes on #iOS5. Congratulations @apple on another incompatible upgrade,Negative,apparently fuzzball crash io congratulation another incompatible upgrade
apple,negative,126036793970786304,Mon Oct 17 20:48:07 +0000 2011,could @apple lion please integrate vertical spaces in mission control. this horizontal business is making me nauseous,Negative,could lion please integrate vertical space mission control horizontal business making nauseous
apple,negative,126034507475337216,Mon Oct 17 20:39:02 +0000 2011,Can someone plz explain to me whhyy @apple is only distributing 2-3 phones per day to the sprint stores. I'm really ... http://t.co/uf9taK8f,Negative,someone plz explain whhyy distributing phone per day sprint store im really
apple,negative,126031969166434304,Mon Oct 17 20:28:57 +0000 2011,"GAH. @apple iOS 5 opens text messages painfully slow, on top of 3 restore attempts 2 succeed. Early adopterness gets better of me.",Negative,gah io open text message painfully slow top restore attempt succeed early adopterness get better
apple,negative,126030936084189184,Mon Oct 17 20:24:51 +0000 2011,Dear @apple: Why did all my PDFs and ePub files disappear from ibooks in my iPhone post ios5 upgrade? This hurts. #3GS #needsomethingtoread,Negative,dear pdfs epub file disappear ibooks iphone post io upgrade hurt g needsomethingtoread
apple,negative,126029733325582336,Mon Oct 17 20:20:04 +0000 2011,“@CBM: Lies @apple. the battery on this new iPhone4S is definitely not any better.” &lt;&lt; check Settings: 8 times more App usage in iOS 5,Negative,lie battery new iphones definitely better ltlt check setting time app usage io
apple,negative,126021108641181696,Mon Oct 17 19:45:48 +0000 2011,As a huge podcast fan - I really feel like @Apple dropped the ball on this one. http://t.co/wvzPrbCI via @Carrypad,Negative,huge podcast fan really feel like dropped ball one via
apple,negative,126018120983904256,Mon Oct 17 19:33:56 +0000 2011,I don't really like Siri's voice. Perhaps @apple can get Star Wars voices just like @garmin http://t.co/pSUJg9pN,Negative,dont really like siris voice perhaps get star war voice like
apple,negative,126016585348558848,Mon Oct 17 19:27:49 +0000 2011,"“@carlton858: I really hate dealing with the brain dead people at the @apple store. For such good products, customer service sucks.” in NZ?",Negative,really hate dealing brain dead people store good product customer service suck nz
apple,negative,126014999444467712,Mon Oct 17 19:21:31 +0000 2011,"I really hate dealing with the brain dead people at the @apple store. For such good products, customer service sucks.",Negative,really hate dealing brain dead people store good product customer service suck
apple,negative,126014540721827840,Mon Oct 17 19:19:42 +0000 2011,"You can make photo albums in the Photos app with iOS 5, but can't password protect them? Um... @apple, fix that. Quickly.",Negative,make photo album photo app io cant password protect um fix quickly
apple,negative,126012822936231936,Mon Oct 17 19:12:52 +0000 2011,Anyone else seeing missing signal bars on their #iPhone 3GS with an upgrade to #iOS5? cc/ @applecanada @apple @forstall,Negative,anyone else seeing missing signal bar iphone g upgrade io cc
apple,negative,126008913400303616,Mon Oct 17 18:57:20 +0000 2011,RT @CBM: Lies @apple. the battery on this new iPhone4S is definitely not any better.,Negative,rt lie battery new iphones definitely better
apple,negative,126006116168642560,Mon Oct 17 18:46:13 +0000 2011,"@apple If you want to know what customers think dont send updates with the ""noreply"" return address. Who invented that anyway. #useless",Negative,want know customer think dont send update noreply return address invented anyway useless
apple,negative,126003967552524288,Mon Oct 17 18:37:41 +0000 2011,"Every time I try the voice control on my iPod Touch to send an iMessage, it starts playing ""Who Knew"" by Pink.  Still not Flawless @Apple",Negative,every time try voice control ipod touch send imessage start playing knew pink still flawless
apple,negative,126001775626031105,Mon Oct 17 18:28:58 +0000 2011,should be studying/ doing work but no I'm hold with @apple HURRY THE FUCK UP! #nopatience,Negative,studying work im hold hurry fuck nopatience
apple,negative,126001635162992640,Mon Oct 17 18:28:25 +0000 2011,Ok Hindi keyboard in #iOS5 is something to cheer about.  But @apple  what about  support for 20+ missing Indian languages!? #FAIL,Negative,ok hindi keyboard io something cheer support missing indian language fail
apple,negative,125999655011098624,Mon Oct 17 18:20:33 +0000 2011,"RT @ScottDugas: Warning: if iphone apps spontaneously loose data, it might not be the app's fault - http://t.co/1SEsvWwm #ios5downgrade  ...",Negative,rt warning iphone apps spontaneously loose data might apps fault iosdowngrade
apple,negative,125996379913986048,Mon Oct 17 18:07:32 +0000 2011,@betweensundays Ah! Yeah...should be an option...hopefully @apple figures that out. Thx,Negative,ah yeahshould optionhopefully figure thx
apple,negative,125995264325599233,Mon Oct 17 18:03:06 +0000 2011,"""Waiting for items to copy"" in Itunes after everything DID copy goes on, and on, and on.  Come on @Apple, what the hell?",Negative,waiting item copy itunes everything copy go come hell
apple,negative,125994965183635456,Mon Oct 17 18:01:55 +0000 2011,@Apple unhappy again with service/product quality. Won't buy @Apple again.,Negative,unhappy serviceproduct quality wont buy
apple,negative,125994596336533504,Mon Oct 17 18:00:27 +0000 2011,Lies @apple. the battery on this new iPhone4S is definitely not any better.,Negative,lie battery new iphones definitely better
apple,negative,125989051101741056,Mon Oct 17 17:38:25 +0000 2011,"“@philipgrey: dear @apple, why you gotta go change the way &lt;input type=""number""&gt; is handled out of the blue?”",Negative,dear gotta go change way ltinput typenumbergt handled blue
apple,negative,125987979784224770,Mon Oct 17 17:34:09 +0000 2011,"Been on hold with @apple customer service for 25 minutes. Wow, lt's like they're #timewarnercable.",Negative,hold customer service minute wow lts like theyre timewarnercable
apple,negative,125987439692099584,Mon Oct 17 17:32:01 +0000 2011,anyone else stuck in duped calendar/mail/battery sucking @apple hell? #iCloud and #OSX Lion are a disappointment,Negative,anyone else stuck duped calendarmailbattery sucking hell icloud osx lion disappointment
apple,negative,125982320917364736,Mon Oct 17 17:11:40 +0000 2011,For being the inventor of the computer mouse — Why is it that @Apple has never made one that is not a complete piece of fucking shit?!!?,Negative,inventor computer mouse never made one complete piece fucking shit
apple,negative,125980659415138304,Mon Oct 17 17:05:04 +0000 2011,"@Apple you're killing me. Excited about iOS5 no longer- tragic battery drain, genius bar wants to replace the battery. Really?",Negative,youre killing excited io longer tragic battery drain genius bar want replace battery really
apple,negative,125978454146551808,Mon Oct 17 16:56:18 +0000 2011,1st impressions  of #iOS5- Disappointed w upgrade restore. Lot of apps & folders missing @apple do  how much time went in2 orging it? #fail,Negative,st impression io disappointed upgrade restore lot apps folder missing much time went orging fail
apple,negative,125976113657823232,Mon Oct 17 16:47:00 +0000 2011,@PrJusto Don't question the @Apple they will remember your dissent!,Negative,dont question remember dissent
apple,negative,125974886006005760,Mon Oct 17 16:42:07 +0000 2011,"@apple: Multiple times siri is ""having trouble connecting to the network.""  Siri needs servers (and some exercise!)",Negative,multiple time siri trouble connecting network siri need server exercise
apple,negative,125974810021998595,Mon Oct 17 16:41:49 +0000 2011,So my iMessage still isn't working! @apple,Negative,imessage still isnt working
apple,negative,125974351035117568,Mon Oct 17 16:40:00 +0000 2011,RT @JimMcNiel: if @apple does not resolve the #Siri network issues they will need to rename a great product to Sorri - Who else is havin ...,Negative,rt resolve siri network issue need rename great product sorri else havin
apple,negative,125973390283653120,Mon Oct 17 16:36:11 +0000 2011,"dear @apple, why you gotta go change the way &lt;input type=""number""&gt; is handled out of the blue?",Negative,dear gotta go change way ltinput typenumbergt handled blue
apple,negative,125969932285513728,Mon Oct 17 16:22:26 +0000 2011,Ugh. WTF is up with all the bottlenecks @paypal @apple?,Negative,ugh wtf bottleneck
apple,negative,125966385259098112,Mon Oct 17 16:08:21 +0000 2011,+1  RT @Doug_Newton: @apple PLEASE FIX #Siri!!!! She can't connect to your network!!!!!!!,Negative,rt please fix siri cant connect network
apple,negative,125965988146585601,Mon Oct 17 16:06:46 +0000 2011,@apple PLEASE FIX #Siri!!!! She can't connect to your network!!!!!!!,Negative,please fix siri cant connect network
apple,negative,125965853769478144,Mon Oct 17 16:06:14 +0000 2011,if @apple does not resolve the #Siri network issues they will need to rename a great product to Sorri - Who else is having issues?,Negative,resolve siri network issue need rename great product sorri else issue
apple,negative,125964314220830722,Mon Oct 17 16:00:07 +0000 2011,any chance @apple will release good headphones that dont blast music outside the ears? #iphone #ipod its quite obnoxious,Negative,chance release good headphone dont blast music outside ear iphone ipod quite obnoxious
apple,negative,125963262733991936,Mon Oct 17 15:55:56 +0000 2011,"@Apple - #Siri is not working due to ""network problem""? Seriously? Can you fix this? #iPhone4s #Fail",Negative,siri working due network problem seriously fix iphones fail
apple,negative,125961999791308800,Mon Oct 17 15:50:55 +0000 2011,"@trisha_ps @iCloud is Cloudy. @apple tech, not very techy.",Negative,cloudy tech techy
apple,negative,125961793926475776,Mon Oct 17 15:50:06 +0000 2011,"@electricsoup It has to connect to @Apple to process commands, which it is failing to do right now",Negative,connect process command failing right
apple,negative,125960026891362304,Mon Oct 17 15:43:05 +0000 2011,"See @Apple, that what's happen when you release iPhone 4S with same crappy design as the old phone!",Negative,see whats happen release iphone crappy design old phone
apple,negative,125958961269702656,Mon Oct 17 15:38:51 +0000 2011,This. RT @bonkoif Looks like @Apple did not appropriately project the resources needed for Siri. Not very reliable,Negative,rt look like appropriately project resource needed siri reliable
apple,negative,125958368773943296,Mon Oct 17 15:36:29 +0000 2011,Looks like @Apple did not appropriately project the resources needed for Siri. Not very reliable,Negative,look like appropriately project resource needed siri reliable
apple,negative,125956505768960000,Mon Oct 17 15:29:05 +0000 2011,"Spoke to an @Apple rep on phone & could hear her tv blaring in the bg.  She said, ""I can't actually help u, just direct u back to the web""",Negative,spoke rep phone could hear tv blaring bg said cant actually help direct back web
apple,negative,125956403574747137,Mon Oct 17 15:28:41 +0000 2011,What's wrong with Siri today @apple,Negative,whats wrong siri today
apple,negative,125956319344721920,Mon Oct 17 15:28:21 +0000 2011,@Apple Siri is down!,Negative,siri
apple,negative,125954651152592896,Mon Oct 17 15:21:43 +0000 2011,I'm suspecting @Apple timed the health-decline of my iPhone 4 perfectly with the iPhone 4s release... My battery is seriously ailing.,Negative,im suspecting timed healthdecline iphone perfectly iphone release battery seriously ailing
apple,negative,125953600861126656,Mon Oct 17 15:17:33 +0000 2011,on hold for another half hour. phone is ringing but no one is picking up.@apple you stink.,Negative,hold another half hour phone ringing one picking stink
apple,negative,125950557310562305,Mon Oct 17 15:05:27 +0000 2011,"Ok this @Apple software update for the #iphone is taking waaaaay too long!
#annoyed",Negative,ok software update iphone taking waaaaay long annoyed
apple,negative,125945821240885248,Mon Oct 17 14:46:38 +0000 2011,@Apple would do better to inform customers properly about migrating to #iCloud - many complaints lead to #image damage http://t.co/QL7zmPpO,Negative,would better inform customer properly migrating icloud many complaint lead image damage
apple,negative,125943204943114240,Mon Oct 17 14:36:14 +0000 2011,@apple does iOS 5 rape your battery life? or am I just using my phone a lot since getting it,Negative,io rape battery life using phone lot since getting
apple,negative,125937228328341504,Mon Oct 17 14:12:29 +0000 2011,"@jane73 @Gazmaz hopefully it's a small bug @Apple must be fixing it. RIGHT  APPLE }:0( 
#itjustworks",Negative,hopefully small bug must fixing right apple itjustworks
apple,negative,125930406125117440,Mon Oct 17 13:45:23 +0000 2011,"@samsung, @apple, you do realise you're just really pissing off the customer base AS WELL AS looking petty.",Negative,realise youre really pissing customer base well looking petty
apple,negative,125929899071516676,Mon Oct 17 13:43:22 +0000 2011,@Apple - why do I have to have apps I am updating in their original 'folder' location? That was painful.,Negative,apps updating original folder location painful
apple,negative,125929395264299009,Mon Oct 17 13:41:22 +0000 2011,@apple domain fail. Open 2 hrs late for walk in ppl. Store was empty and i only need a skin 4 my screen. You represent customer service FAIL,Negative,domain fail open hr late walk ppl store empty need skin screen represent customer service fail
apple,negative,125920912171216896,Mon Oct 17 13:07:39 +0000 2011,@BrianMincey @apple the chipsets tear through battery life. Coworker has a htc thunderbolt that he gets about 3 hours of life.,Negative,chipsets tear battery life coworker htc thunderbolt get hour life
apple,negative,125876542600519681,Mon Oct 17 10:11:21 +0000 2011,I wish the Apple updater would stop trying to ram iTunes down my throat. I don't own a pissing iPhone @apple,Negative,wish apple updater would stop trying ram itunes throat dont pissing iphone
apple,negative,125863232249405440,Mon Oct 17 09:18:27 +0000 2011,Is it me or does my #iPhone run slower since the #iOS 5 update? @apple @Verizon,Negative,iphone run slower since io update
apple,negative,125846659182764032,Mon Oct 17 08:12:36 +0000 2011,Just searching with my voice on my 2 year old nexus one @apple.,Negative,searching voice year old nexus one
apple,negative,125845538926112768,Mon Oct 17 08:08:09 +0000 2011,"@apple, your update server has been timing out for a week. i had to force a restore w/the new #iOS5 software. lost all my stuff. thanks!",Negative,update server timing week force restore wthe new io software lost stuff thanks
apple,negative,125836461936361472,Mon Oct 17 07:32:05 +0000 2011,"#appleupdates
2 success stories- iPhone & iPad 2.
Now been on phone to Apple 45 mins. iPad 1 WILL not. Wasting my time 
@apple
#Replaceit!",Negative,appleupdates success story iphone ipad phone apple min ipad wasting time replaceit
apple,negative,125826259048607744,Mon Oct 17 06:51:32 +0000 2011,"Thanks to a 90 minute wait on hold, half an hour actually talking to someone, the @Apple tech decides to send me an email to fix my phone",Negative,thanks minute wait hold half hour actually talking someone tech decides send email fix phone
apple,negative,125824148579692544,Mon Oct 17 06:43:09 +0000 2011,I am very upset about and inconvenienced by this iphone update failed backup. @iphone @apple,Negative,upset inconvenienced iphone update failed backup
apple,negative,125822115155947520,Mon Oct 17 06:35:04 +0000 2011,but seriously @apple finance me a damn phone you greedy bastards! OR Santa...get your jolly ass in gear and get us a 4S - white plz,Negative,seriously finance damn phone greedy bastard santaget jolly as gear get u white plz
apple,negative,125819194049699840,Mon Oct 17 06:23:28 +0000 2011,My schedule is 2 busy 2 spend UNquality time with @ATT @Apple 2 recover Iphone again-The mo' mobile I get the mo' immobile I is. Sync Not!,Negative,schedule busy spend unquality time recover iphone againthe mo mobile get mo immobile sync
apple,negative,125815370513793024,Mon Oct 17 06:08:16 +0000 2011,"Pondering the iOS update... From the sounds of @MikeFerri's difficulties, I may just hold off :/ @Apple, FIX IT!",Negative,pondering io update sound difficulty may hold fix
apple,negative,125807830363156480,Mon Oct 17 05:38:18 +0000 2011,@twalve @apple you know the issues they have with DST and alarms :p,Negative,know issue dst alarm
apple,negative,125806568389361664,Mon Oct 17 05:33:17 +0000 2011,Why book @Apple Genius Bar if after 2.5 hours you still can't be served. Disappointing Apple Store Sydney. #thanksfornothing,Negative,book genius bar hour still cant served disappointing apple store sydney thanksfornothing
apple,negative,125806240138928128,Mon Oct 17 05:31:59 +0000 2011,Apparently @Apple genius training doesn't extend to clocks & service. They're half an hour late for my appointment and couldn't let me know?,Negative,apparently genius training doesnt extend clock service theyre half hour late appointment couldnt let know
apple,negative,125799384976863232,Mon Oct 17 05:04:45 +0000 2011,Thanks @apple for an OS update that has only succesfully bricked my iPod.,Negative,thanks o update succesfully bricked ipod
apple,negative,125794703819030528,Mon Oct 17 04:46:09 +0000 2011,"screw you @apple iOS 5. I can't download this crap, and I'm tired of trying. Get this problem figured out about my connection timing out",Negative,screw io cant download crap im tired trying get problem figured connection timing
apple,negative,125731810733867011,Mon Oct 17 00:36:14 +0000 2011,Wow. iCloud's mail is down. 1st the iOS 5 upgrade issues and now this. I really hope this isn't @apple without Steve Jobs.,Negative,wow iclouds mail st io upgrade issue really hope isnt without steve job
apple,negative,125729727653756928,Mon Oct 17 00:27:57 +0000 2011,@apple  why don't you guys test your upgrades before you put them out. 15 1/2 hrs u guys wasted of my time yesterday. Thanks.,Negative,dont guy test upgrade put hr guy wasted time yesterday thanks
apple,negative,125722107710672896,Sun Oct 16 23:57:40 +0000 2011,what is going on with all my @Apple products?! First my #iPad freezes (still is frozen) and then my #iPhone won't turn on!!! #techieTroubles,Negative,going product first ipad freeze still frozen iphone wont turn techietroubles
apple,negative,125717447276904448,Sun Oct 16 23:39:09 +0000 2011,"#iPad in perpetual restore loop after trying to upgrade to #iOS5 :(
@apple sux without steve",Negative,ipad perpetual restore loop trying upgrade io sux without steve
apple,negative,125717161531551744,Sun Oct 16 23:38:01 +0000 2011,2nd @apple genius apptment running late 2nd day in row for 2nd dodgy iPod . You make mega $$$ hire some staff.,Negative,nd genius apptment running late nd day row nd dodgy ipod make mega hire staff
apple,negative,125713100782575616,Sun Oct 16 23:21:53 +0000 2011,It took @apple about 7 years just to figure out how to properly syncronize an iPhone.  WOW!  #ios5,Negative,took year figure properly syncronize iphone wow io
apple,negative,125712104253702146,Sun Oct 16 23:17:55 +0000 2011,@apple So I went to the 5th Ave store and was told I could wait about 4 hours to get a 4S. Needless to say I'm back at the hotel relaxing.,Negative,went th ave store told could wait hour get needless say im back hotel relaxing
apple,negative,125711996074209280,Sun Oct 16 23:17:30 +0000 2011,"Overall I am a fan of the iPhone 4S; however, my Siri has issues connecting to the network @Apple",Negative,overall fan iphone however siri issue connecting network
apple,negative,125710089716899840,Sun Oct 16 23:09:55 +0000 2011,Terrible customer service at Los Gatos @Apple! Why do I have to pay $199 for a bad home button on my iPhone?!?,Negative,terrible customer service los gatos pay bad home button iphone
apple,negative,125708348237680640,Sun Oct 16 23:03:00 +0000 2011,@Apple thank you for sucking so much. I cannot believe you would sell something online that isn't made,Negative,thank sucking much cannot believe would sell something online isnt made
apple,negative,125706246056706049,Sun Oct 16 22:54:39 +0000 2011,Having major battery drain issue since updating iPhone 4 to iOS 5.  Anyone else? @AppStore @iPhone @apple,Negative,major battery drain issue since updating iphone io anyone else
apple,negative,125701785540235264,Sun Oct 16 22:36:55 +0000 2011,Dear @apple please send me my Mac Book back surely the repair is done by now... Thanks!,Negative,dear please send mac book back surely repair done thanks
apple,negative,125691072398639104,Sun Oct 16 21:54:21 +0000 2011,"@Apple, #iOS5 on iPhone2 causes Camera apperature dilation problems & freeze.",Negative,io iphone cause camera apperature dilation problem freeze
apple,negative,125689691927351296,Sun Oct 16 21:48:52 +0000 2011,"@Apple, #iOS5 #geolocation Suburbs with 2 words drops Map Pins in other States! Please fix.",Negative,io geolocation suburb word drop map pin state please fix
apple,negative,125681375058735104,Sun Oct 16 21:15:49 +0000 2011,"Sorry @apple, but #iMessage will never be what #BBM is. Disappointed.",Negative,sorry imessage never bbm disappointed
apple,negative,125681125376000000,Sun Oct 16 21:14:49 +0000 2011,Iphone 4s siri doesn't work for shit @apple,Negative,iphone siri doesnt work shit
apple,negative,125679166015283203,Sun Oct 16 21:07:02 +0000 2011,"Clarence Thomas must have designed the new OSX lion, tossing decades of workflow standards, @apple bring back “save as”! #autoSaveSucks",Negative,clarence thomas must designed new osx lion tossing decade workflow standard bring back save autosavesucks
apple,negative,125665094561574913,Sun Oct 16 20:11:07 +0000 2011,"@semilshah yeah except that when you ask for a receipt, it takes them 30 minutes to figure out where it printed out. Fix that, @Apple!",Negative,yeah except ask receipt take minute figure printed fix
apple,negative,125664507757461504,Sun Oct 16 20:08:48 +0000 2011,"RT @JDougyJ: hey @apple do you wanna fix my fucking playlist order, you piece of shit",Negative,rt hey wanna fix fucking playlist order piece shit
apple,negative,125663477573500930,Sun Oct 16 20:04:42 +0000 2011,Bummer!  My @Yahoo! iPad fantasy football app keeps crashing; not sure if it's the app or the new @apple iOS 5. Only two apps running.,Negative,bummer ipad fantasy football app keep crashing sure app new io two apps running
apple,negative,125661140939321344,Sun Oct 16 19:55:25 +0000 2011,@Apple can suck my dick gotta restore my ipad #annoyed,Negative,suck dick gotta restore ipad annoyed
apple,negative,125659125886623744,Sun Oct 16 19:47:24 +0000 2011,The line at the @apple is just STUPID,Negative,line stupid
apple,negative,125657359841361920,Sun Oct 16 19:40:23 +0000 2011,"@nansen Man, that sux! @apple io5 upgrade a total #fail for you!",Negative,man sux io upgrade total fail
apple,negative,125656559190683651,Sun Oct 16 19:37:12 +0000 2011,"Dear @Apple Contacts, you are terrible. I just cleaned duplicates for 3 hours and they magically reappeared. Fix it.",Negative,dear contact terrible cleaned duplicate hour magically reappeared fix
apple,negative,125654540455378945,Sun Oct 16 19:29:11 +0000 2011,"Is it too much to ask which app is incompatible, @apple? http://t.co/yKqip7nk",Negative,much ask app incompatible
apple,negative,125651769261965312,Sun Oct 16 19:18:10 +0000 2011,Pissed with whoever designs keyboards with @apple for not having a home and end key.  working on the CLI i use those keys often,Negative,pissed whoever design keyboard home end key working cli use key often
apple,negative,125649285667749889,Sun Oct 16 19:08:18 +0000 2011,@NoVaTyler @apple Most of mine are gone too! Not recovered after I saved them b4 I upgraded my iPhone! Soooo pissed!,Negative,mine gone recovered saved upgraded iphone soooo pissed
apple,negative,125645811903250432,Sun Oct 16 18:54:30 +0000 2011,"hey @apple do you wanna fix my fucking playlist order, you piece of shit",Negative,hey wanna fix fucking playlist order piece shit
apple,negative,125643054190305280,Sun Oct 16 18:43:33 +0000 2011,Siri is having a hard time remembering who my sister is. contact card needs space for family info. #iPhone4S @apple,Negative,siri hard time remembering sister contact card need space family info iphones
apple,negative,125642742977138689,Sun Oct 16 18:42:18 +0000 2011,"#ios5 getting sloppy @apple. U need to check your QA team. Too many issues with apps, data and syncing",Negative,io getting sloppy need check qa team many issue apps data syncing
apple,negative,125641051531784192,Sun Oct 16 18:35:35 +0000 2011,RT @nansen: so this SMS full message is known @apple issue with new iOS5 update. trying restore. When all else #fail - restore.,Negative,rt sm full message known issue new io update trying restore else fail restore
apple,negative,125639217090011136,Sun Oct 16 18:28:18 +0000 2011,So glad that I paid $69 for this @apple care protection plan.  Been on hold for over 20 minutes now.  Great customer service. #NOT,Negative,glad paid care protection plan hold minute great customer service
apple,negative,125633065878958080,Sun Oct 16 18:03:51 +0000 2011,not happy with @apple right now. the upgrade to my itouch4 took out my itouch and laptop. #help,Negative,happy right upgrade itouch took itouch laptop help
apple,negative,125631239364427776,Sun Oct 16 17:56:36 +0000 2011,All I can say about @Apple right now is #GoodRiddance — See? Cancer isn't ALL BAD!,Negative,say right goodriddance see cancer isnt bad
apple,negative,125626166492147713,Sun Oct 16 17:36:26 +0000 2011,@twitter can you look at problem on iPad where it won't open @ messages. It just crashes the app. You too @apple maybe your fault.,Negative,look problem ipad wont open message crash app maybe fault
apple,negative,125621144148639744,Sun Oct 16 17:16:29 +0000 2011,@apple What's the point of iCloud wireless updates when ios5 now forces me to use the computer to charge my ipod touch now? #worstupdateever,Negative,whats point icloud wireless update io force use computer charge ipod touch worstupdateever
apple,negative,125607492356018176,Sun Oct 16 16:22:14 +0000 2011,"@robert_terpstra no worries bud, ps: they're saying that the 4s is having a lot of network issues right now. (I'm @apple for mac problems)",Negative,worry bud p theyre saying lot network issue right im mac problem
apple,negative,125603435440644098,Sun Oct 16 16:06:07 +0000 2011,"I hate you @apple for not sending Toledo,oh @bestbuy any @iPhone for @verizon even after I pre ordered!!!",Negative,hate sending toledooh even pre ordered
apple,negative,125601235985367041,Sun Oct 16 15:57:22 +0000 2011,"@pmphillips @apple If my non-Apple equipment broke this often, I guess I'd need an Asus genius bar. But it doesn't, so I don't :-)",Negative,nonapple equipment broke often guess id need asus genius bar doesnt dont
apple,negative,125599423131697154,Sun Oct 16 15:50:10 +0000 2011,Why is the new @apple iPhone OS duplicating all my iCal events? There's 2 of everything. How do I fix it? (tried turning iCloud off),Negative,new iphone o duplicating ical event there everything fix tried turning icloud
apple,negative,125598450090917888,Sun Oct 16 15:46:18 +0000 2011,"Dear @Apple, how convenient/handy/thoughtful/smart that after iPhone #ios5 update you're apps won't work anymore! (none!!!) :( #gr%\mbl^.%)",Negative,dear convenienthandythoughtfulsmart iphone io update youre apps wont work anymore none grmbl
apple,negative,125588202286366721,Sun Oct 16 15:05:35 +0000 2011,Hey @Apple...I know Steve Jobs died & all but my Twitter for iPad app keeps crashing...Fix it...NOW..please..lol -F.Light,Negative,hey know steve job died twitter ipad app keep crashingfix itnowpleaselol flight
apple,negative,125586348064247808,Sun Oct 16 14:58:13 +0000 2011,@apple not happy with Apple today. I did the suggested software update and now nothing works!!!,Negative,happy apple today suggested software update nothing work
apple,negative,125583385895768064,Sun Oct 16 14:46:27 +0000 2011,Smashed yet another #iPhone screen. When are @apple gonna make the phone more durable!!! Tired of fixing it myself!!!,Negative,smashed yet another iphone screen gonna make phone durable tired fixing
apple,negative,125561930416013312,Sun Oct 16 13:21:11 +0000 2011,"IOS5 has one problem, when i save someone in my contacts they don't show his nam becuz of the region/ +965 @apple #apple",Negative,io one problem save someone contact dont show nam becuz region apple
apple,negative,125556679571025920,Sun Oct 16 13:00:19 +0000 2011,I sure as hell better be able to restore my calendar events. Terrible bug apple! @apple #icloud #anothericloudfail,Negative,sure hell better able restore calendar event terrible bug apple icloud anothericloudfail
apple,negative,125544764203466752,Sun Oct 16 12:12:58 +0000 2011,I really hate that @apple won't let you hide the Newsstand app or move it into a folder. It serves no purpose for me.,Negative,really hate wont let hide newsstand app move folder serf purpose
apple,negative,125533730222784512,Sun Oct 16 11:29:08 +0000 2011,Life was much easier when @apple and @BlackBerry were just fruits!,Negative,life much easier fruit
apple,negative,125521682894041088,Sun Oct 16 10:41:15 +0000 2011,@apple No location reminders on ipad2! That was the point of updating to iOS 5,Negative,location reminder ipad point updating io
apple,negative,125510333078048768,Sun Oct 16 09:56:09 +0000 2011,"Comparing @Office #live with @google #apps and @apple #iCloud , I do not see #iCloud leading the crowd. Do you agree ?",Negative,comparing live apps icloud see icloud leading crowd agree
apple,negative,125475953509015552,Sun Oct 16 07:39:33 +0000 2011,"Turns out my computer isn't as fixed as it is meant to be. Fuck you @Apple, I'm going back to your Genius Bar to complain. #annoyed",Negative,turn computer isnt fixed meant fuck im going back genius bar complain annoyed
apple,negative,125471372485992448,Sun Oct 16 07:21:21 +0000 2011,"If @apple doesn't fix iOS5 this week, I'm buying a droid #emptythreats",Negative,doesnt fix io week im buying droid emptythreats
apple,negative,125464229577891840,Sun Oct 16 06:52:58 +0000 2011,@apple pls launch #Siri on iphone4 .. Disappointed after spending hours for upgrading to iOS5..,Negative,pls launch siri iphone disappointed spending hour upgrading io
apple,negative,125458395800154112,Sun Oct 16 06:29:47 +0000 2011,@apple you can suck it you and your fucking iPhones better be glad it's all I like cause the service Is fucking terrible,Negative,suck fucking iphones better glad like cause service fucking terrible
apple,negative,125442137302110208,Sun Oct 16 05:25:10 +0000 2011,"This is the first time I've been unhappy with any @apple product... Disappointed, and the Internet seems as confused as I am right now.",Negative,first time ive unhappy product disappointed internet seems confused right
apple,negative,125441478951575552,Sun Oct 16 05:22:33 +0000 2011,"After a week or so with @Apple's #iOS5 I'm considering going back to #jailbroken 4.2 - same features as 5, plus more. Not as stable, though.",Negative,week io im considering going back jailbroken feature plus stable though
apple,negative,125408962215555072,Sun Oct 16 03:13:21 +0000 2011,Had issues with #Siri reaching network today. Too many uses or my signal? @apple,Negative,issue siri reaching network today many us signal
apple,negative,125408737296003072,Sun Oct 16 03:12:27 +0000 2011,The new iOS5 completely failed at upgrading the phone. Now I'm stuck in this restore loop. Thanks @apple for wasting my day. Can i undo?,Negative,new io completely failed upgrading phone im stuck restore loop thanks wasting day undo
apple,negative,125408701166256128,Sun Oct 16 03:12:18 +0000 2011,Is it me or does #iPhone4s run a little warm sometimes? @apple,Negative,iphones run little warm sometimes
apple,negative,125407447383937025,Sun Oct 16 03:07:20 +0000 2011,"@apple WTF why can we not add the newsstand to a folder?! We are already in your walled garden, so please don't remind us of it.",Negative,wtf add newsstand folder already walled garden please dont remind u
apple,negative,125406743923671040,Sun Oct 16 03:04:32 +0000 2011,@apple just now seeing none of my Microsoft Office programs work anymore after Lion upgrade. Why??,Negative,seeing none microsoft office program work anymore lion upgrade
apple,negative,125405260650000384,Sun Oct 16 02:58:38 +0000 2011,"Dear @Apple, I don't want the newsstand icon on my screen. #notcool",Negative,dear dont want newsstand icon screen notcool
apple,negative,125405005493706752,Sun Oct 16 02:57:37 +0000 2011,@Blackberry does take better quality photos than @Apple iPhone though. I give them that! #photograhersEye,Negative,take better quality photo iphone though give photograherseye
apple,negative,125404317669785600,Sun Oct 16 02:54:53 +0000 2011,Ok @iTunesMusic idk wth is up but after syncing my phone my album art is out of order! WTF @Apple!,Negative,ok idk wth syncing phone album art order wtf
apple,negative,125400161886277632,Sun Oct 16 02:38:23 +0000 2011,I wish Siri could tweet for me . @apple fix that .,Negative,wish siri could tweet fix
apple,negative,125399780527570944,Sun Oct 16 02:36:52 +0000 2011,@apple I'm still waiting for you to deliver my phone to @sprint,Negative,im still waiting deliver phone
apple,negative,125394863255588864,Sun Oct 16 02:17:19 +0000 2011,I will never purchase another @Apple product for the rest of my life. I am glad Steve Jobs is fucking dead. MAY YOU FUCKING ROT IN HELL!!!!!,Negative,never purchase another product rest life glad steve job fucking dead may fucking rot hell
apple,negative,125394746452619265,Sun Oct 16 02:16:51 +0000 2011,Thanks to @Apple my new iMac is a brick. I cannot re-install Lion and I cannot purchase it because it was installed by the former owner.,Negative,thanks new imac brick cannot reinstall lion cannot purchase installed former owner
apple,negative,125394663573172224,Sun Oct 16 02:16:32 +0000 2011,"Asked #Siri ""Where's Baby Lisa?"" and was told ""sorry, I'm having trouble connecting to the network right now."" @apple server fail. #ios5",Negative,asked siri wheres baby lisa told sorry im trouble connecting network right server fail io
apple,negative,125371779039502336,Sun Oct 16 00:45:36 +0000 2011,Only thing #iOS.5 has done is deleted my tiger woods game and made impossible to retrieve. Thanks @Apple!,Negative,thing io done deleted tiger wood game made impossible retrieve thanks
apple,negative,125369698840887297,Sun Oct 16 00:37:20 +0000 2011,Damn you @apple for breaking wififofum! It continued to work in ios 4. Was one of my most used apps. Damn Apple's overbearing policies!,Negative,damn breaking wififofum continued work io one used apps damn apple overbearing policy
apple,negative,125365852487942145,Sun Oct 16 00:22:03 +0000 2011,"yo, @apple, this update is a disaster",Negative,yo update disaster
apple,negative,125365814579826688,Sun Oct 16 00:21:54 +0000 2011,"Dear @Apple,Congratulations, I am suing my insurance company and you just managed to make it to the top of my shit list. #Ineedthosepictures",Negative,dear congratulation suing insurance company managed make top shit list ineedthosepictures
apple,negative,125365581170999296,Sun Oct 16 00:20:58 +0000 2011,Dear @Apple: You must let me turn off iCloud to save bandwidth and NOT delete EVERY document on my iPad. That's BULLSHIT!,Negative,dear must let turn icloud save bandwidth delete every document ipad thats bullshit
apple,negative,125355869859876864,Sat Oct 15 23:42:23 +0000 2011,"RT @JoelBurns: Dear @Apple, it's me again. Thank for beautiful new iOS features. But I miss some of the old ones. Lk making calls & texts
&gt;(",Negative,rt dear thank beautiful new io feature miss old one lk making call text gt
apple,negative,125355139409252352,Sat Oct 15 23:39:28 +0000 2011,By far the worst experience upgrading out of any version of iOS @apple #iOS5,Negative,far worst experience upgrading version io io
apple,negative,125347619072512000,Sat Oct 15 23:09:35 +0000 2011,What happened? RT @xCuntNuggetx: Never purchasing another item from @apple.,Negative,happened rt never purchasing another item
apple,negative,125346783390990337,Sat Oct 15 23:06:16 +0000 2011,Never purchasing another item from @apple.,Negative,never purchasing another item
apple,negative,125341902739484672,Sat Oct 15 22:46:53 +0000 2011,"RT @leiboaz: Wow, worst @apple customer service experience ever. Arrogant and inept. Bad combo, Biltmore Apple store.",Negative,rt wow worst customer service experience ever arrogant inept bad combo biltmore apple store
apple,negative,125341804857008128,Sat Oct 15 22:46:29 +0000 2011,"Wow, worst @apple customer service experience ever. Arrogant and inept. Bad combo, Biltmore Apple store.",Negative,wow worst customer service experience ever arrogant inept bad combo biltmore apple store
apple,negative,125338210158125056,Sat Oct 15 22:32:12 +0000 2011,"Hey guys at @Apple, WTF is happening to #iPhone4, with #iOS5 suddenly fade to black and begin to vibrate continuously, I had to reboot it",Negative,hey guy wtf happening iphone io suddenly fade black begin vibrate continuously reboot
apple,negative,125336335656558592,Sat Oct 15 22:24:45 +0000 2011,@hbogo @apple - why don't you play nice and let me use HDMI from iPad?  Pretty lame.,Negative,dont play nice let use hdmi ipad pretty lame
apple,negative,125334948017213441,Sat Oct 15 22:19:14 +0000 2011,"Warning: if iphone apps spontaneously loose data, it might not be the app's fault - http://t.co/1SEsvWwm #ios5downgrade @apple @marcoarment",Negative,warning iphone apps spontaneously loose data might apps fault iosdowngrade
apple,negative,125334519254482944,Sat Oct 15 22:17:32 +0000 2011,"RT @JoelBurns: Dear @Apple, it's me again. Thanks for beautiful new iOS features. But I miss some of the old ones. Like making calls & t ...",Negative,rt dear thanks beautiful new io feature miss old one like making call
apple,negative,125333948556521472,Sat Oct 15 22:15:16 +0000 2011,"…and only the first 23 images in my Photo Roll made it over? Seriously, @apple, how did you fuck this up so much?",Negative,first image photo roll made seriously fuck much
apple,negative,125330038248849408,Sat Oct 15 21:59:44 +0000 2011,@apple why does #iPhone4 plus #iOS5 equal half the battery life?,Negative,iphone plus io equal half battery life
apple,negative,125329867674886144,Sat Oct 15 21:59:03 +0000 2011,@apple why isn't my iTunes updating? I just wanna update my iPhone to IOS5!!! Then iTunes says that it needs to update to do it. Then fails!,Negative,isnt itunes updating wanna update iphone io itunes say need update fails
apple,negative,125327896066785280,Sat Oct 15 21:51:13 +0000 2011,Now @apple won't let me use credit on @iTunes unless I have a credit card. Should have told me when I redeemed the cards. Sound fair to you?,Negative,wont let use credit unless credit card told redeemed card sound fair
apple,negative,125313086465904641,Sat Oct 15 20:52:22 +0000 2011,"@amandbrar @apple Siri has worked for me less than 10% of the time. If service doesn't improve by Monday, I'm returning my iPhone 4S.",Negative,siri worked less time service doesnt improve monday im returning iphone
apple,negative,125311989751877632,Sat Oct 15 20:48:01 +0000 2011,"@azrael: RT @DavideGori: And again #MobileMe is down. Issues when syncing, accessing mail... is this a good premise for #iCloud? @Apple, ...",Negative,rt mobileme issue syncing accessing mail good premise icloud
apple,negative,125309975881977857,Sat Oct 15 20:40:01 +0000 2011,need @apple help!! installing new ios on #iphone4 and am stuck on the Find My iPhone screen :( i keep clicking next but it doesn't work,Negative,need help installing new io iphone stuck find iphone screen keep clicking next doesnt work
apple,negative,125309448108519424,Sat Oct 15 20:37:55 +0000 2011,"Bummer that @Apple #iCloud syncs on Windows only w/ Outlook (not Thunderbird) & IE (not Firefox, Chrome). #sadmac",Negative,bummer icloud syncs window outlook thunderbird ie firefox chrome sadmac
apple,negative,125309427422203904,Sat Oct 15 20:37:50 +0000 2011,@RonakKataria @apple you heard of testing before deploying updates. Difference between microsoft & apple: None,Negative,heard testing deploying update difference microsoft apple none
apple,negative,125307394640199680,Sat Oct 15 20:29:46 +0000 2011,"Disappointing visual merchandising, @apple. Simple, but lacks elegance. And sequence doesn't even tell us about #Siri. http://t.co/XV2q3gfi",Negative,disappointing visual merchandising simple lack elegance sequence doesnt even tell u siri
apple,negative,125305396842856448,Sat Oct 15 20:21:49 +0000 2011,has been on terminal hold with @apple support!  She must not be the only person having trouble with the new iphone and synching!,Negative,terminal hold support must person trouble new iphone synching
apple,negative,125303217214062592,Sat Oct 15 20:13:09 +0000 2011,@apple thanks apple for ios 5 and losing all my contacts!,Negative,thanks apple io losing contact
apple,negative,125302079752384512,Sat Oct 15 20:08:38 +0000 2011,@apple give me my apps back!!!,Negative,give apps back
apple,negative,125301860256063488,Sat Oct 15 20:07:46 +0000 2011,"@Apple #iOS5 NONSTOP DROPPED CALLS&MUTE BUTTON RANDOMLY ACTIVATING&PERSON CANT HEAR ME, PULL PHONE FROM EAR TO BE ON A ""MOBILE ME"" SCREEN",Negative,io nonstop dropped callsmute button randomly activatingperson cant hear pull phone ear mobile screen
apple,negative,125301393560047616,Sat Oct 15 20:05:54 +0000 2011,"RT @tomcolontonio: Didn't it occur to @apple #apple that ppl share iTunes accounts amongst family's ?????
Wtf!!!!",Negative,rt didnt occur apple ppl share itunes account amongst family wtf
apple,negative,125301265700892672,Sat Oct 15 20:05:24 +0000 2011,@tomcolontonio @apple #EPICFAIL,Negative,epicfail
apple,negative,125277260872822786,Sat Oct 15 18:30:01 +0000 2011,90 minutes after being at 100% my iPhone 4 (post #ios5 upgrade) has lost 40% of its charge and the @apple store folks are out of ideas.,Negative,minute iphone post io upgrade lost charge store folk idea
apple,negative,125276004817190914,Sat Oct 15 18:25:01 +0000 2011,"So ""cutting the cord"" makes podcasts even harder to manage?!? No subscriptions! WTH, @Apple? http://t.co/LD2i871x #iOS5 (via @carrypad)",Negative,cutting cord make podcasts even harder manage subscription wth io via
apple,negative,125271422431014914,Sat Oct 15 18:06:49 +0000 2011,"remember when people used to say ""flat the fuck out!!"" lol.. and their face while saying.... kindahow i feel about @apple",Negative,remember people used say flat fuck lol face saying kindahow feel
apple,negative,125269239207706624,Sat Oct 15 17:58:08 +0000 2011,In less than an hour my post- #iOS5 iPhone has gone from 100% to 73% battery charge and the @apple store folks have no solution for me :(,Negative,less hour post io iphone gone battery charge store folk solution
apple,negative,125269161327865856,Sat Oct 15 17:57:50 +0000 2011,Well @apple seems 2b screwing #iphone 4s resellars. They still dont have 4s. Yet were promised. Similar 2 Ma Bell's monopolistic prctices?,Negative,well seems screwing iphone resellars still dont yet promised similar bell monopolistic prctices
apple,negative,125267178336419840,Sat Oct 15 17:49:57 +0000 2011,"Also @EricGreenspan, don't forget @Apple stop closing the app store after each bloody purchase...",Negative,also dont forget stop closing app store bloody purchase
apple,negative,125265721281351680,Sat Oct 15 17:44:09 +0000 2011,@apple cu,Negative,cu
apple,negative,125261285083447296,Sat Oct 15 17:26:32 +0000 2011,*sigh* @apple store seems stumped what to do about my catastrophically bad battery life after upgrading to #ios5,Negative,sigh store seems stumped catastrophically bad battery life upgrading io
apple,negative,125247130762883072,Sat Oct 15 16:30:17 +0000 2011,Hmmmm a lot of #Siri features don't work in Canada. Location and directions? Seriously @apple come on!,Negative,hmmmm lot siri feature dont work canada location direction seriously come
apple,negative,125245780192792576,Sat Oct 15 16:24:55 +0000 2011,"@apple, #siri can't connect to the network -- it's LESS useful that VoiceControl now... :(",Negative,siri cant connect network less useful voicecontrol
apple,negative,125245104859529216,Sat Oct 15 16:22:14 +0000 2011,@apple took my Siri and made it exclusive to iPhone 4S  #SoRude,Negative,took siri made exclusive iphone sorude
apple,negative,125236708403970048,Sat Oct 15 15:48:52 +0000 2011,total time on the phone with @apple: 1 hour 27 minutes. let's see how this goes.,Negative,total time phone hour minute let see go
apple,negative,125236166151774208,Sat Oct 15 15:46:43 +0000 2011,"Waited in line for nothing, fucking genius @Apple called an app for ""John"" not ""jean"" stop fucking up my name im not a French boy. #PCam ...",Negative,waited line nothing fucking genius called app john jean stop fucking name im french boy pcam
apple,negative,125232266849947648,Sat Oct 15 15:31:13 +0000 2011,"Dear @apple, One day you're going to release a version of iTunes that doesn't freeze more often than it works. One day.",Negative,dear one day youre going release version itunes doesnt freeze often work one day
apple,negative,125230743990444032,Sat Oct 15 15:25:10 +0000 2011,It's been 24hrs since I reported @ups theft of my iPhone and @apple has done nothing. No return call as promised. Nothing.,Negative,hr since reported theft iphone done nothing return call promised nothing
apple,negative,125230107580317696,Sat Oct 15 15:22:38 +0000 2011,"This does not bode well. After charging all night, my @Apple iPhone 4S has 25% battery after only 3hr off charger with no calls & light use",Negative,bode well charging night iphone battery hr charger call light use
apple,negative,125227837438435328,Sat Oct 15 15:13:37 +0000 2011,Houston we have a problem!! My iPad has been restoring for 12+ hours after installing @apple IOS5. This can't be right....,Negative,houston problem ipad restoring hour installing io cant right
apple,negative,125224588253741056,Sat Oct 15 15:00:43 +0000 2011,#Siri went down for a little while last night. Come on @apple! Get your shit together on this launch!,Negative,siri went little last night come get shit together launch
apple,negative,125223685194915840,Sat Oct 15 14:57:07 +0000 2011,"@ford should have teamed up with @Apple instead of @microsoft to make this SYNC system in my new focus. 
Car is sweet SYNC is #EpicFail",Negative,teamed instead make sync system new focus car sweet sync epicfail
apple,negative,125204228967903232,Sat Oct 15 13:39:49 +0000 2011,Installed io5 - fine on ipad but wiped wife's iPhone and restore from backup failed! #Bigtrouble #help @apple,Negative,installed io fine ipad wiped wife iphone restore backup failed bigtrouble help
apple,negative,125202037293064192,Sat Oct 15 13:31:06 +0000 2011,"RT @gdcurry: Really @Apple?  What have you done to my iTunes now?  I can't click on Music, Movies, TV Shows, or any playlists. I get a l ...",Negative,rt really done itunes cant click music movie tv show playlist get
apple,negative,125129328446017536,Sat Oct 15 08:42:11 +0000 2011,DAMN YOU !!! @apple,Negative,damn
apple,neutral,126417484017451009,Tue Oct 18 22:00:51 +0000 2011,@Late_Show I would have watched but the folks at @apple have a jihad against adobe flash. Plse consider a YouTube link in future on UR site,Neutral,would watched folk jihad adobe flash plse consider youtube link future ur site
apple,neutral,126415742177513472,Tue Oct 18 21:53:56 +0000 2011,"RT @rdingwell: .@Apple has a record quarter and because a bunch of professional guessers (aka analysts) wanted more, its a disappointmen ...",Neutral,rt record quarter bunch professional guesser aka analyst wanted disappointmen
apple,neutral,126415618625912832,Tue Oct 18 21:53:26 +0000 2011,"Hey @apple, androids releasing brand new state of the art phones, whens your new phone come out? What's that? (cont) http://t.co/2sko9l3d",Neutral,hey android releasing brand new state art phone whens new phone come whats cont
apple,neutral,126414657836687362,Tue Oct 18 21:49:37 +0000 2011,".@Apple has a record quarter and because a bunch of professional guessers (aka analysts) wanted more, its a disappointment #wtf",Neutral,record quarter bunch professional guesser aka analyst wanted disappointment wtf
apple,neutral,126410146703351808,Tue Oct 18 21:31:42 +0000 2011,@Apple how fun wouldn't it be if it was possible to integrate  ( soon to be named ) with notifications?,Neutral,fun wouldnt possible integrate soon named notification
apple,neutral,126409984836763648,Tue Oct 18 21:31:03 +0000 2011,"Interesting read on war b/w @Apple & @Samsung- http://t.co/Vt9d24Yi -using latter, agree lack of innovation, but better specs at same price!",Neutral,interesting read war bw using latter agree lack innovation better spec price
apple,neutral,126407959495442432,Tue Oct 18 21:23:00 +0000 2011,RT @adamnash: The takeaway from the @Apple earnings call?  Even Apple needs a new iPhone release every 12 months to stay competitive. cc ...,Neutral,rt takeaway earnings call even apple need new iphone release every month stay competitive cc
apple,neutral,126407672521162753,Tue Oct 18 21:21:52 +0000 2011,The takeaway from the @Apple earnings call?  Even Apple needs a new iPhone release every 12 months to stay competitive. cc: @hblodget,Neutral,takeaway earnings call even apple need new iphone release every month stay competitive cc
apple,neutral,126407511531192320,Tue Oct 18 21:21:13 +0000 2011,Today's headline: @apple reports lower 4Q earnings. Headline in 3 months: @Apple reports record Q1 earnings.,Neutral,today headline report lower earnings headline month report record earnings
apple,neutral,126405911697817600,Tue Oct 18 21:14:52 +0000 2011,"Win an @Apple iPod Touch from @Mommy_gaga, get the @Pampers Hello World Baby Memories App! http://t.co/XVcch6Os #PampersHelloApps""",Neutral,win ipod touch get hello world baby memory app pampershelloapps
apple,neutral,126405821482532864,Tue Oct 18 21:14:31 +0000 2011,@apple expanded the app store to more than 20 new countries in the december quarter,Neutral,expanded app store new country december quarter
apple,neutral,126405160934178816,Tue Oct 18 21:11:53 +0000 2011,@Apple will be rolling out iPhone 4S to more than 20 more countries by the end of the month.,Neutral,rolling iphone country end month
apple,neutral,126403530838913024,Tue Oct 18 21:05:24 +0000 2011,Is it JUST a coincidence that @Apple named their virtual assistant after Tom and Katie's robot daughter?,Neutral,coincidence named virtual assistant tom katies robot daughter
apple,neutral,126401882766839811,Tue Oct 18 20:58:51 +0000 2011,Good or Bad results for @Apple ? Depends on who you ask apparently http://t.co/yDH8ffxE,Neutral,good bad result depends ask apparently
apple,neutral,126400491067416576,Tue Oct 18 20:53:20 +0000 2011,Interesting times when increasing your revenue from $20B to $28B in a recession is considered a disappointment. @apple,Neutral,interesting time increasing revenue recession considered disappointment
apple,neutral,126394795802370049,Tue Oct 18 20:30:42 +0000 2011,People are waiting in line @apple for phones at 1:30 on a Tuesday! Don't you people have Jobs(no pun intended?)???,Neutral,people waiting line phone tuesday dont people jobsno pun intended
apple,neutral,126393452324855808,Tue Oct 18 20:25:21 +0000 2011,"@Apple Would much rather get outta this having a ( see pic ) and have fun with this "" Have your friends choose music"" http://t.co/7IiHbr4J",Neutral,would much rather get outta see pic fun friend choose music
apple,neutral,126389413054910464,Tue Oct 18 20:09:18 +0000 2011,RT @CRMStrategies: Great Tech War of 2012 http://t.co/64jGRoBp @FastCompany profiles @Amazon @Apple @Google @Facebook on @CNBC /ht @phil ...,Neutral,rt great tech war profile ht
apple,neutral,126387460463788032,Tue Oct 18 20:01:33 +0000 2011,@apple gonna see if anyone stayed logged into their fb or twitter #TroubleMaker,Neutral,gonna see anyone stayed logged fb twitter troublemaker
apple,neutral,126386085164101634,Tue Oct 18 19:56:05 +0000 2011,@leg3nd @apple the new iPhone?,Neutral,new iphone
apple,neutral,126384526925639681,Tue Oct 18 19:49:53 +0000 2011,"If you've been struggling to get hold of me, I'm back online with a new iPhone - thanks @apple",Neutral,youve struggling get hold im back online new iphone thanks
apple,neutral,126383125059211265,Tue Oct 18 19:44:19 +0000 2011,"Hey @Apple, pretty much all your products are amazing. You blow minds every time you launch a new gizmo. That said, your hold music is crap.",Neutral,hey pretty much product amazing blow mind every time launch new gizmo said hold music crap
apple,neutral,126381578975842304,Tue Oct 18 19:38:11 +0000 2011,Great Tech War of 2012 http://t.co/64jGRoBp @FastCompany profiles @Amazon @Apple @Google @Facebook on @CNBC /ht @philsimon,Neutral,great tech war profile ht
apple,neutral,126380323733909504,Tue Oct 18 19:33:11 +0000 2011,@Jake_Gyllenhaal So you've made up with @Apple?,Neutral,youve made
apple,neutral,126379730827083776,Tue Oct 18 19:30:50 +0000 2011,@Apple has a pic of Steve Jobs on their home page. #Honor,Neutral,pic steve job home page honor
apple,neutral,126377120023842816,Tue Oct 18 19:20:28 +0000 2011,"@Apple to shut stores!!! C'mon, Only Wednesday for @SteveJobs memorial.",Neutral,shut store cmon wednesday memorial
apple,neutral,126375024595705856,Tue Oct 18 19:12:08 +0000 2011,@Motorola is the Best Android-powered company that is going against @Apple.,Neutral,best androidpowered company going
apple,neutral,126374630377275392,Tue Oct 18 19:10:35 +0000 2011,@apple #readyfor5.0.1 http://t.co/M2FqakYr,Neutral,readyfor
apple,neutral,126370776013213697,Tue Oct 18 18:55:15 +0000 2011,This is what I have been waiting for RT @Apple The last big project Steve Jobs was working on was the new cranial insertion device: iMplant.,Neutral,waiting rt last big project steve job working new cranial insertion device implant
apple,neutral,126368680459251712,Tue Oct 18 18:46:55 +0000 2011,Apple Users Get The official Kalifornia Cavi App on your Apple Device now on  - powered by @Apple - Download it free http://t.co/HlGnvlRw,Neutral,apple user get official kalifornia cavi app apple device powered download free
apple,neutral,126368285259350017,Tue Oct 18 18:45:21 +0000 2011,The official Kalifornia Cavi Mobil App is now available on the app store - powered by @Apple - Download it free http://t.co/HlGnvlRw,Neutral,official kalifornia cavi mobil app available app store powered download free
apple,neutral,126368127524159488,Tue Oct 18 18:44:44 +0000 2011,"#Win an @Apple iPod Touch from @Mommy_gaga, get the @Pampers Hello World Baby Memories App! http://t.co/I6woujUh #PampersHelloApps",Neutral,win ipod touch get hello world baby memory app pampershelloapps
apple,neutral,126364189097865216,Tue Oct 18 18:29:05 +0000 2011,@Apple #RIPSteve RT @davepeck: Steve Jobs and the Seven Rules of Success http://t.co/4nLRLdWy,Neutral,ripsteve rt steve job seven rule success
apple,neutral,126362867778859008,Tue Oct 18 18:23:50 +0000 2011,"macbreak weekly @TWiT via @apple airplay in full HD on the 42"". finally! @leolaporte @Ihnatko @alexlindsay",Neutral,macbreak weekly via airplay full hd finally
apple,neutral,126360821419884544,Tue Oct 18 18:15:42 +0000 2011,"Stay young, stay foolish. But take ownership when u f*ck up, don't complain, and never give up. #resilience @apple",Neutral,stay young stay foolish take ownership fck dont complain never give resilience
apple,neutral,126360182308618240,Tue Oct 18 18:13:09 +0000 2011,"Dear @motorola, I smell a lawsuit coming your way. cc: @apple #motoactv",Neutral,dear smell lawsuit coming way cc motoactv
apple,neutral,126358012343492608,Tue Oct 18 18:04:32 +0000 2011,RT @hofmania: I just paid someone to wait in line at the @apple store this morning for me on @zaarly #putapriceonconvenience #iphone htt ...,Neutral,rt paid someone wait line store morning putapriceonconvenience iphone htt
apple,neutral,126357527196741632,Tue Oct 18 18:02:36 +0000 2011,@apple Or @Microsoft Buying Out @RIM ?,Neutral,buying
apple,neutral,126353359962775552,Tue Oct 18 17:46:03 +0000 2011,@apple Why don't you have a wireless remote for Keynote presentations w a MacBook Air?  Nobody wants to see the pith man navigate w a iPhone,Neutral,dont wireless remote keynote presentation macbook air nobody want see pith man navigate iphone
apple,neutral,126351669029126144,Tue Oct 18 17:39:20 +0000 2011,"RT @HaendelBalzora: dear @apple please invent ""FaceTime Voicemails."" sincerely, haendel balzora jr. #apple",Neutral,rt dear please invent facetime voicemail sincerely haendel balzora jr apple
apple,neutral,126348857071239168,Tue Oct 18 17:28:09 +0000 2011,"#Win an @Apple iPod Touch from @Mommy_gaga, get the @Pampers Hello World Baby Memories App! http://t.co/YUydxo1t #PampersHelloApps",Neutral,win ipod touch get hello world baby memory app pampershelloapps
apple,neutral,126347890196103168,Tue Oct 18 17:24:19 +0000 2011,"dear @apple please invent ""FaceTime Voicemails."" sincerely, haendel balzora jr. #apple",Neutral,dear please invent facetime voicemail sincerely haendel balzora jr apple
apple,neutral,126346633721032705,Tue Oct 18 17:19:19 +0000 2011,"RT @jesperordrup: Hi @apple. Household has 4 iphones, 2 ipads, 2 minis, 2 apple tv, AirPorts, Timecapsule +. Whats a usable iPhoto shari ...",Neutral,rt hi household iphones ipads mini apple tv airport timecapsule whats usable iphoto shari
apple,neutral,126346584068861952,Tue Oct 18 17:19:07 +0000 2011,Couldnt help it & explored the #iphone4s @apple store & talked to #Siri... Should've tried to speak to her in French?! #nexttime,Neutral,couldnt help explored iphones store talked siri shouldve tried speak french nexttime
apple,neutral,126343124174901248,Tue Oct 18 17:05:22 +0000 2011,"is it just me or do other people miss the iPod symbol on the iPhone? I had the first iPod, it's what I relate to @apple #ios5 #nostalgia",Neutral,people miss ipod symbol iphone first ipod relate io nostalgia
apple,neutral,126336867477094400,Tue Oct 18 16:40:31 +0000 2011,@ATTCustomerCare @att @apple I already have an iPhone 4 with an ATT contract. Can I buy a factory UNLOCKED iPhone 4S with my contract?,Neutral,already iphone att contract buy factory unlocked iphone contract
apple,neutral,126336687382081536,Tue Oct 18 16:39:48 +0000 2011,RT @HowardMortman: .RT @edatpost: .@Apple fan Eric Holder spotted at the Genius Store http://t.co/7vZSIXpy,Neutral,rt rt fan eric holder spotted genius store
apple,neutral,126331354718801921,Tue Oct 18 16:18:36 +0000 2011,"Hi @apple. Household has 4 iphones, 2 ipads, 2 minis, 2 apple tv, AirPorts, Timecapsule +. Whats a usable iPhoto sharing setup? /cc @maddox",Neutral,hi household iphones ipads mini apple tv airport timecapsule whats usable iphoto sharing setup cc
apple,neutral,126330974270271488,Tue Oct 18 16:17:06 +0000 2011,RT @edatpost: Bah! Genius BAR // RT @edatpost: .@Apple fan Eric Holder spotted at the Genius Store http://t.co/FTLttLPn,Neutral,rt bah genius bar rt fan eric holder spotted genius store
apple,neutral,126330155441467392,Tue Oct 18 16:13:50 +0000 2011,#motoactiv? Methinks @apple and maybe @Nike are already prepping lawsuits,Neutral,motoactiv methinks maybe already prepping lawsuit
apple,neutral,126329109759524865,Tue Oct 18 16:09:41 +0000 2011,Check this video out -- moe. plays Live on iPads. Video dedicated in memory of #SteveJobs http://t.co/XSiyDnqu @ipad @mac @apple #brilliant,Neutral,check video moe play live ipads video dedicated memory stevejobs brilliant
apple,neutral,126328424624160768,Tue Oct 18 16:06:58 +0000 2011,Bah! Genius BAR // RT @edatpost: .@Apple fan Eric Holder spotted at the Genius Store http://t.co/FTLttLPn,Neutral,bah genius bar rt fan eric holder spotted genius store
apple,neutral,126326886354784256,Tue Oct 18 16:00:51 +0000 2011,Evolution of @Apple Ads 1975-2002: http://t.co/QTOqOZ42 @thesavoia #stevejobs #tech #art,Neutral,evolution ad stevejobs tech art
apple,neutral,126325069281624064,Tue Oct 18 15:53:38 +0000 2011,@apple #siri http://t.co/k7b686hX,Neutral,siri
apple,neutral,126324621279641601,Tue Oct 18 15:51:51 +0000 2011,.RT @edatpost: .@Apple fan Eric Holder spotted at the Genius Store http://t.co/LCTPxHF5,Neutral,rt fan eric holder spotted genius store
apple,neutral,126324256236765185,Tue Oct 18 15:50:24 +0000 2011,RT @edatpost: .@Apple fan Eric Holder spotted at the Genius Store http://t.co/FTLttLPn,Neutral,rt fan eric holder spotted genius store
apple,neutral,126323574989520896,Tue Oct 18 15:47:41 +0000 2011,RT @edatpost: .@Apple fan Eric Holder spotted at the Genius Store http://t.co/OshPyV2G,Neutral,rt fan eric holder spotted genius store
apple,neutral,126323533696614402,Tue Oct 18 15:47:32 +0000 2011,.@Apple fan Eric Holder spotted at the Genius Store http://t.co/FTLttLPn,Neutral,fan eric holder spotted genius store
apple,neutral,126321197062426624,Tue Oct 18 15:38:14 +0000 2011,RT @DailyDealChat: @bidmyway I like your app for the @apple iPhone very simple and easy to use!,Neutral,rt like app iphone simple easy use
apple,neutral,126320247379730432,Tue Oct 18 15:34:28 +0000 2011,@bidmyway I like your app for the @apple iPhone very simple and easy to use!,Neutral,like app iphone simple easy use
apple,neutral,126320076063379456,Tue Oct 18 15:33:47 +0000 2011,"Thanks, @Apple. Now even more people on the bus are talking to inanimate objects. Harder than ever to tell who's crazy and who's hip.",Neutral,thanks even people bus talking inanimate object harder ever tell who crazy who hip
apple,neutral,126318553031917569,Tue Oct 18 15:27:44 +0000 2011,Noticed how @apple has added the like & tweet icons on their page? http://t.co/PZoNZeC8 #like #facebook #tweet,Neutral,noticed added like tweet icon page like facebook tweet
apple,neutral,126316594971422720,Tue Oct 18 15:19:57 +0000 2011,@rtimbuc thx for publicly coming out out of the @Apple closet ... :),Neutral,thx publicly coming closet
apple,neutral,126316179429134336,Tue Oct 18 15:18:18 +0000 2011,"Win an @Apple iPod Touch from @Mommy_gaga, get the @Pampers Hello World Baby Memories App! http://t.co/2XJZaLCs #PampersHelloApps",Neutral,win ipod touch get hello world baby memory app pampershelloapps
apple,neutral,126315088641658881,Tue Oct 18 15:13:58 +0000 2011,@RIM to release new generation of phones in the new year to contend with @Apple... Hmmm.,Neutral,release new generation phone new year contend hmmm
apple,neutral,126311681126187008,Tue Oct 18 15:00:26 +0000 2011,RT @TimjwDowning: #iOS 5  is a great system but it's taken all day to download @apple,Neutral,rt io great system taken day download
apple,neutral,126311223343058946,Tue Oct 18 14:58:37 +0000 2011,Using @Apple's mobile @AirPort Utility http://t.co/TiDpaHYC,Neutral,using mobile utility
apple,neutral,126309939961536513,Tue Oct 18 14:53:31 +0000 2011,@Dropbox balked at acquisition by @Apple. My apps thank them. :)  http://t.co/VsYPl9Xu,Neutral,balked acquisition apps thank
apple,neutral,126308556294205441,Tue Oct 18 14:48:01 +0000 2011,"These cos are worth billions: @Apple, @Facebook @Google & @Amazon and they are battling for consumers  http://t.co/4WxPCH9h via @fastcompany",Neutral,co worth billion battling consumer via
apple,neutral,126302918797312000,Tue Oct 18 14:25:37 +0000 2011,"Just when #TomCruise thought he had a unique name for his daughter, @Apple pulls the rug out from under him with the new #Siri App.",Neutral,tomcruise thought unique name daughter pull rug new siri app
apple,neutral,126302719882444801,Tue Oct 18 14:24:49 +0000 2011,I wonder If the person who has @apple is holding out for apple to buy it from them,Neutral,wonder person holding apple buy
apple,neutral,126301989486342145,Tue Oct 18 14:21:55 +0000 2011,iOS 5 for iPhone and iPad is Here: Apple's Best Release Yet?  http://t.co/iLYGZ5Ox #ios5 #ios @apple #ipad #tablet,Neutral,io iphone ipad apple best release yet io io ipad tablet
apple,neutral,126301301511426049,Tue Oct 18 14:19:11 +0000 2011,"The 'Great Tech War': @Apple, @Facebook, @Google, @Amazon battle for the future http://t.co/sVu8cG1M via @fastcompany",Neutral,great tech war battle future via
apple,neutral,126300596633481216,Tue Oct 18 14:16:23 +0000 2011,"@BeeeThree I am aye, I wasn't @apple",Neutral,aye wasnt
apple,neutral,126300304600866816,Tue Oct 18 14:15:13 +0000 2011,"How the community saw #SteveJobs - 12 Most #Community ""iCelebrates"" Steve Jobs - http://t.co/jJRwIvmc @Apple",Neutral,community saw stevejobs community icelebrates steve job
apple,neutral,126298592364331008,Tue Oct 18 14:08:25 +0000 2011,Steve Jobs' unconventional #leadership secret - ACC SmartBrief: http://t.co/CY6VxRnF &gt; @Apple #sm #HR #NEHRA,Neutral,steve job unconventional leadership secret acc smartbrief gt sm hr nehra
apple,neutral,126294550535872512,Tue Oct 18 13:52:21 +0000 2011,RT @aplusk: Sending love & light to everyone @Apple & the entire Jobs family.Today we lost a Giant who will be missed even by those who  ...,Neutral,rt sending love light everyone entire job familytoday lost giant missed even
apple,neutral,126294304628019201,Tue Oct 18 13:51:23 +0000 2011,@apple store NY,Neutral,store ny
apple,neutral,126293879166205952,Tue Oct 18 13:49:41 +0000 2011,"Attending #mobilemem , listening to James Kelley from @apple .",Neutral,attending mobilemem listening james kelley
apple,neutral,126292279009882113,Tue Oct 18 13:43:20 +0000 2011,Tell how Steve Jobs & @Apple changed your life and $5 will be donated to Pancreatic #Cancer Research! @PanCAN @Pan_Act http://t.co/BWzganje,Neutral,tell steve job changed life donated pancreatic cancer research
apple,neutral,126292109727768576,Tue Oct 18 13:42:42 +0000 2011,"yeah, @apple is updated!! planking photos, #lmaoo http://t.co/IusXJJDq",Neutral,yeah updated planking photo lmaoo
apple,neutral,126291860305100801,Tue Oct 18 13:41:40 +0000 2011,picking up my #iPhone4S in two hours @Apple!,Neutral,picking iphones two hour
apple,neutral,126290154737504256,Tue Oct 18 13:34:53 +0000 2011,@DickCostolo says daily #twitter signups have TRIPLED since the new @apple #iphone4S came out,Neutral,say daily twitter signups tripled since new iphones came
apple,neutral,126289716097196032,Tue Oct 18 13:33:09 +0000 2011,"yes, i am live tweeting my @apple tech support call. Isn't this fun?",Neutral,yes live tweeting tech support call isnt fun
apple,neutral,126283761754185728,Tue Oct 18 13:09:29 +0000 2011,"@azee1v1 @apple @umber Better file info/easier to get to, duplication of files when importing. Categorizing files.",Neutral,better file infoeasier get duplication file importing categorizing file
apple,neutral,126283639959990274,Tue Oct 18 13:09:00 +0000 2011,"ok @apple, now we got our iOS5 and #icloud, can we please have #LogicX",Neutral,ok got io icloud please logicx
apple,neutral,126283441657495552,Tue Oct 18 13:08:13 +0000 2011,@AsimRang @apple @umber well so far ive seen it for apps,Neutral,well far ive seen apps
apple,neutral,126283440457912320,Tue Oct 18 13:08:13 +0000 2011,"Hello again, iPhone 4!!! Thank you, @apple! Although this should have never broken in the first place! #tsk",Neutral,hello iphone thank although never broken first place tsk
apple,neutral,126283024278110208,Tue Oct 18 13:06:33 +0000 2011,@AsimRang @apple @umber when you upgrade to ios5 there is a section in app store which lets you download anything you have purchased before,Neutral,upgrade io section app store let download anything purchased
apple,neutral,126281432644595713,Tue Oct 18 13:00:14 +0000 2011,"@Apple, @Facebook, @Google and @Amazon battle in...The Great Tech War of 2012 http://t.co/uL9zZKv8 by @fmanjoo",Neutral,battle inthe great tech war
apple,neutral,126280507729260544,Tue Oct 18 12:56:33 +0000 2011,"@AsimRang @apple @umber the podcasts feature works just fine, music purchasing is straight forward, what else do you want?",Neutral,podcasts feature work fine music purchasing straight forward else want
apple,neutral,126279672433614848,Tue Oct 18 12:53:14 +0000 2011,“@NoVaTyler: @Foreverfit4u amazing how quickly apple went down the poop tube” It couldn't have 2do w/operator error! #sarcasm Still ❤ @apple,Neutral,amazing quickly apple went poop tube couldnt woperator error sarcasm still
apple,neutral,126277810431074304,Tue Oct 18 12:45:50 +0000 2011,RT @Apple We destroying you next RT @therealterica: Duh #TeamAndroid RT @JuanHustle I got a feeling we living in the last days of Blackberry,Neutral,rt destroying next rt duh teamandroid rt got feeling living last day blackberry
apple,neutral,126272713332506624,Tue Oct 18 12:25:35 +0000 2011,@KaeKaed @Apple Here is an easy way to put Newsstand in a folder http://t.co/yVXmWIbI,Neutral,easy way put newsstand folder
apple,neutral,126267746739699713,Tue Oct 18 12:05:51 +0000 2011,"#Win an @Apple iPod Touch from @Mommy_gaga, get the @Pampers Hello World Baby Memories App! http://t.co/AAP7StHt #PampersHelloApps",Neutral,win ipod touch get hello world baby memory app pampershelloapps
apple,neutral,126257394622808064,Tue Oct 18 11:24:43 +0000 2011,"Been MIA from Twitter.. But now Tweeting from my new @apple iPhone! :) #finallycool #notreally well, It IS ..I'm not :) #stilllearning",Neutral,mia twitter tweeting new iphone finallycool notreally well im stilllearning
apple,neutral,126243528832593920,Tue Oct 18 10:29:37 +0000 2011,@AsgariAJ #iPhone need to tell @Apple that,Neutral,iphone need tell
apple,neutral,126232037492404224,Tue Oct 18 09:43:57 +0000 2011,"@Mommy_gaga, #Win an @Apple iPod Touch @Mommy_gaga, get the @Pampers Hello World Baby Memories App! http://t.co/qEATNMpI #PampersHelloApps",Neutral,win ipod touch get hello world baby memory app pampershelloapps
apple,neutral,126225922159427584,Tue Oct 18 09:19:39 +0000 2011,Need to update my apps. ): my apple ID is disabled.. Don't know what to do.. @apple @AppStore @itunes @Siri_Assistant,Neutral,need update apps apple id disabled dont know
apple,neutral,126219340214304768,Tue Oct 18 08:53:30 +0000 2011,eating @apple xDD,Neutral,eating xdd
apple,neutral,126218596786511873,Tue Oct 18 08:50:33 +0000 2011,I wonder if @Apple OSX will get built-in @Twitter @support like iOS5. That would be very helpful at the moment.,Neutral,wonder osx get builtin like io would helpful moment
apple,neutral,126217194173501441,Tue Oct 18 08:44:58 +0000 2011,Spell check needed when saving documents - fingers crossed Steve Jobs left that nugget of technology behind on the @Apple to do list. :),Neutral,spell check needed saving document finger crossed steve job left nugget technology behind list
apple,neutral,126213965817708544,Tue Oct 18 08:32:09 +0000 2011,@Apple Stores to close for one hour on October 19 to watch #SteveJobs #memorial http://t.co/fbjqb5RA via @9to5mac #tech #porchista,Neutral,store close one hour october watch stevejobs memorial via tech porchista
apple,neutral,126211975595311104,Tue Oct 18 08:24:14 +0000 2011,iPhone 4S vs Canon 5D MKII. @apple @canon @iphone http://t.co/PvKqad33,Neutral,iphone v canon mkii
apple,neutral,126209902241787904,Tue Oct 18 08:16:00 +0000 2011,@Samsung wants to ban @Apple iPhone 4S in Japan and Australia. http://t.co/hWA4tWIc #smartphonewar,Neutral,want ban iphone japan australia smartphonewar
apple,neutral,126205800359280640,Tue Oct 18 07:59:42 +0000 2011,Siri says some weird things | This is my next... http://t.co/H8n7caSg via @verge @hasanga @mohoisham @apple #Siri #LMFAO,Neutral,siri say weird thing next via siri lmfao
apple,neutral,126201991125929984,Tue Oct 18 07:44:34 +0000 2011,@apple karaoke ceel w/ @nandamaulida @putriasmara @galuhoktriana @milatus :p,Neutral,karaoke ceel
apple,neutral,126197405015220225,Tue Oct 18 07:26:20 +0000 2011,The four American companies that have come to define 21st-century on the verge of war. @Amazon @Apple @Facebook and @G…http://t.co/PxUlr5dw,Neutral,four american company come define stcentury verge war
apple,neutral,126186795808456704,Tue Oct 18 06:44:11 +0000 2011,I have 4 @Apple products...,Neutral,product
apple,neutral,126185114173583360,Tue Oct 18 06:37:30 +0000 2011,@SamsungMobileUS @Apple would disagree with you right now.,Neutral,would disagree right
apple,neutral,126177221571395584,Tue Oct 18 06:06:08 +0000 2011,"Stay hungry, stay foolish. Steve Jobs, founder @Apple #WinningWithEL",Neutral,stay hungry stay foolish steve job founder winningwithel
apple,neutral,126171911523794944,Tue Oct 18 05:45:02 +0000 2011,RT @thejjmg: My friend @bm88 found this article on the #ios5 battery drain problem http://t.co/Iqa0ipVt @Apple ah mines being sinking...,Neutral,rt friend found article io battery drain problem ah mine sinking
apple,neutral,126165547154018304,Tue Oct 18 05:19:45 +0000 2011,iSteps @apple store bologna http://t.co/WjjBq7Ae,Neutral,isteps store bologna
apple,neutral,126163403063570432,Tue Oct 18 05:11:13 +0000 2011,"How I manage my businesses/life: @pivotaltracker, @37signals, @twitter, @googleapps, @apple, @dropbox, @wordpress, @dreamhost THX",Neutral,manage businesseslife thx
apple,neutral,126157019072835584,Tue Oct 18 04:45:51 +0000 2011,Notes for Jobs @Apple store in Palo alto downtown. http://t.co/4BJjfq4h,Neutral,note job store palo alto downtown
apple,neutral,126149567036137473,Tue Oct 18 04:16:15 +0000 2011,Just realized Apple doesn't even have @Apple on lock. This dude R.J. Pittman waiting for thee fattest check.,Neutral,realized apple doesnt even lock dude rj pittman waiting thee fattest check
apple,neutral,126148184358653954,Tue Oct 18 04:10:45 +0000 2011,"Hey @Apple, could you hook the voice memos app on the iPhone up with fine scrubbing? Journalists need love too.",Neutral,hey could hook voice memo app iphone fine scrubbing journalist need love
apple,neutral,126147867478982656,Tue Oct 18 04:09:29 +0000 2011,RT @danysaadia: @ATTCustomerCare @att @apple I already have an ATT wireless line. Can I buy a factory unlocked iPhone 4S with my contract?,Neutral,rt already att wireless line buy factory unlocked iphone contract
apple,neutral,126146495396319232,Tue Oct 18 04:04:02 +0000 2011,Dear @Apple… If I make love to iCloud will ALL THE THINGS have my babies?,Neutral,dear make love icloud thing baby
apple,neutral,126141631291326464,Tue Oct 18 03:44:43 +0000 2011,POLL: http://t.co/GcrpUKwF Q:R U pissed @Apple banned this video? #Apple #iPhone4S #Siri #F8ball,Neutral,poll qr pissed banned video apple iphones siri fball
apple,neutral,126141628372090880,Tue Oct 18 03:44:42 +0000 2011,POLL: http://t.co/9q2Er1w9 Q:R U pissed @Apple banned this video? #Apple #iPhone4S #Siri #F8ball,Neutral,poll qr pissed banned video apple iphones siri fball
apple,neutral,126141580682854400,Tue Oct 18 03:44:31 +0000 2011,More Twitter buzz for Apple Store: http://t.co/hLybd7uc - RT @ji_lee started out as a trip to the @apple store. turned into a spontaneou...,Neutral,twitter buzz apple store rt started trip store turned spontaneou
apple,neutral,126141157146238976,Tue Oct 18 03:42:50 +0000 2011,My friend @bm88 found this article on the #ios5 battery drain problem http://t.co/zMX85Fkd @apple,Neutral,friend found article io battery drain problem
apple,neutral,126134865887363072,Tue Oct 18 03:17:50 +0000 2011,"""#Win an @Apple iPod Touch from @Mommy_gaga, get the @Pampers Hello World Baby Memories App! http://t.co/r0WYm1jX #PampersHelloApps""",Neutral,win ipod touch get hello world baby memory app pampershelloapps
apple,neutral,126130171404230656,Tue Oct 18 02:59:10 +0000 2011,"Dear @apple, why did my #Apple ID change to my colleagues&#39; when I charged on her Mac? Now can&#39;t download or update apps. #iPhone",Neutral,dear apple id change colleague charged mac cant download update apps iphone
apple,neutral,126125830094061568,Tue Oct 18 02:41:55 +0000 2011,"You know you've gone @Apple overboard when you misread a @Yelp review as ""iPad Thai."" #fb",Neutral,know youve gone overboard misread review ipad thai fb
apple,neutral,126125799744094208,Tue Oct 18 02:41:48 +0000 2011,"Goodbye @Evernote, Welcome #NotesintheCloud thx @Apple",Neutral,goodbye welcome notesinthecloud thx
apple,neutral,126125182405447680,Tue Oct 18 02:39:21 +0000 2011,Will @Apple's Mac ever properly be used in the financial markets or is it purely a creatives device? Shift from IBM to Mac? #finpanther,Neutral,mac ever properly used financial market purely creatives device shift ibm mac finpanther
apple,neutral,126124917992341504,Tue Oct 18 02:38:18 +0000 2011,"But @att is ""working"" with @apple to make their iPhone say 4G RT @JFSikora: @TCPJ_Mickey I'm so glad Apple is not slinging that crap.",Neutral,working make iphone say rt im glad apple slinging crap
apple,neutral,126122372775415808,Tue Oct 18 02:28:11 +0000 2011,started out as a trip to the @apple store. turned into a spontaneous fun evening w @MolleyMoody. we danced while trying on outfits. #girls,Neutral,started trip store turned spontaneous fun evening danced trying outfit girl
apple,neutral,126118389591711744,Tue Oct 18 02:12:21 +0000 2011,"RememberiN wen @apple and @blackberry were just fruit
#nostalgia",Neutral,rememberin wen fruit nostalgia
apple,neutral,126113944891949056,Tue Oct 18 01:54:42 +0000 2011,@dyanna299 you mean like Muhaimin @apple.com?,Neutral,mean like muhaimin com
apple,neutral,126110863550717952,Tue Oct 18 01:42:27 +0000 2011,The new @apple #find my friends app is great.... except the part where you have to log in everytime. Get back to me when this is changed...,Neutral,new find friend app great except part log everytime get back changed
apple,neutral,126110770864979968,Tue Oct 18 01:42:05 +0000 2011,One thing I want from #ios is searching in the add bar similar to what Firefox or droid phones do. But thnx for a talking Google @apple ...,Neutral,one thing want io searching add bar similar firefox droid phone thnx talking google
apple,neutral,126110374549405696,Tue Oct 18 01:40:30 +0000 2011,"Gee, I can't imagine that the maps app graphic from this Samsung website will help their court cases vs. @Apple: http://t.co/PmanMoAh",Neutral,gee cant imagine map app graphic samsung website help court case v
apple,neutral,126109969912311810,Tue Oct 18 01:38:54 +0000 2011,Would you look at that.. @SouthwestAir does @Apple style welcomes as well. http://t.co/t0TrFnk8 #customerappreciation #custserv,Neutral,would look style welcome well customerappreciation custserv
apple,neutral,126107127231152129,Tue Oct 18 01:27:36 +0000 2011,"RT @fredbenenson: Hey @twitter and @apple, this is pretty dumb. http://t.co/kubkPO0T",Neutral,rt hey pretty dumb
apple,neutral,126106914684796928,Tue Oct 18 01:26:46 +0000 2011,got the new @apple update,Neutral,got new update
apple,neutral,126105236229193728,Tue Oct 18 01:20:05 +0000 2011,"A brick n mortar @Google store? Coming soon to London, US next? Copying @Apple business model? http://t.co/l4VTHsv5",Neutral,brick mortar store coming soon london u next copying business model
apple,neutral,126105175294357505,Tue Oct 18 01:19:51 +0000 2011,"Hey @twitter and @apple, this is pretty dumb. http://t.co/kubkPO0T",Neutral,hey pretty dumb
apple,neutral,126104490511319041,Tue Oct 18 01:17:08 +0000 2011,If the iPhone 4 case fits the 4S why is @nlevenbrown @apple buying a new one?,Neutral,iphone case fit buying new one
apple,neutral,126104322999197696,Tue Oct 18 01:16:29 +0000 2011,@apple store to get my phone fixed... ppl lined up for 4s http://t.co/aUHQLiVy,Neutral,store get phone fixed ppl lined
apple,neutral,126104244402126848,Tue Oct 18 01:16:09 +0000 2011,@Apple why no Macbook mirroring onto AppleTV via #Airplay?,Neutral,macbook mirroring onto appletv via airplay
apple,neutral,126102037057388544,Tue Oct 18 01:07:23 +0000 2011,@ATT just so I have this right.I pre-ordered an iphone last wk and it will be here in a month. I could buy in an @apple store today.really?,Neutral,righti preordered iphone last wk month could buy store todayreally
apple,neutral,126098699196698624,Tue Oct 18 00:54:07 +0000 2011,@apple please bring back the old Siri app for us old school iPhone 3 users!,Neutral,please bring back old siri app u old school iphone user
apple,neutral,126095965391298560,Tue Oct 18 00:43:15 +0000 2011,"Upgrading my #iPad to #iOS5. When @Apple said it could take a couple of hours to install and restore it, they weren't kidding.",Neutral,upgrading ipad io said could take couple hour install restore werent kidding
apple,neutral,126094392183357443,Tue Oct 18 00:37:00 +0000 2011,"Yeah, there's no @apple twitter account.",Neutral,yeah there twitter account
apple,neutral,126094029015355392,Tue Oct 18 00:35:33 +0000 2011,POLL: http://t.co/Wu6EsvT5 Q:Should @Microsoft consider making its own hardware for #Windows like @Apple does? #Microsoft #Windows #Appl ...,Neutral,poll qshould consider making hardware window like microsoft window appl
apple,neutral,126094027140513792,Tue Oct 18 00:35:33 +0000 2011,POLL: http://t.co/tZBleGaQ Q:Should @Microsoft consider making its own hardware for #Windows like @Apple does? #Microsoft #Windows #Appl ...,Neutral,poll qshould consider making hardware window like microsoft window appl
apple,neutral,126091878469869568,Tue Oct 18 00:27:01 +0000 2011,@ATTCustomerCare @att @apple I already have an ATT wireless line. Can I buy a factory unlocked iPhone 4S with my contract?,Neutral,already att wireless line buy factory unlocked iphone contract
apple,neutral,126089815136538624,Tue Oct 18 00:18:49 +0000 2011,Lol bet that Android couldnt do that  RT @ceejay3k: I promise this iPhone been at 1% battery for the last 3 hours. I see you @apple.,Neutral,lol bet android couldnt rt promise iphone battery last hour see
apple,neutral,126089347639427072,Tue Oct 18 00:16:57 +0000 2011,I promise this iPhone been at 1% battery for the last 3 hours. I see you @apple.,Neutral,promise iphone battery last hour see
apple,neutral,126087892580827137,Tue Oct 18 00:11:10 +0000 2011,@APPLE freaks is Siri available for Iphone 4 yet?,Neutral,freak siri available iphone yet
apple,neutral,126086553415057408,Tue Oct 18 00:05:51 +0000 2011,#Iphone5 can you please make The battery last longer thanks @Apple,Neutral,iphone please make battery last longer thanks
apple,neutral,126081812236738560,Mon Oct 17 23:47:01 +0000 2011,Hey @apple next update can we get an emoji that's pointing the middle finger please?? Thanx!!,Neutral,hey next update get emoji thats pointing middle finger please thanx
apple,neutral,126079649959772160,Mon Oct 17 23:38:25 +0000 2011,U know the @apple company are giving out 500 iPads because Steve jobs past away,Neutral,know company giving ipads steve job past away
apple,neutral,126078565346312192,Mon Oct 17 23:34:07 +0000 2011,Found out the hard way today that @webex does not work with @apple ios5 yet when you are following a link for a meeting..,Neutral,found hard way today work io yet following link meeting
apple,neutral,126073142107045888,Mon Oct 17 23:12:34 +0000 2011,"RT @shanmoorthy: Next year is going to be really interesting in tech as @Google, @Amazon, @Facebook and @Apple vie for new growth areas  ...",Neutral,rt next year going really interesting tech vie new growth area
apple,neutral,126072051118260225,Mon Oct 17 23:08:13 +0000 2011,Saw that @apple is covered with msgs 4 steve jobs. Nice to kno ppl r still saying #thankyousteve,Neutral,saw covered msg steve job nice kno ppl still saying thankyousteve
apple,neutral,126071173640499200,Mon Oct 17 23:04:44 +0000 2011,"iPhone 4 S now RESERVATION only, if you want to buy it in an @apple store tomorrow you have to reserve online after 9pm tonight",Neutral,iphone reservation want buy store tomorrow reserve online pm tonight
apple,neutral,126068964685135872,Mon Oct 17 22:55:58 +0000 2011,@apple must be launching a #searchengine - imminent surely. #AppleSearch #AppleCore #bigapple haha! Please be the latter,Neutral,must launching searchengine imminent surely applesearch applecore bigapple haha please latter
apple,neutral,126066994008162305,Mon Oct 17 22:48:08 +0000 2011,"@FastCompany - The Great Tech War Of 2012: @Apple, @Facebook, @Google, and @Amazon duking it out - http://t.co/HXsAlzPv via @ADerricks",Neutral,great tech war duking via
apple,neutral,126066452787773443,Mon Oct 17 22:45:59 +0000 2011,Apple sold 4 million iPhone 4S units on first weekend - Appletell: http://t.co/vs5r1oox #iPhone4S @Apple #fb,Neutral,apple sold million iphone unit first weekend appletell iphones fb
apple,neutral,126065983138955265,Mon Oct 17 22:44:07 +0000 2011,@SteveJobs : @Twitter overwhelmed by reaction to @Apple founder's death - Telegraph http://t.co/tqF6pjf5,Neutral,overwhelmed reaction founder death telegraph
apple,neutral,126065529684369408,Mon Oct 17 22:42:19 +0000 2011,"@Apple please put the Tab button back in Pages for iPad. That hold my finger down, wait for the insert tab, then touch that for the tab. SMH",Neutral,please put tab button back page ipad hold finger wait insert tab touch tab smh
apple,neutral,126061182720278528,Mon Oct 17 22:25:02 +0000 2011,Apple shares hit new all-time intraday high: http://t.co/uY35rrRU #win @Apple,Neutral,apple share hit new alltime intraday high win
apple,neutral,126057389333020672,Mon Oct 17 22:09:58 +0000 2011,RT @FaithMcNally: @RhiannaRaee hanging @apple in tacoma listening to the beatles!,Neutral,rt hanging tacoma listening beatles
apple,neutral,126056940060155904,Mon Oct 17 22:08:11 +0000 2011,@RhiannaRaee hanging @apple in tacoma listening to the beatles!,Neutral,hanging tacoma listening beatles
apple,neutral,126055880394420224,Mon Oct 17 22:03:58 +0000 2011,In front of the @apple store. So many blue shirts I feel like I'm at a smurf reunion. #iPhone4S,Neutral,front store many blue shirt feel like im smurf reunion iphones
apple,neutral,126054998080622593,Mon Oct 17 22:00:28 +0000 2011,"A must read article on @fastcompany about @Apple, @Facebook, @Google, and @Amazon technology war in 2012  http://t.co/nxc7Wo4S",Neutral,must read article technology war
apple,neutral,126054145617694720,Mon Oct 17 21:57:04 +0000 2011,@cnbcfastmomey what price should I sell @apple for,Neutral,price sell
apple,neutral,126052649475915776,Mon Oct 17 21:51:08 +0000 2011,"Hey @Apple, when did you hire @TheRock to tighten the screws on the bottom cases of your MacBook Pros?  #Ouch #NiceHire",Neutral,hey hire tighten screw bottom case macbook pro ouch nicehire
apple,neutral,126051375422504961,Mon Oct 17 21:46:05 +0000 2011,#SteveJobs memorial at the Leawood @Apple store. http://t.co/UVgb05G6,Neutral,stevejobs memorial leawood store
apple,neutral,126049560878526464,Mon Oct 17 21:38:51 +0000 2011,Hey @apple why is Siri not available for the Mac?,Neutral,hey siri available mac
apple,neutral,126044185815040000,Mon Oct 17 21:17:30 +0000 2011,"New phone is @apple, too bad im not going to get it till tommorrow, dont feel like driving to the mall AND GG is on tonight!!!",Neutral,new phone bad im going get till tommorrow dont feel like driving mall gg tonight
apple,neutral,126044055644807169,Mon Oct 17 21:16:59 +0000 2011,waiting for Jacob @fairview @apple storeee,Neutral,waiting jacob storeee
apple,neutral,126042506717704192,Mon Oct 17 21:10:50 +0000 2011,RT @DJTREBEL1: #fail i guess @apple didnt notify these clowns that the iPhone5 isnst out yet.... http://t.co/2yCDNt1B,Neutral,rt fail guess didnt notify clown iphone isnst yet
apple,neutral,126041773356232704,Mon Oct 17 21:07:55 +0000 2011,#fail i guess @apple didnt notify these clowns that the iPhone5 isnst out yet.... http://t.co/2yCDNt1B,Neutral,fail guess didnt notify clown iphone isnst yet
apple,neutral,126041570876203009,Mon Oct 17 21:07:06 +0000 2011,"#Win an @Apple iPod Touch from @Mommy_gaga, get the @Pampers Hello World Baby Memories App! http://t.co/nDRpciY9 #PampersHelloApps",Neutral,win ipod touch get hello world baby memory app pampershelloapps
apple,neutral,126040050441011200,Mon Oct 17 21:01:04 +0000 2011,iPhone 4S First Weekend Sales Top Four Million: http://t.co/Dm4acTYv via @Apple themselves. Big sales for the new phone.,Neutral,iphone first weekend sale top four million via big sale new phone
apple,neutral,126031463647944704,Mon Oct 17 20:26:57 +0000 2011,"@WIREDInsider beautiful, yes. though it simply reminds me of @apple's spinning wheel of death. clock, reinvented: http://t.co/tJcJAqfl",Neutral,beautiful yes though simply reminds spinning wheel death clock reinvented
apple,neutral,126030091892432896,Mon Oct 17 20:21:30 +0000 2011,Dear @apple: Integrated tweeting in ios5 RAWKS. Plz consider adding @ and # lookup like @twitter app. Thx! http://t.co/5uHsTEPz,Neutral,dear integrated tweeting io rawks plz consider adding lookup like app thx
apple,neutral,126022527578406912,Mon Oct 17 19:51:26 +0000 2011,Easiest way to use Evernote with iPhone 4S Siri. Just tell Siri to Email Evernote and say your note. @evernote @apple #evernote #siri,Neutral,easiest way use evernote iphone siri tell siri email evernote say note evernote siri
apple,neutral,126021436149211136,Mon Oct 17 19:47:06 +0000 2011,@Apple sells record 4M #iPhone4S phones in first 3 days!,Neutral,sell record iphones phone first day
apple,neutral,126019432194650113,Mon Oct 17 19:39:08 +0000 2011,@brady I am surprised @apple did not think of/anticipate that......,Neutral,surprised think ofanticipate
apple,neutral,126018538531061760,Mon Oct 17 19:35:35 +0000 2011,#iMessage is here wid iOS5 RIP #BBM @cultofmac @apple,Neutral,imessage wid io rip bbm
apple,neutral,126017643747606528,Mon Oct 17 19:32:02 +0000 2011,It's a good thing @apple has not came out with an iCar because I would be in line for one and im sure it would be expensive,Neutral,good thing came icar would line one im sure would expensive
apple,neutral,126016494701256704,Mon Oct 17 19:27:28 +0000 2011,RT @carlmilner: RT @petapixel: iPhone 4S vs Canon 5D Mark II - A side-by-side comparison of 1080p HD video: http://t.co/qMyMIV7z &lt;&lt ...,Neutral,rt rt iphone v canon mark ii sidebyside comparison hd video ltlt
apple,neutral,126016405085757440,Mon Oct 17 19:27:06 +0000 2011,The iPhone update has segregated my contacts between iPhone users and non-iPhone users. They just had to call out those non-users @apple,Neutral,iphone update segregated contact iphone user noniphone user call nonusers
apple,neutral,126014643826208768,Mon Oct 17 19:20:06 +0000 2011,@apple @internode #icloud #ios5 #piracy omg no wonder ive used all my downloads!!,Neutral,icloud io piracy omg wonder ive used downloads
apple,neutral,126014214467895297,Mon Oct 17 19:18:24 +0000 2011,@apple Iphone's & Ipad's beautiful technology but alltogether mainly a marketing platform. It's obscure is'nt it? Apple lost it's touch.,Neutral,iphones ipads beautiful technology alltogether mainly marketing platform obscure isnt apple lost touch
apple,neutral,126014102379302912,Mon Oct 17 19:17:57 +0000 2011,@JarjarTee @apple That's really good. Makes you happy to pay the infamous @apple tax :),Neutral,thats really good make happy pay infamous tax
apple,neutral,126013626426466304,Mon Oct 17 19:16:04 +0000 2011,Hall Pass had me rolling...... @Apple bee's lookin for nookie really,Neutral,hall pas rolling bee lookin nookie really
apple,neutral,126012833128390656,Mon Oct 17 19:12:55 +0000 2011,"@hanrahan52 @apple Don't say things you can't take back, Joel.",Neutral,dont say thing cant take back joel
apple,neutral,126012515019784192,Mon Oct 17 19:11:39 +0000 2011,@coatgal @apple considering his circumstances - suffering faults on/off for long periods -They replaced his phone with a new as a  goodwill,Neutral,considering circumstance suffering fault onoff long period replaced phone new goodwill
apple,neutral,126012034545496065,Mon Oct 17 19:09:44 +0000 2011,"@coatgal @apple Paul had a chat with an advisor explained the problem : cost £120 repair !!
BUT wait for it , drumroll . . . .",Neutral,paul chat advisor explained problem cost repair wait drumroll
apple,neutral,126012004312956928,Mon Oct 17 19:09:37 +0000 2011,"#Steve #Jobs #Tribute iPhone 4S Cases Now Available #iphonecases
http://t.co/2hyurIiq
#stevejobstributecases
@ikaveri @iamsrk @apple",Neutral,steve job tribute iphone case available iphonecases stevejobstributecases
apple,neutral,126011120694726656,Mon Oct 17 19:06:07 +0000 2011,"@coatgal had a really interestng experience up in the @Apple store though, Paul was with me up there, faulty #iphone4 - but out of warranty",Neutral,really interestng experience store though paul faulty iphone warranty
apple,neutral,126010471202566144,Mon Oct 17 19:03:32 +0000 2011,@apple @appstore @mac @iOs @Ipad @siri Will siri be available for iPad 2?,Neutral,siri available ipad
apple,neutral,126009386022879232,Mon Oct 17 18:59:13 +0000 2011,Can this ho Siri update your tweets? cc: @apple @iPhone_News,Neutral,ho siri update tweet cc
apple,neutral,126008776322064384,Mon Oct 17 18:56:48 +0000 2011,@Apple's Success is Also #Google's Gain as #Mobile #Advertising Balloons http://t.co/0400ynQY,Neutral,success also google gain mobile advertising balloon
apple,neutral,126007705600135168,Mon Oct 17 18:52:32 +0000 2011,"@_alastair w/ respect, the old alternatives were talking to a computer in india or the geek squad. @apple does a pretty great job.",Neutral,respect old alternative talking computer india geek squad pretty great job
apple,neutral,126006572420833282,Mon Oct 17 18:48:02 +0000 2011,"@jackiestone1 yes! Tech peeps talk so much about algorithms, but tech should always tie back to people. @apple proves this #imediasummit",Neutral,yes tech peep talk much algorithm tech always tie back people prof imediasummit
apple,neutral,126006349959135232,Mon Oct 17 18:47:09 +0000 2011,The great tech battle ft @facebook @amazon @apple and more http://t.co/ws4lWWXy via @fastcompany,Neutral,great tech battle ft via
apple,neutral,126004552557273088,Mon Oct 17 18:40:01 +0000 2011,Another shrewd business model move by @Amazon http://t.co/OQJRRYFq Rooting for the dark horse in the @facebook @google @apple war? #tech,Neutral,another shrewd business model move rooting dark horse war tech
apple,neutral,126003746135224320,Mon Oct 17 18:36:48 +0000 2011,RT @Apple sells 4 million iPhone 4S in 3 days http://t.co/vElmtzNS via @reuters,Neutral,rt sell million iphone day via
apple,neutral,126003567315255296,Mon Oct 17 18:36:06 +0000 2011,Flowers & Apples shower the Santa Monica @Apple store in honor of #SteveJobs http://t.co/xGf60gMs,Neutral,flower apple shower santa monica store honor stevejobs
apple,neutral,126001989309054976,Mon Oct 17 18:29:49 +0000 2011,is it me or @blackberry is begging ppl not to go @apple #iphone http://t.co/X3gdBUyK,Neutral,begging ppl go iphone
apple,neutral,126001758853009409,Mon Oct 17 18:28:55 +0000 2011,Do people loved Steve? Check out this photo from @Apple store http://t.co/jIqBGghC,Neutral,people loved steve check photo store
apple,neutral,126000843798491136,Mon Oct 17 18:25:16 +0000 2011,RT @petapixel: iPhone 4S vs Canon 5D Mark II - A side-by-side comparison of 1080p HD video: http://t.co/qMyMIV7z &lt;&lt;@apple Wow!!,Neutral,rt iphone v canon mark ii sidebyside comparison hd video ltlt wow
apple,neutral,125999022908510209,Mon Oct 17 18:18:02 +0000 2011,"Why @Apple so valuable, good analysis of trended profits, iOS vs. Microsoft: Comparing the bottom lines  http://t.co/k9qst4R4 via @asymco",Neutral,valuable good analysis trended profit io v microsoft comparing bottom line via
apple,neutral,125998732046123009,Mon Oct 17 18:16:53 +0000 2011,@audrievv @apple You can still use  #MobileMe webhosting (with or without #iWeb) after converting to #iCloud.,Neutral,still use mobileme webhosting without iweb converting icloud
apple,neutral,125996412252078080,Mon Oct 17 18:07:40 +0000 2011,http://t.co/48emAEID #SteveJobs memorial @Apple #Boylston,Neutral,stevejobs memorial boylston
apple,neutral,125996330500890624,Mon Oct 17 18:07:20 +0000 2011,I am now the proud owner of @apple tv thanks to big bro @steveeadie and family!!,Neutral,proud owner tv thanks big bro family
apple,neutral,125994997609803776,Mon Oct 17 18:02:02 +0000 2011,"RT @robertoafelipe: @apple predicts #Siri in 1987 in video, the video is staged for September 2011 http://t.co/tFNRP3MD",Neutral,rt predicts siri video video staged september
apple,neutral,125994518989385729,Mon Oct 17 18:00:08 +0000 2011,"Head to our FB page for a link to the @Apple Community Support Page detailing how to turn off #newsstand auto renewal.

http://t.co/65HPp0tu",Neutral,head fb page link community support page detailing turn newsstand auto renewal
apple,neutral,125993702782025729,Mon Oct 17 17:56:54 +0000 2011,"@apple y u run out of 64gb iPhone!? Now I have to settle for 32gb. Saved 100$ though(:
#content",Neutral,run gb iphone settle gb saved though content
apple,neutral,125993105722839040,Mon Oct 17 17:54:31 +0000 2011,@apple is profiting a min of $400 per 4s.  They sold 4 million this weekend. That's another 1.6 Billion to Apples coffers! #worldRecession?,Neutral,profiting min per sold million weekend thats another billion apple coffer worldrecession
apple,neutral,125992838910586880,Mon Oct 17 17:53:28 +0000 2011,"Big mo: In one week, @Apple #iCloud hits 20M users; 25M use #iOS 5 http://t.co/HTpUTBFK via @cnet",Neutral,big mo one week icloud hit user use io via
apple,neutral,125992594395250688,Mon Oct 17 17:52:29 +0000 2011,Smart as hell. The Great Tech War Of 2012. http://t.co/0O1CfCIZ  Fab Four: @apple @google @amazon @facebook via @kvox #mustread,Neutral,smart hell great tech war fab four via mustread
apple,neutral,125991449455104000,Mon Oct 17 17:47:57 +0000 2011,@learmonth @Cue improves iMessage + engages @Apple content partners' customers better http://t.co/hhkvlwFB with social activity messaging,Neutral,improves imessage engages content partner customer better social activity messaging
apple,neutral,125990236743405568,Mon Oct 17 17:43:07 +0000 2011,@Twitter returns a Error 500 when we try to post the link to @Apple Support Community detailing how to turn off auto renewal subscriptions.,Neutral,return error try post link support community detailing turn auto renewal subscription
apple,neutral,125990217801940992,Mon Oct 17 17:43:03 +0000 2011,RT @kvox: Smart as hell. The Great Tech War Of 2012 (@fmanjoo / @FastCompany) http://t.co/XiJYUoHZ Fab Four: @apple @google @amazon @fac ...,Neutral,rt smart hell great tech war fab four
apple,neutral,125989605634879488,Mon Oct 17 17:40:37 +0000 2011,@philipgrey @apple it's kinda sad that's the most relevant tweet I've seen today. Or kinda awesome. I'm not sure. #DevProblems,Neutral,kinda sad thats relevant tweet ive seen today kinda awesome im sure devproblems
apple,neutral,125989196132388864,Mon Oct 17 17:38:59 +0000 2011,Too bad I'm not an @Apple junkie. #icloud #apple #ios5,Neutral,bad im junkie icloud apple io
apple,neutral,125989009091592192,Mon Oct 17 17:38:15 +0000 2011,@Apple buried the ability to manage #newsstand subscriptions under App Store Settings. This is inconvenient at best.,Neutral,buried ability manage newsstand subscription app store setting inconvenient best
apple,neutral,125988775548559360,Mon Oct 17 17:37:19 +0000 2011,Smart as hell. The Great Tech War Of 2012 (@fmanjoo / @FastCompany) http://t.co/XiJYUoHZ Fab Four: @apple @google @amazon @facebook,Neutral,smart hell great tech war fab four
apple,neutral,125988651426512899,Mon Oct 17 17:36:49 +0000 2011,"@apple predicts #Siri in 1987 in video, the video is staged for September 2011 http://t.co/tFNRP3MD",Neutral,predicts siri video video staged september
apple,neutral,125984350989860864,Mon Oct 17 17:19:44 +0000 2011,Smh at @ItsTheSituation for trying to cut in line for a 4S. Cmon mayne if @Apple's cofounder stood in line then you are too.,Neutral,smh trying cut line cmon mayne cofounder stood line
apple,neutral,125983179877253120,Mon Oct 17 17:15:05 +0000 2011,"Go big or go home @Apple users - here are some apps that make your #4s iPhone ""s-s-super"" http://t.co/t74BQyim via @mashable - MS",Neutral,go big go home user apps make iphone sssuper via m
apple,neutral,125980918220464128,Mon Oct 17 17:06:06 +0000 2011,RT @TechHamlet: Thank You Steve : A Song Created for Steve Jobs http://t.co/2vtX8ZJf via @TechHamlet @AzRmusic @Apple #stevejobs #apple,Neutral,rt thank steve song created steve job via stevejobs apple
apple,neutral,125980676653723648,Mon Oct 17 17:05:08 +0000 2011,@pkedrosky @apple I am just waiting for my conf email from iCloud.,Neutral,waiting conf email icloud
apple,neutral,125980615664336896,Mon Oct 17 17:04:54 +0000 2011,"#wheniwas14... @Apple registered the domain name http://t.co/FPvKn1kJ, thus beginning their plan for world domination",Neutral,wheniwas registered domain name thus beginning plan world domination
apple,neutral,125979228452818944,Mon Oct 17 16:59:23 +0000 2011,Thank You Steve : A Song Created for Steve Jobs http://t.co/2vtX8ZJf via @TechHamlet @AzRmusic @Apple #stevejobs #apple,Neutral,thank steve song created steve job via stevejobs apple
apple,neutral,125978290367381504,Mon Oct 17 16:55:39 +0000 2011,Twitter buzz for Best Buy: http://t.co/9SesENTu - RT @acappellamedia OH: Sales guy @BestBuy: &quot;I'm not selling or using any @apple p...,Neutral,twitter buzz best buy rt oh sale guy quotim selling using
apple,neutral,125975779447291904,Mon Oct 17 16:45:40 +0000 2011,Anyone know why we can only read iBooks on the iPhone and iPad? Any ideas how to read them on mac? @apple,Neutral,anyone know read ibooks iphone ipad idea read mac
apple,neutral,125974955983769603,Mon Oct 17 16:42:24 +0000 2011,Why didn't @apple provide 5GB per device for cloud backup?  Why just 5GB per account?  Silly.,Neutral,didnt provide gb per device cloud backup gb per account silly
apple,neutral,125972882240188416,Mon Oct 17 16:34:10 +0000 2011,New Blog! http://t.co/ENCSF1Ju @VerizonWireless @Motorola @Google @Apple #Android #DroidBionic #iPhone4S #4GLTE,Neutral,new blog android droidbionic iphones glte
apple,neutral,125969677997453312,Mon Oct 17 16:21:26 +0000 2011,"Over the weekend, @Apple sold more than 4,000,000 iPhones. That’s about 16 iPhones sold every second.",Neutral,weekend sold iphones thats iphones sold every second
apple,neutral,125969128514260992,Mon Oct 17 16:19:15 +0000 2011,how do you sync gmail contacts with your iphone? help please! @apple @gmail,Neutral,sync gmail contact iphone help please
apple,neutral,125967560171720704,Mon Oct 17 16:13:01 +0000 2011,"Loving these names. ""@Google Chases @Apple With Ice Cream Sandwich"" - http://t.co/u3LchmGD #mobile",Neutral,loving name chase ice cream sandwich mobile
apple,neutral,125967126912712705,Mon Oct 17 16:11:18 +0000 2011,YESSS @apple fix it also slow internet RT @SprintFeed: iPhone 4S owners are you having trouble with Siri connecting to internet?,Neutral,yesss fix also slow internet rt iphone owner trouble siri connecting internet
apple,neutral,125965569659895808,Mon Oct 17 16:05:06 +0000 2011,Going to the @apple store today to get this laptop situation figured out,Neutral,going store today get laptop situation figured
apple,neutral,125963773176582144,Mon Oct 17 15:57:58 +0000 2011,gulp...@Apple sells 4 million iPhone 4S in 3 days - Yahoo! Finance http://t.co/Zv7DXrIA via @YahooFinance,Neutral,gulp sell million iphone day yahoo finance via
apple,neutral,125962667541270528,Mon Oct 17 15:53:34 +0000 2011,Is @Apple's voice #tech really as impressive as the net thinks it is? http://t.co/Rbf23CNX #siri,Neutral,voice tech really impressive net think siri
apple,neutral,125962608519036928,Mon Oct 17 15:53:20 +0000 2011,"Next year is going to be really interesting in tech as @Google, @Amazon, @Facebook and @Apple vie for new growth areas http://t.co/kkaKFsCH",Neutral,next year going really interesting tech vie new growth area
apple,neutral,125961033348153345,Mon Oct 17 15:47:05 +0000 2011,RT @rickholgate: Packed session on @Apple and @Google at #GartnerSYM. Indicator of today's mindshare?,Neutral,rt packed session gartnersym indicator today mindshare
apple,neutral,125960438981734400,Mon Oct 17 15:44:43 +0000 2011,Packed session on @Apple and @Google at #GartnerSYM. Indicator of today's mindshare?,Neutral,packed session gartnersym indicator today mindshare
apple,neutral,125958702455988225,Mon Oct 17 15:37:49 +0000 2011,This!!!!!! RT @DennieB_15 👦👧👩👨👶👵👴👱👲👳👷💂👸👮..... Um why No black people❔❔❔@Apple,Neutral,rt um black people
apple,neutral,125958525708021760,Mon Oct 17 15:37:07 +0000 2011,👦👧👩👨👶👵👴👱👲👳👷💂👸👮..... Um why No black people❔❔❔@Apple,Neutral,um black people
apple,neutral,125958117086347264,Mon Oct 17 15:35:29 +0000 2011,too many companies don't have @apple management-- 60 sec vid-http://bit.ly/pwLpgQ #entrepreneur #startup @scalecomputing #pioniq,Neutral,many company dont management sec vid entrepreneur startup pioniq
apple,neutral,125957972466737152,Mon Oct 17 15:34:55 +0000 2011,@BikerVox @mariomussolini @ios_notch @apple xD thats why i have a back up PC… just incase *hides gun*,Neutral,xd thats back pc incase hide gun
apple,neutral,125957965109932032,Mon Oct 17 15:34:53 +0000 2011,@apple please provide support for a Bangla keyboard in iOS. It would make the life of many Bengali iOS users easier! #iphone,Neutral,please provide support bangla keyboard io would make life many bengali io user easier iphone
apple,neutral,125951303770845185,Mon Oct 17 15:08:25 +0000 2011,@Apple sells 4 million on the first weekend. @Samsung sold over 30 million Galaxy S II phones globally.,Neutral,sell million first weekend sold million galaxy ii phone globally
apple,neutral,125950941349421057,Mon Oct 17 15:06:59 +0000 2011,Hey @Apple - need more servers for Siri traffic?  I'm sure Google can help you out with that...,Neutral,hey need server siri traffic im sure google help
apple,neutral,125950505389273090,Mon Oct 17 15:05:15 +0000 2011,I wish someone would gift me an unlocked iPhone 4s. #iPhone @Apple,Neutral,wish someone would gift unlocked iphone iphone
apple,neutral,125950026181648385,Mon Oct 17 15:03:20 +0000 2011,So apparently that's not the correct @apple,Neutral,apparently thats correct
apple,neutral,125949784677810176,Mon Oct 17 15:02:23 +0000 2011,I love @apple & I love my phone.. but ever since this damn update my texts keep saying they're full when there are none & that's a PROBLEM!!,Neutral,love love phone ever since damn update text keep saying theyre full none thats problem
apple,neutral,125948450620702720,Mon Oct 17 14:57:05 +0000 2011,#opinion @Samsung need to be careful in @Apple patents issues - it looks a lot like you 'learned' a lot by making their chips!,Neutral,opinion need careful patent issue look lot like learned lot making chip
apple,neutral,125944856504827904,Mon Oct 17 14:42:48 +0000 2011,"Now who can guarantee that @apple hd nothing 2 do with @Blackberry RIM server failure?!Days after, over 4million iPhone 4S sold in 3days!?!",Neutral,guarantee hd nothing rim server failuredays million iphone sold day
apple,neutral,125944293671182336,Mon Oct 17 14:40:34 +0000 2011,"RT @Porter_Anderson: ""3 principal global players will be active in every market...@Amazon, @Apple, & @Kobo."" @MikeShatzkin http://t.co/1 ...",Neutral,rt principal global player active every market
apple,neutral,125943115449253888,Mon Oct 17 14:35:53 +0000 2011,RT @bsdalton: @apple underplayed the power of the iPad via @mitchjoel &lt;yup #SOCAPac11,Neutral,rt underplayed power ipad via ltyup socapac
apple,neutral,125943078837161984,Mon Oct 17 14:35:44 +0000 2011,Ya hoo! @Apple sells 4 million iPhone 4S in 3 days http://t.co/rvdjSMMi (via @news360app) $AAPL,Neutral,ya hoo sell million iphone day via aapl
apple,neutral,125943020767019008,Mon Oct 17 14:35:30 +0000 2011,@apple underplayed the power of the iPad via @mitchjoel &lt;yup #SOCAPac11,Neutral,underplayed power ipad via ltyup socapac
apple,neutral,125940398915977217,Mon Oct 17 14:25:05 +0000 2011,"""3 principal global players will be active in every market...@Amazon, @Apple, & @Kobo."" @MikeShatzkin http://t.co/1ndxcMO1 #dbw #metacon",Neutral,principal global player active every market dbw metacon
apple,neutral,125940300987371521,Mon Oct 17 14:24:42 +0000 2011,dear invisible intern/assistant: please go pick up my computer from the @apple hospital so i can upgrade to iOS5. thanks!,Neutral,dear invisible internassistant please go pick computer hospital upgrade io thanks
apple,neutral,125939862078619648,Mon Oct 17 14:22:57 +0000 2011,#Siri I could have done with out its not that great #iPhone4S I hear the #iPhone5 is coming out #2013 @apple.inc,Neutral,siri could done great iphones hear iphone coming inc
apple,neutral,125939833775460352,Mon Oct 17 14:22:50 +0000 2011,Wow... @Apple sold 4 million iPhone 4S in a single weekend... http://t.co/WDLHZsza,Neutral,wow sold million iphone single weekend
apple,neutral,125938918540574720,Mon Oct 17 14:19:12 +0000 2011,"OH: Sales guy @BestBuy: ""I'm not selling or using any @apple products during my mourning period over Job's passing."" hmmm..",Neutral,oh sale guy im selling using product mourning period job passing hmmm
apple,neutral,125938325151432706,Mon Oct 17 14:16:51 +0000 2011,"i wish my iPOD had a feature, when it's on the dock to scroll the artist, album, and song title in huge font across it... @Apple",Neutral,wish ipod feature dock scroll artist album song title huge font across
apple,neutral,125936985796919296,Mon Oct 17 14:11:31 +0000 2011,"@Apple main office is #nowplaying  
A milli - Lil Wayne.",Neutral,main office nowplaying milli lil wayne
apple,neutral,125936323273048065,Mon Oct 17 14:08:53 +0000 2011,@iphone4S  #IBM @apple iphone4s. Siri is not Watson @IBMWatson,Neutral,ibm iphones siri watson
apple,neutral,125935636300570624,Mon Oct 17 14:06:10 +0000 2011,RT @TravisDommert: Is leaving Steve's photo on the @apple home page what he would really want? In his honor...let's get back to innovati ...,Neutral,rt leaving steves photo home page would really want honorlets get back innovati
apple,neutral,125935627056324609,Mon Oct 17 14:06:07 +0000 2011,RT @TravisDommert:Is leaving Steve's photo on the @apple home page what he would really want? In his honor...let's get back to #innov...,Neutral,rt leaving steves photo home page would really want honorlets get back innov
apple,neutral,125935503752171520,Mon Oct 17 14:05:38 +0000 2011,"Is leaving Steve's photo on the @apple home page what he would really want? In his honor...let's get back to innovation!  Eh, @mark_newton?",Neutral,leaving steves photo home page would really want honorlets get back innovation eh
apple,neutral,125935314878476289,Mon Oct 17 14:04:53 +0000 2011,@apple @iphone sold more because its in more retail duhhhh. Also woz is correct people dont want tech answer just simple child like ones ok!,Neutral,sold retail duhhhh also woz correct people dont want tech answer simple child like one ok
apple,neutral,125933630613766144,Mon Oct 17 13:58:11 +0000 2011,Is at the @apple store waiting for a poorly iMac to be seen by a genius. Hopefully this will be painless. Not too bad in here.,Neutral,store waiting poorly imac seen genius hopefully painless bad
apple,neutral,125932876721168384,Mon Oct 17 13:55:12 +0000 2011,@Apple: Surely iOS5 with it's integrated @Twitter would greatly benefit from moving the # to at least the '123' keyboard page? #simplethings,Neutral,surely io integrated would greatly benefit moving least keyboard page simplethings
apple,neutral,125930342891790337,Mon Oct 17 13:45:08 +0000 2011,"@iancollinsuk @Apple what's incredible, is that people still buy into apple as world beater's.....not true anymore.",Neutral,whats incredible people still buy apple world beatersnot true anymore
apple,neutral,125930143066759169,Mon Oct 17 13:44:20 +0000 2011,@Apple very disappointed Hogwarts not choice on world clock on iPhone,Neutral,disappointed hogwarts choice world clock iphone
apple,neutral,125930002607906816,Mon Oct 17 13:43:46 +0000 2011,Great video @apple 1987 predicting tablets & a form of #siri at the end of this article RT @jedsinger: (cont) http://t.co/RDBeuCtt,Neutral,great video predicting tablet form siri end article rt cont
apple,neutral,125927540249473024,Mon Oct 17 13:33:59 +0000 2011,IHS: iPhone 4S shows key design and component changes. http://t.co/6tfiGiDV  @apple #apple #iphome4S #ios5,Neutral,ihs iphone show key design component change apple iphomes io
apple,neutral,125927536847880192,Mon Oct 17 13:33:59 +0000 2011,IHS: iPhone 4S shows key design and component changes. http://t.co/gZmdzvLe  @apple #apple #iphome4S #ios5,Neutral,ihs iphone show key design component change apple iphomes io
apple,neutral,125927533614084097,Mon Oct 17 13:33:58 +0000 2011,IHS: iPhone 4S shows key design and component changes. http://t.co/UxfA8Ukg  @apple #apple #iphome4S #ios5,Neutral,ihs iphone show key design component change apple iphomes io
apple,neutral,125927530761953281,Mon Oct 17 13:33:57 +0000 2011,IHS: iPhone 4S shows key design and component changes. http://t.co/Y3Mali6y  @apple #apple #iphome4S #ios5,Neutral,ihs iphone show key design component change apple iphomes io
apple,neutral,125927399010467840,Mon Oct 17 13:33:26 +0000 2011,RT @iancollinsuk: Apple have just announced they sold 4 million phones this weekend. Incredible. That recession continues to bite @apple ...,Neutral,rt apple announced sold million phone weekend incredible recession continues bite
apple,neutral,125927174514540544,Mon Oct 17 13:32:32 +0000 2011,Great post on the upcoming Great Tech Wars of 2012! @amazon @apple @google @facebook http://t.co/OSeqhT7W via @cbillich,Neutral,great post upcoming great tech war via
apple,neutral,125927032185044992,Mon Oct 17 13:31:58 +0000 2011,RT @iancollinsuk: Apple have just announced they sold 4 million phones this weekend. Incredible. That recession continues to bite @Apple,Neutral,rt apple announced sold million phone weekend incredible recession continues bite
apple,neutral,125926624930693121,Mon Oct 17 13:30:21 +0000 2011,Apple have just announced they sold 4 million phones this weekend. Incredible. That recession continues to bite @apple #recession,Neutral,apple announced sold million phone weekend incredible recession continues bite recession
apple,neutral,125922989844856833,Mon Oct 17 13:15:54 +0000 2011,RT @jldavid: iPhone 4S First Weekend Sales Top Four Million: http://t.co/O7zqnY7K (via @apple),Neutral,rt iphone first weekend sale top four million via
apple,neutral,125922500839342080,Mon Oct 17 13:13:58 +0000 2011,RT @TalkYo_ISH: Dear @Apple Can We Get Some Afro-American Emoticons? -Management,Neutral,rt dear get afroamerican emoticon management
apple,neutral,125922174648324096,Mon Oct 17 13:12:40 +0000 2011,"#BreakingNews @Gizmodo reports: @Apple #iPhone 4S sold over $4 million over the weekend! #TrueStory
  http://t.co/BEj32s6a",Neutral,breakingnews report iphone sold million weekend truestory
apple,neutral,125921393350160384,Mon Oct 17 13:09:34 +0000 2011,iPhone 4S First Weekend Sales Top Four Million: http://t.co/O7zqnY7K (via @apple),Neutral,iphone first weekend sale top four million via
apple,neutral,125920729194704896,Mon Oct 17 13:06:55 +0000 2011,Video: SIRI also gets angry. http://t.co/ksX2XZoR  @chrisvoss @apple #apple #siri #iphone4S #Ai,Neutral,video siri also get angry apple siri iphones ai
apple,neutral,125920725595983874,Mon Oct 17 13:06:55 +0000 2011,Video: SIRI also gets angry. http://t.co/Ku288WX6  @chrisvoss @apple #apple #siri #iphone4S #Ai,Neutral,video siri also get angry apple siri iphones ai
apple,neutral,125920721200361472,Mon Oct 17 13:06:54 +0000 2011,Video: SIRI also gets angry. http://t.co/Xx1chZbN  @chrisvoss @apple #apple #siri #iphone4S #Ai,Neutral,video siri also get angry apple siri iphones ai
apple,neutral,125920717966544896,Mon Oct 17 13:06:53 +0000 2011,Video: SIRI also gets angry. http://t.co/tzigD99b  @chrisvoss @apple #apple #siri #iphone4S #Ai,Neutral,video siri also get angry apple siri iphones ai
apple,neutral,125920716297211904,Mon Oct 17 13:06:52 +0000 2011,@bxlewi1 hey...do you know why @Apple hasn't added 4G support yet? Seems like an odd omission for such an advanced device.,Neutral,heydo know hasnt added support yet seems like odd omission advanced device
apple,neutral,125919221845721090,Mon Oct 17 13:00:56 +0000 2011,"Really @Apple and @ATT - Removing the 3G/EDGE switch on iOS 5? You do realize that you work on the 3G network in places often, right?",Neutral,really removing gedge switch io realize work network place often right
apple,neutral,125918906215968771,Mon Oct 17 12:59:41 +0000 2011,Apple sold FOUR MILLION iPhone 4S's in the first weekend: http://t.co/DdU2qM7O (via @Apple) #phonerecord #twiceiphone4sales,Neutral,apple sold four million iphone s first weekend via phonerecord twiceiphonesales
apple,neutral,125918450920062977,Mon Oct 17 12:57:52 +0000 2011,iPhone 4S 8MP camera : It´s a SONY. http://t.co/X1J8HNZu @sony @apple #apple #iphone4S #cameras,Neutral,iphone mp camera sony apple iphones camera
apple,neutral,125918447979872258,Mon Oct 17 12:57:52 +0000 2011,iPhone 4S 8MP camera : It´s a SONY. http://t.co/6uYIZeAK @sony @apple #apple #iphone4S #cameras,Neutral,iphone mp camera sony apple iphones camera
apple,neutral,125918444762828800,Mon Oct 17 12:57:51 +0000 2011,iPhone 4S 8MP camera : It´s a SONY. http://t.co/njTHOi2x @sony @apple #apple #iphone4S #cameras,Neutral,iphone mp camera sony apple iphones camera
apple,neutral,125918441013133312,Mon Oct 17 12:57:50 +0000 2011,iPhone 4S 8MP camera : It´s a SONY. http://t.co/BIqBEhTb @sony @apple #apple #iphone4S #cameras,Neutral,iphone mp camera sony apple iphones camera
apple,neutral,125917264267579393,Mon Oct 17 12:53:09 +0000 2011,"@Bestbuy or @Apple to purchase my imac, iPad, and printer? #StudentDiscounts?",Neutral,purchase imac ipad printer studentdiscounts
apple,neutral,125917174618525696,Mon Oct 17 12:52:48 +0000 2011,iPhone 4S: Setup SIRI for your Tweets. http://t.co/fZ216OiJ @apple #apple #iphone #siri,Neutral,iphone setup siri tweet apple iphone siri
apple,neutral,125917170571026432,Mon Oct 17 12:52:47 +0000 2011,iPhone 4S: Setup SIRI for your Tweets. http://t.co/eyHmHSTM @apple #apple #iphone #siri,Neutral,iphone setup siri tweet apple iphone siri
apple,neutral,125917164535418880,Mon Oct 17 12:52:46 +0000 2011,iPhone 4S: Setup SIRI for your Tweets. http://t.co/ws7LINTS @apple #apple #iphone #siri,Neutral,iphone setup siri tweet apple iphone siri
apple,neutral,125917160982855680,Mon Oct 17 12:52:45 +0000 2011,iPhone 4S: Setup SIRI for your Tweets. http://t.co/uecqHL6k @apple #apple #iphone #siri,Neutral,iphone setup siri tweet apple iphone siri
apple,neutral,125915210337890304,Mon Oct 17 12:45:00 +0000 2011,"Ever since I cleaned my Mighty Mouse ball with alcohol to get it rolling again, any time I click the ball it acts like a left click. @Apple",Neutral,ever since cleaned mighty mouse ball alcohol get rolling time click ball act like left click
apple,neutral,125908946702696448,Mon Oct 17 12:20:06 +0000 2011,@apple So why is Siri only available on the iPhone 4S ?   - http://t.co/QZuNgyLW,Neutral,siri available iphone
apple,neutral,125907633466130432,Mon Oct 17 12:14:53 +0000 2011,Lol and what do those look like? RT @TalkYo_ISH: Dear @Apple Can We Get Some Afro-American Emoticons? -Management,Neutral,lol look like rt dear get afroamerican emoticon management
apple,neutral,125892140940267522,Mon Oct 17 11:13:20 +0000 2011,Cool @apple / Steve Jobs infographic http://t.co/Prb5yx4X @MickH87 - timeline history,Neutral,cool steve job infographic timeline history
apple,neutral,125891898517889024,Mon Oct 17 11:12:22 +0000 2011,Talking @Apple keynotes over lunch with @yuvalariav. Challenged him to check something out ;-),Neutral,talking keynote lunch challenged check something
apple,neutral,125887065861787648,Mon Oct 17 10:53:10 +0000 2011,Does the iPhone4S no longer have that stupid 'network lost' pop up - possibly the most annoying thing ever that you cannot turn off @apple ?,Neutral,iphones longer stupid network lost pop possibly annoying thing ever cannot turn
apple,neutral,125882473312817152,Mon Oct 17 10:34:55 +0000 2011,Steve's last Design is apparently the @apple #apple #iPhone 5 | http://t.co/DIfQTmwm,Neutral,steves last design apparently apple iphone
apple,neutral,125878880916611072,Mon Oct 17 10:20:38 +0000 2011,OK @apple your accessories policy is out of hand. I need a powered line in to use the mic? Are you KIDDING ME?,Neutral,ok accessory policy hand need powered line use mic kidding
apple,neutral,125866627337162752,Mon Oct 17 09:31:57 +0000 2011,A court in Sydney banned the sale of @Samsung 's Galaxy Tab in Australia over intellectual property infringement claims by @Apple  #IP_wars,Neutral,court sydney banned sale galaxy tab australia intellectual property infringement claim ipwars
apple,neutral,125866368758333440,Mon Oct 17 09:30:55 +0000 2011,@Apple received 1m pre-orders in a single day for its new iPhone 4S #consumer_demand #steve_jobs,Neutral,received preorders single day new iphone consumerdemand stevejobs
apple,neutral,125859792802693120,Mon Oct 17 09:04:47 +0000 2011,@apple can you get your iphone to stop vibrating when you get a text?,Neutral,get iphone stop vibrating get text
apple,neutral,125859488728236032,Mon Oct 17 09:03:35 +0000 2011,"@Mommy_gaga,  #Win an @Apple iPod Touch and get the @Pampers Hello World Baby Memories App! http://t.co/qEATNMpI #PampersHelloApps",Neutral,win ipod touch get hello world baby memory app pampershelloapps
apple,neutral,125854430171111424,Mon Oct 17 08:43:29 +0000 2011,"#Siri on @Apple #iPhone4S can allow unauthorized access to texts and emails, even when the phone is locked!! http://t.co/0q5dLt22",Neutral,siri iphones allow unauthorized access text email even phone locked
apple,neutral,125840474132066304,Mon Oct 17 07:48:01 +0000 2011,"If you sign up for iClould, will you also get iRain? @apple #icloud.",Neutral,sign iclould also get irain icloud
apple,neutral,125830917578162176,Mon Oct 17 07:10:03 +0000 2011,@Apple Not Likely to Win Appstore Suit Case Against @Amazon http://t.co/GNcDGQsc,Neutral,likely win appstore suit case
apple,neutral,125829040740368384,Mon Oct 17 07:02:35 +0000 2011,"Say no to 1,000 things. What are you saying ""no"" to? 7 Rules of Success from Steve Jobs of @apple #prodmgmt #management #innovation",Neutral,say thing saying rule success steve job prodmgmt management innovation
apple,neutral,125828984293425152,Mon Oct 17 07:02:22 +0000 2011,ok it is back @iphone @apple,Neutral,ok back
apple,neutral,125826820057731074,Mon Oct 17 06:53:46 +0000 2011,Cat accusing tiger for roaring  #Samsung on @Apple,Neutral,cat accusing tiger roaring samsung
apple,neutral,125824709421039616,Mon Oct 17 06:45:23 +0000 2011,@apple and @nintendo need to partner up for the app store,Neutral,need partner app store
apple,neutral,125823389804929024,Mon Oct 17 06:40:08 +0000 2011,"@apple stuck it to @amazon when it unveiled iCloud, showing that the placement of 'i' before the name of even a failed effort yields success",Neutral,stuck unveiled icloud showing placement name even failed effort yield success
apple,neutral,125821979797364736,Mon Oct 17 06:34:32 +0000 2011,@nascarwriter right where I left it last week... #iphone4S #Apple @Apple  http://t.co/ksJh8BAS,Neutral,right left last week iphones apple
apple,neutral,125821218258550784,Mon Oct 17 06:31:30 +0000 2011,@paulbentleymelb @apple I think they call that profit-making 'genius',Neutral,think call profitmaking genius
apple,neutral,125817967240949760,Mon Oct 17 06:18:35 +0000 2011,What's up with @apple stock going up after #SteveJobs death? #Apple #AppleStock,Neutral,whats stock going stevejobs death apple applestock
apple,neutral,125815990620659713,Mon Oct 17 06:10:44 +0000 2011,@Apple needs to take down the Steve Jobs tribute and get back to promoting the brand - put the Cloud on the front page and start explaining,Neutral,need take steve job tribute get back promoting brand put cloud front page start explaining
apple,neutral,125811943054393344,Mon Oct 17 05:54:39 +0000 2011,"This is better than *every* magazine having their own #app! @EatMagazine @Apple supports magazines. #Ipad upgrade adds ""Newsstand"" #app",Neutral,better every magazine app support magazine ipad upgrade add newsstand app
apple,neutral,125807897568481280,Mon Oct 17 05:38:34 +0000 2011,@twalve too busy having slappy hissy-fits with Samsung? @Apple,Neutral,busy slappy hissyfits samsung
apple,neutral,125804983185719297,Mon Oct 17 05:26:59 +0000 2011,Fregon el nuevo facebook para iPod/iPhone haha alomejor ya tiene rato pero yo lo acabo de actualizar @apple,Neutral,fregon el nuevo facebook para ipodiphone haha alomejor ya tiene rato pero yo lo acabo de actualizar
apple,neutral,125803571601080320,Mon Oct 17 05:21:23 +0000 2011,RT @MarcMonster: Siri keeps trying to send me to escort services....is that legal? @Apple,Neutral,rt siri keep trying send escort servicesis legal
apple,neutral,125803457155301376,Mon Oct 17 05:20:56 +0000 2011,Siri keeps trying to send me to escort services....is that legal? @Apple,Neutral,siri keep trying send escort servicesis legal
apple,neutral,125801811817922561,Mon Oct 17 05:14:23 +0000 2011,"Watching iGenius on @Discovery. Based on first 13 minutes, @Apple never should have gone public in 1980.",Neutral,watching igenius based first minute never gone public
apple,neutral,125793487479259136,Mon Oct 17 04:41:19 +0000 2011,"Ok, so it was a lion and not a leopard. Too much upgrading this weekend. @apple",Neutral,ok lion leopard much upgrading weekend
apple,neutral,125792596114161665,Mon Oct 17 04:37:46 +0000 2011,@virgojud81 well maybe if you would set ya @apple products to send push notifications it would go through.,Neutral,well maybe would set ya product send push notification would go
apple,neutral,125792107930714113,Mon Oct 17 04:35:50 +0000 2011,@Apple's #Siri is great but #Google #Android always had that functionality youtu.be/gGbYVvU0Z5s #justsaying,Neutral,siri great google android always functionality youtubeggbyvvuzs justsaying
apple,neutral,125727869363163137,Mon Oct 17 00:20:34 +0000 2011,"#Win an @Apple iPod Touch from @Mommy_gaga, get the @Pampers Hello World Baby Memories App! http://t.co/zRBak7kL #PampersHelloApps",Neutral,win ipod touch get hello world baby memory app pampershelloapps
apple,neutral,125727349034598401,Mon Oct 17 00:18:30 +0000 2011,hmm it seems i should have checked the identity of @apple first…,Neutral,hmm seems checked identity first
apple,neutral,125727044263874560,Mon Oct 17 00:17:17 +0000 2011,"@apple out of respect, I really do think  the Apple logo should be revised to the one you have no doubt seen… http://t.co/xNKwgxme",Neutral,respect really think apple logo revised one doubt seen
apple,neutral,125726769297891330,Mon Oct 17 00:16:12 +0000 2011,"#Win an @Apple iPod Touch from @Mommy_gaga, get the @Pampers Hello World Baby Memories App! http://t.co/en0iacwR #PampersHelloApps",Neutral,win ipod touch get hello world baby memory app pampershelloapps
apple,neutral,125725274317914112,Mon Oct 17 00:10:15 +0000 2011,@boothelk did you know the first @apple home computer to use a mouse was called 'the lisa' ??,Neutral,know first home computer use mouse called lisa
apple,neutral,125721197437648896,Sun Oct 16 23:54:03 +0000 2011,What? Are we not buying enough iPads already @apple ? Give us a break while we learn to cope with a post Steve Apple http://t.co/w7GTxQZ0,Neutral,buying enough ipads already give u break learn cope post steve apple
apple,neutral,125708425752612864,Sun Oct 16 23:03:18 +0000 2011,@Apple do not buy an iPhone 4s that isn't in the store. THEY ARE NOT MADE YET AND DEFRAUDING YOU,Neutral,buy iphone isnt store made yet defrauding
apple,neutral,125703536632807424,Sun Oct 16 22:43:53 +0000 2011,@Apple needs to give me a contract deal i get them new customers all the time #teamiphone,Neutral,need give contract deal get new customer time teamiphone
apple,neutral,125698733768843264,Sun Oct 16 22:24:48 +0000 2011,@HTC vs @Apple who winning,Neutral,v winning
apple,neutral,125695449423286272,Sun Oct 16 22:11:45 +0000 2011,Steve Jobs Biopic Coming Soon - @Apple #Apple #SteveJobs http://t.co/DxZBa5bG,Neutral,steve job biopic coming soon apple stevejobs
apple,neutral,125695107734319104,Sun Oct 16 22:10:23 +0000 2011,@Jhoodmartin @rolandsmartin yes salute to Steve Jobs and @apple. I'm tweeting and you are watching on the IPad. Let's go Schaub time to lead,Neutral,yes salute steve job im tweeting watching ipad let go schaub time lead
apple,neutral,125694587313467393,Sun Oct 16 22:08:19 +0000 2011,"WOW DOGS!!

@Apple w/Starr earlier - upstairs in the huge soho store and all of a sudden she sprung to attention... http://t.co/b2PLMYVD",Neutral,wow dog wstarr earlier upstairs huge soho store sudden sprung attention
apple,neutral,125692890474233856,Sun Oct 16 22:01:35 +0000 2011,Digital X Worldwide | Today Is Steve Jobs Day In California @apple http://t.co/QSCHuMIN,Neutral,digital worldwide today steve job day california
apple,neutral,125692845054115842,Sun Oct 16 22:01:24 +0000 2011,Watching @cotmtulsa webcast on Joseph  from my iPad on my @apple TV. I love technology. http://t.co/mpBZyl72,Neutral,watching webcast joseph ipad tv love technology
apple,neutral,125691975474229248,Sun Oct 16 21:57:56 +0000 2011,"Comparing the @apple & @BlackBerry apps/interfaces, can anyone imagine how @BlackBerry could have done worse? #sadreally",Neutral,comparing appsinterfaces anyone imagine could done worse sadreally
apple,neutral,125690764331196416,Sun Oct 16 21:53:08 +0000 2011,Waiting patiently for me at the @apple store. @Badog420 http://t.co/NaFaeXuh,Neutral,waiting patiently store
apple,neutral,125689905954299904,Sun Oct 16 21:49:43 +0000 2011,@fundingroadmap @apple also knowing that this is no ending http://t.co/q08cBcuE,Neutral,also knowing ending
apple,neutral,125687710705926144,Sun Oct 16 21:41:00 +0000 2011,Siri wasn't able to help me find the g-spot....bush league @apple,Neutral,siri wasnt able help find gspotbush league
apple,neutral,125686643960193024,Sun Oct 16 21:36:45 +0000 2011,@Apple MacBook Air.. satiliktir.,Neutral,macbook air satiliktir
apple,neutral,125685016389894144,Sun Oct 16 21:30:17 +0000 2011,"RT @Porter_Anderson: ""3 principal global players will be active in every market...@Amazon, @Apple, & @Kobo."" #fbf11 #publaunch @MikeShat ...",Neutral,rt principal global player active every market fbf publaunch
apple,neutral,125679996420374530,Sun Oct 16 21:10:20 +0000 2011,@apple http://t.co/2YcsCG68 via @donorschoose,Neutral,via
apple,neutral,125677838295764992,Sun Oct 16 21:01:46 +0000 2011,I just told my @apple 4S she was a stupid bitch and her reply was if you insist #lol,Neutral,told stupid bitch reply insist lol
apple,neutral,125674121722998785,Sun Oct 16 20:47:00 +0000 2011,Why can't I check just Notes (without mail) on Lion for #iCloud like I do on the iOS devices @apple ?,Neutral,cant check note without mail lion icloud like io device
apple,neutral,125669834922008576,Sun Oct 16 20:29:58 +0000 2011,You need to ask #Siri her favorite color and the average speed of an unladen swallow. Seems Someone @apple is a Monty python fan,Neutral,need ask siri favorite color average speed unladen swallow seems someone monty python fan
apple,neutral,125667332931596290,Sun Oct 16 20:20:01 +0000 2011,"""3 principal global players will be active in every market...@Amazon, @Apple, & @Kobo."" #fbf11 #publaunch @MikeShatzkin http://t.co/1ndxcMO1",Neutral,principal global player active every market fbf publaunch
apple,neutral,125666909080387584,Sun Oct 16 20:18:20 +0000 2011,"If I was @Apple, I'd publicly denounce and file suit against @Nuance. Then buy 'em on the cheap. #Siri",Neutral,id publicly denounce file suit buy em cheap siri
apple,neutral,125665930339565568,Sun Oct 16 20:14:27 +0000 2011,"@NoVaTyler I lost a lot that I paid for @apple @WordsWFriends etc! #nothappy oh well, poop happens",Neutral,lost lot paid etc nothappy oh well poop happens
apple,neutral,125664999036301312,Sun Oct 16 20:10:45 +0000 2011,The folks at @apple are awesome! So glad I a #mactard,Neutral,folk awesome glad mactard
apple,neutral,125664891691474944,Sun Oct 16 20:10:19 +0000 2011,"Waiting at end of 20 person line after checking in on time for my ""genius bar"" appt. @apple store...I do not find this system ""genius"" #FAIL",Neutral,waiting end person line checking time genius bar appt storei find system genius fail
apple,neutral,125663967296229376,Sun Oct 16 20:06:39 +0000 2011,"While the improvements in @Apple Mac OS 10.7 #Lion are great, the full-screen implementation on 2 monitors is broken.",Neutral,improvement mac o lion great fullscreen implementation monitor broken
apple,neutral,125661036891226113,Sun Oct 16 19:55:00 +0000 2011,@mcp111 @apple @AppStore Why are you asking us? Apple don't read messages on Twitter... and Apple aren't @Apple either,Neutral,asking u apple dont read message twitter apple arent either
apple,neutral,125660067482697729,Sun Oct 16 19:51:09 +0000 2011,@nansen @apple I have not heard of that. Hubby had no problems- I have not done it yet.,Neutral,heard hubby problem done yet
apple,neutral,125657950185463808,Sun Oct 16 19:42:44 +0000 2011,"RT @TerryStorch: With @twitter and @apple partnership, would be great if SMS from 40404 to iOS devices would use imessage.",Neutral,rt partnership would great sm io device would use imessage
apple,neutral,125647236418912256,Sun Oct 16 19:00:10 +0000 2011,Dear @apple can I still use #iWeb for my #mobileme website if I convert to iCloud with my Apple ID for mail and iCal??? #help #dtv thanks!,Neutral,dear still use iweb mobileme website convert icloud apple id mail ical help dtv thanks
apple,neutral,125645376790331392,Sun Oct 16 18:52:46 +0000 2011,#California Governor @JerryBrown declares today #SteveJobsDay in his State. Music video tribute  http://t.co/mNr1HIx2 @mashable @cnet @apple,Neutral,california governor declares today stevejobsday state music video tribute
apple,neutral,125642256114909184,Sun Oct 16 18:40:22 +0000 2011,Lmao RT @RobynheaRtz: He asked Siri where's the hoes at & she told him where the nearest escorts were I love @apple,Neutral,lmao rt asked siri wheres hoe told nearest escort love
apple,neutral,125642161659199488,Sun Oct 16 18:40:00 +0000 2011,"@Apple, why do you have such a beef with @Windows?  #cantwealljustgetalong",Neutral,beef cantwealljustgetalong
apple,neutral,125642041140060160,Sun Oct 16 18:39:31 +0000 2011,He asked Siri where's the hoes at & she told him where the nearest escorts were I love @apple,Neutral,asked siri wheres hoe told nearest escort love
apple,neutral,125640758966484992,Sun Oct 16 18:34:25 +0000 2011,What's up #twitpeeps? How's every @apple user liking iOS 5?,Neutral,whats twitpeeps hows every user liking io
apple,neutral,125640679325052929,Sun Oct 16 18:34:06 +0000 2011,"“@42Hermy: @Reddclay81 now that were done prasing @Apple 's #iOS5

Everyone go subscribe to notsosuperpro! #shamlessselfpromotion”",Neutral,done prasing io everyone go subscribe notsosuperpro shamlessselfpromotion
apple,neutral,125640515021578240,Sun Oct 16 18:33:27 +0000 2011,"RT @42Hermy: @Reddclay81 now that were done prasing @Apple 's #iOS5

Everyone go subscribe to notsosuperpro! #shamlessselfpromotion",Neutral,rt done prasing io everyone go subscribe notsosuperpro shamlessselfpromotion
apple,neutral,125638955952640000,Sun Oct 16 18:27:16 +0000 2011,"@Reddclay81 now that were done prasing @Apple 's #iOS5

Everyone go subscribe to notsosuperpro! #shamlessselfpromotion",Neutral,done prasing io everyone go subscribe notsosuperpro shamlessselfpromotion
apple,neutral,125633549847117824,Sun Oct 16 18:05:47 +0000 2011,"on that @Apple shit hard, change my twitter name to @_iFynest",Neutral,shit hard change twitter name
apple,neutral,125633468708302848,Sun Oct 16 18:05:27 +0000 2011,I want Siri on my iPhone4 ! @apple,Neutral,want siri iphone
apple,neutral,125633233982459904,Sun Oct 16 18:04:31 +0000 2011,"So @apple the new iMessage is great and all, but is there a way to default to SMS when I'm not on wifi? I have limited data.",Neutral,new imessage great way default sm im wifi limited data
apple,neutral,125632582795804672,Sun Oct 16 18:01:56 +0000 2011,Right. Migrate from older mbp to imac using ethernet not firewire. Thanks Drew for saving me some $. @apple http://t.co/IAHHaGXy,Neutral,right migrate older mbp imac using ethernet firewire thanks drew saving
apple,neutral,125631556051140608,Sun Oct 16 17:57:51 +0000 2011,"Dear @apple, yesterday you sucked. Today you're awesome! Thanks LP Apple store, crash and burn mich ave store.",Neutral,dear yesterday sucked today youre awesome thanks lp apple store crash burn mich ave store
apple,neutral,125630955154190336,Sun Oct 16 17:55:29 +0000 2011,@apple store #Towson waiting at Genius bar - huge crowd waiting for #iPhone 4s @michaelmark @nicolelil http://t.co/x92sweCh,Neutral,store towson waiting genius bar huge crowd waiting iphone
apple,neutral,125630836245676033,Sun Oct 16 17:55:00 +0000 2011,@Apple's Steve Jobs Gets His Day | PCWorld http://t.co/6gT6w2Od,Neutral,steve job get day pcworld
apple,neutral,125630016485732352,Sun Oct 16 17:51:44 +0000 2011,Back to the Future 2 where @Apple didn't even have IPhone,Neutral,back future didnt even iphone
apple,neutral,125629788563050496,Sun Oct 16 17:50:50 +0000 2011,Why didn't @Apple merge the address and search bars in Safari ala Crome in iOS 5? #simplethings,Neutral,didnt merge address search bar safari ala crome io simplethings
apple,neutral,125627732032888833,Sun Oct 16 17:42:40 +0000 2011,"@reddclay81 Well then!

P.S. Did you respond so fast because of @Apple 's #iOS5 ?",Neutral,well p respond fast io
apple,neutral,125626286939979776,Sun Oct 16 17:36:55 +0000 2011,"@adityasood @apple @Quora I totally agree, was talking w/friends about that yesterday. Siri Everywhere!",Neutral,totally agree talking wfriends yesterday siri everywhere
apple,neutral,125625630254567424,Sun Oct 16 17:34:18 +0000 2011,How much do @Apple’s factories cost? | asymco http://t.co/GH0tvqMO,Neutral,much factory cost asymco
apple,neutral,125625566203346944,Sun Oct 16 17:34:03 +0000 2011,@Apple hits @Samsung in court again - http://t.co/l6brF3yB,Neutral,hit court
apple,neutral,125620113582993408,Sun Oct 16 17:12:23 +0000 2011,"@Mvm549 well, if it told you what you did to it or how it happened, it would be concrete evidence that @Apple is logging your life. :l",Neutral,well told happened would concrete evidence logging life
apple,neutral,125617451705712640,Sun Oct 16 17:01:49 +0000 2011,U pick Camera&Iphone4s orCamera&Ipad2?????????????? @apple,Neutral,pick cameraiphones orcameraipad
apple,neutral,125617133123153921,Sun Oct 16 17:00:33 +0000 2011,"@Apple, Y U NO LET ME PRE-ORDER IPHONE 4S?",Neutral,let preorder iphone
apple,neutral,125616747863736320,Sun Oct 16 16:59:01 +0000 2011,@Blogger loves @Apple iPhone. My blogpost finally done through iPhone apps.,Neutral,love iphone blogpost finally done iphone apps
apple,neutral,125614951787266048,Sun Oct 16 16:51:52 +0000 2011,Can someone explain to me how the hell iMessage differs from a text message? @Apple #fb,Neutral,someone explain hell imessage differs text message fb
apple,neutral,125614910804738049,Sun Oct 16 16:51:43 +0000 2011,Can someone explain to me how the hell iMessage differs from a text message? @Apple,Neutral,someone explain hell imessage differs text message
apple,neutral,125598495137726464,Sun Oct 16 15:46:29 +0000 2011,"@Apple, feel free to accidently ship me a new iPhone 4s #nobigdeal",Neutral,feel free accidently ship new iphone nobigdeal
apple,neutral,125596991290998784,Sun Oct 16 15:40:30 +0000 2011,@Apple  I asked Siri 'if she swallowed' she relied 'Lets see' - wtf do i do now? wank over my phone?,Neutral,asked siri swallowed relied let see wtf wank phone
apple,neutral,125595669145722880,Sun Oct 16 15:35:15 +0000 2011,"#Win an @Apple iPod Touch from @Mommy_gaga, get the @Pampers Hello World Baby Memories App! http://t.co/8MaDmqPc #PampersHelloApps",Neutral,win ipod touch get hello world baby memory app pampershelloapps
apple,neutral,125595441562783744,Sun Oct 16 15:34:21 +0000 2011,@apple How much is the student discount on the MacBook Air in Canada? Your reps have said both $50 and $100. Which is it? Thanks! #laptop,Neutral,much student discount macbook air canada rep said thanks laptop
apple,neutral,125591434056318977,Sun Oct 16 15:18:25 +0000 2011,@apple @AppStore @ihelpline when r u going to provide the ability to password protect iPad email???,Neutral,going provide ability password protect ipad email
apple,neutral,125589884445536257,Sun Oct 16 15:12:16 +0000 2011,has the new iOS5 changed the way the iPad charges? I've noticed I can charge from my laptop & iPhone charger now @toptweets @BBCClick @apple,Neutral,new io changed way ipad charge ive noticed charge laptop iphone charger
apple,neutral,125589258898644992,Sun Oct 16 15:09:47 +0000 2011,You know what would be awesome? If @QVC sold @apple iPads on easy pay. #yesplease,Neutral,know would awesome sold ipads easy pay yesplease
apple,neutral,125588749454278656,Sun Oct 16 15:07:45 +0000 2011,Thanks @apple my girlfriend likes #siri more than me now.,Neutral,thanks girlfriend like siri
apple,neutral,125588587180863489,Sun Oct 16 15:07:07 +0000 2011,"@Apple store dude ""i hear an accent where ru from?"" me ""no from ct, but ur not 1st 2 tell me that"" dude ""maybe its... http://t.co/93Ztje8p",Neutral,store dude hear accent ru ct ur st tell dude maybe
apple,neutral,125587186723725312,Sun Oct 16 15:01:33 +0000 2011,SpeechTrans http://t.co/TW3SzX61 on @Apple App store listed as the #best bi-directional #Speech To Speech #Translator -- Posts on Twitter,Neutral,speechtrans app store listed best bidirectional speech speech translator post twitter
apple,neutral,125586682790674434,Sun Oct 16 14:59:33 +0000 2011,@CoLDSToRAGE Haven't had a chance to check out the #android overhaul but ebooks are likely a response to @apple newsstand baked into #iOS5,Neutral,havent chance check android overhaul ebooks likely response newsstand baked io
apple,neutral,125583717354831872,Sun Oct 16 14:47:46 +0000 2011,@apple no Siri support for Canada sucks #Siri but loving the new iPhone upgrade from my 3GS #iphone4s,Neutral,siri support canada suck siri loving new iphone upgrade g iphones
apple,neutral,125581507355086848,Sun Oct 16 14:38:59 +0000 2011,Awesome documentary about how apple was created.. #stevejobs #apple @apple http://t.co/Qetk8ds2,Neutral,awesome documentary apple created stevejobs apple
apple,neutral,125581280430669824,Sun Oct 16 14:38:05 +0000 2011,Oops! Apparently @apple is some handle-squatter. Tweetbarassment.,Neutral,oops apparently handlesquatter tweetbarassment
apple,neutral,125564573167263746,Sun Oct 16 13:31:41 +0000 2011,This video brought a small tear to my eye http://t.co/3va2ninp. Watch to @SteveWoz opinion of #SteveJobs and @Apple,Neutral,video brought small tear eye watch opinion stevejobs
apple,neutral,125546017205665792,Sun Oct 16 12:17:57 +0000 2011,this reader button for safari is perfect for fic @apple #ios5 #stevejobsday,Neutral,reader button safari perfect fic io stevejobsday
apple,neutral,125545914864640000,Sun Oct 16 12:17:33 +0000 2011,"MacBook Pros constrained, new models appear in Apple’s inventory system @apple @macbookpro... http://t.co/blGr9Ue5",Neutral,macbook pro constrained new model appear apple inventory system
apple,neutral,125544363945230336,Sun Oct 16 12:11:23 +0000 2011,A Great iPhone 4S Review @engadget @iphone @apple http://t.co/gX07Qywe,Neutral,great iphone review
apple,neutral,125541112491425792,Sun Oct 16 11:58:28 +0000 2011,@apple Give Siri back!,Neutral,give siri back
apple,neutral,125537487455137793,Sun Oct 16 11:44:04 +0000 2011,@Apple has lunched its new OS: iSO 5,Neutral,lunched new o iso
apple,neutral,125528344480587776,Sun Oct 16 11:07:44 +0000 2011,Bouquet for Jobs @Apple Store Nagoya http://t.co/pmEcxPug,Neutral,bouquet job store nagoya
apple,neutral,125527718203887616,Sun Oct 16 11:05:14 +0000 2011,"New #iOS5 notification center is a big improvement, but @apple missed an easy trick by not making it fully available on lock screen.",Neutral,new io notification center big improvement missed easy trick making fully available lock screen
apple,neutral,125498684401135616,Sun Oct 16 09:09:52 +0000 2011,The battle of voice controlled AI platforms. If they were mobile OS ind - same q's as in IE antitrust case in EU? Vlingo v @google v @apple,Neutral,battle voice controlled ai platform mobile o ind q ie antitrust case eu vlingo
apple,neutral,125496516000485376,Sun Oct 16 09:01:15 +0000 2011,SpeechTrans http://t.co/TW3SzX61 on @Apple App store listed as the #best bi-directional #Speech To Speech #Translator - Posts on Twitter,Neutral,speechtrans app store listed best bidirectional speech speech translator post twitter
apple,neutral,125493419522002944,Sun Oct 16 08:48:57 +0000 2011,"#Win an @Apple iPod Touch from @Mommy_gaga, get the @Pampers Hello World Baby Memories App! http://t.co/gIHYpzWO #PampersHelloApps",Neutral,win ipod touch get hello world baby memory app pampershelloapps
apple,neutral,125493125098635265,Sun Oct 16 08:47:47 +0000 2011,"Or hide it.. RT @LucasBlack: Dear @Apple.Re: Newsstand. Don't advertise magazines for free:they're NOT free.Also,allow us to remove the app.",Neutral,hide rt dear newsstand dont advertise magazine freetheyre freealsoallow u remove app
apple,neutral,125489264157917184,Sun Oct 16 08:32:26 +0000 2011,"#Win an @Apple iPod Touch from @Mommy_gaga, get the @Pampers Hello World Baby Memories App! http://t.co/fnbKNwmj #PampersHelloApps Ends10/21",Neutral,win ipod touch get hello world baby memory app pampershelloapps end
apple,neutral,125486845768368128,Sun Oct 16 08:22:50 +0000 2011,"@Mommy_gaga  #Win an @Apple iPod Touch @Mommy_gaga, get the @Pampers Hello World Baby Memories App! http://t.co/qEATNMpI #PampersHelloApps",Neutral,win ipod touch get hello world baby memory app pampershelloapps
apple,neutral,125460019859820544,Sun Oct 16 06:36:14 +0000 2011,I have to change my homepage from @apple.  Steve Jobs looks like an owl,Neutral,change homepage steve job look like owl
apple,neutral,125457535951060993,Sun Oct 16 06:26:22 +0000 2011,@msantram I want @apple to integrate Siri with @Quora.,Neutral,want integrate siri
apple,neutral,125448837404954624,Sun Oct 16 05:51:48 +0000 2011,@MisThang2u nope they wouldn't even let me & my mom switch @apple she has an upgrade mine isn't do til march,Neutral,nope wouldnt even let mom switch upgrade mine isnt til march
apple,neutral,125433354488254464,Sun Oct 16 04:50:16 +0000 2011,"@Apple iOS5 is all well and good and has nice new features, but I'm still waiting on an app that will go to work for me.",Neutral,io well good nice new feature im still waiting app go work
apple,neutral,125432626482917376,Sun Oct 16 04:47:23 +0000 2011,"As tribute to Steve @apple, i'd consider renaming #Siri to Steve - he'll get your #Jobs done!  Forever remembered for his legacy.",Neutral,tribute steve id consider renaming siri steve hell get job done forever remembered legacy
apple,neutral,125432518324400128,Sun Oct 16 04:46:57 +0000 2011,can't wait for @Spotify and @Apple to integrate with Siri.,Neutral,cant wait integrate siri
apple,neutral,125425087800291328,Sun Oct 16 04:17:25 +0000 2011,@rjpittman Why you won't use your @apple account.,Neutral,wont use account
apple,neutral,125424738662223872,Sun Oct 16 04:16:02 +0000 2011,I hope @apple will release an app for Siri for us non-apple 4s users. #apple #iphone #siri,Neutral,hope release app siri u nonapple user apple iphone siri
apple,neutral,125419216227667968,Sun Oct 16 03:54:05 +0000 2011,"strange, i cannot put my newsstand app into any group. @apple wants to be our new paperboy #iOS #iphone",Neutral,strange cannot put newsstand app group want new paperboy io iphone
apple,neutral,125417324621737985,Sun Oct 16 03:46:34 +0000 2011,"In case you were curious like me.... IPhone 4S: Which Apple #iPhone is Best for Price, Features? http://t.co/d1LonCzc @Apple #HealthIT #EHR",Neutral,case curious like iphone apple iphone best price feature healthit ehr
apple,neutral,125416866243018753,Sun Oct 16 03:44:45 +0000 2011,Lemme just say iOS5 is mad cool BUT it needs A LOT of bug fixes @Apple,Neutral,lemme say io mad cool need lot bug fix
apple,neutral,125416811490578435,Sun Oct 16 03:44:32 +0000 2011,"I don't get it. Instead of @apple dropping the 16GB iPhone 4 down to $99, they release an 8GB one for $99???",Neutral,dont get instead dropping gb iphone release gb one
apple,neutral,125410153196560384,Sun Oct 16 03:18:05 +0000 2011,Dear @Apple iMessage client for desktop please :),Neutral,dear imessage client desktop please
apple,neutral,125409201907437569,Sun Oct 16 03:14:18 +0000 2011,"#Siri is kinda slow, tho impressed it got my accent and commands first time out. @apple",Neutral,siri kinda slow tho impressed got accent command first time
apple,neutral,125406528487424003,Sun Oct 16 03:03:40 +0000 2011,Why doesn't the Genius have songs for Watch the Throne yet? HUH? @APPLE ?????,Neutral,doesnt genius song watch throne yet huh
apple,neutral,125406003863883776,Sun Oct 16 03:01:35 +0000 2011,"""#Win an @Apple iPod Touch from @Mommy_gaga, get the @Pampers Hello World Baby Memories App! http://t.co/eYLm3pav #PampersHelloApps""",Neutral,win ipod touch get hello world baby memory app pampershelloapps
apple,neutral,125405939015757824,Sun Oct 16 03:01:20 +0000 2011,SpeechTrans http://t.co/TW3SzX61 on @Apple App store listed as the #best bi-directional #Speech To Speech #Translator ---- Posts on Twitter,Neutral,speechtrans app store listed best bidirectional speech speech translator post twitter
apple,neutral,125402652610797569,Sun Oct 16 02:48:16 +0000 2011,@Blackberry -vs- @Apple iPhone?,Neutral,v iphone
apple,neutral,125398913313284096,Sun Oct 16 02:33:25 +0000 2011,At @Apple HQ,Neutral,hq
apple,neutral,125398813543374848,Sun Oct 16 02:33:02 +0000 2011,Our trip to SF and Silicon Valley is about to end. Visit @Apple HQ is one of the final stops. http://t.co/ikoOqdoc,Neutral,trip sf silicon valley end visit hq one final stop
apple,neutral,125394805449699329,Sun Oct 16 02:17:05 +0000 2011,"#iPhone4S in #Space http://t.co/glOaXhLe via @youtube

#nasa @apple",Neutral,iphones space via nasa
apple,neutral,125379023307153408,Sun Oct 16 01:14:23 +0000 2011,"RT @stalkertard: hey @apple, how about if IPhone4S = ""IPhone 4 Steve"" and you donate a small portion of the proceeds towards cancer rese ...",Neutral,rt hey iphones iphone steve donate small portion proceeds towards cancer rese
apple,neutral,125373658389692416,Sun Oct 16 00:53:04 +0000 2011,"""#Win an @Apple iPod Touch from @Mommy_gaga, get the @Pampers Hello World Baby Memories App! http://t.co/DLLabuAK #PampersHelloApps""",Neutral,win ipod touch get hello world baby memory app pampershelloapps
apple,neutral,125373427661029376,Sun Oct 16 00:52:09 +0000 2011,Do wish @hudl would come up with a native @apple Mac version of their video editor especially with HD video.  But love everything @hudl,Neutral,wish would come native mac version video editor especially hd video love everything
apple,neutral,125372628746768384,Sun Oct 16 00:48:58 +0000 2011,@_courtneytaylor @apple did you get a 4S?,Neutral,get
apple,neutral,125369026351349760,Sun Oct 16 00:34:39 +0000 2011,@apple should make Siri avalible for all devices not exclusive to the iPhone 4S,Neutral,make siri avalible device exclusive iphone
apple,neutral,125368381728763904,Sun Oct 16 00:32:06 +0000 2011,Still a line @apple store Hillsdale mall #94402 http://t.co/wzVxNz8E,Neutral,still line store hillsdale mall
apple,neutral,125366519680086016,Sun Oct 16 00:24:42 +0000 2011,@Apple Why do you have a volume control in the fast app switcher!? Buttons. Volume buttons. You have them. Give me a brightness slider! #wtf,Neutral,volume control fast app switcher button volume button give brightness slider wtf
apple,neutral,125364154629492737,Sun Oct 16 00:15:18 +0000 2011,Proof that my dad loves my sis more. RT @AnnaCorinne16 woke up to my dad at my door w my new iphone. he surprised me & went to @apple!,Neutral,proof dad love si rt woke dad door new iphone surprised went
apple,neutral,125361209137565696,Sun Oct 16 00:03:36 +0000 2011,@apple iphone 4s arrival on Tuesday!! #iPhone4S,Neutral,iphone arrival tuesday iphones
apple,neutral,125360952878182400,Sun Oct 16 00:02:35 +0000 2011,Too many iPhones.  @apple @dcoult #FirstWorldProblems http://t.co/Ck4yfFSY,Neutral,many iphones firstworldproblems
apple,neutral,125360877359742976,Sun Oct 16 00:02:16 +0000 2011,"Dear @apple, as a hoh/deaf user, can you please add options for stronger and longer vibrate for #iphone4s ? Thank you! #hoh #deaf #ally",Neutral,dear hohdeaf user please add option stronger longer vibrate iphones thank hoh deaf ally
apple,neutral,125359697770450944,Sat Oct 15 23:57:35 +0000 2011,At the Genius Bar... Waiting @apple store,Neutral,genius bar waiting store
apple,neutral,125359622193295360,Sat Oct 15 23:57:17 +0000 2011,"no kidding “@thejabberwockey: Also @EricGreenspan, don't forget @Apple stop closing the app store after each bloody purchase...”",Neutral,kidding also dont forget stop closing app store bloody purchase
apple,neutral,125357901580746752,Sat Oct 15 23:50:27 +0000 2011,"So, what is behind that giant silver door at the @apple store? #MacLife",Neutral,behind giant silver door store maclife
apple,neutral,125351067620880385,Sat Oct 15 23:23:18 +0000 2011,@robcollingridge @Apple @Google and with a URL that works http://t.co/vGSf529q,Neutral,url work
apple,neutral,125350537821569024,Sat Oct 15 23:21:11 +0000 2011,"@robcollingridge @Apple @Google Been looking at Samsung ChatON tonight, very promising. Integrated with key apps http://t.co/DZsGPhqt",Neutral,looking samsung chaton tonight promising integrated key apps
apple,neutral,125347828754169856,Sat Oct 15 23:10:25 +0000 2011,"@thejcurt unlocking it at @apple store. RIP, Mr. Jobs.",Neutral,unlocking store rip mr job
apple,neutral,125345723020607488,Sat Oct 15 23:02:03 +0000 2011,"Siri is cool but more importantly handy and FUNNY. @Apple please configure it for Canada. What's with the racism, EH?",Neutral,siri cool importantly handy funny please configure canada whats racism eh
apple,neutral,125344722196766720,Sat Oct 15 22:58:05 +0000 2011,"RT @Apple Yea, our stores are open 7 days a week RT @Wasalu_Flora Me too? RT @DJ_BMONEY iPad ..+ iPhone 4s..= My Christmas gifts to my self.",Neutral,rt yea store open day week rt rt ipad iphone christmas gift self
apple,neutral,125344351218974720,Sat Oct 15 22:56:36 +0000 2011,#IOS5  needed to include a landscape mode for reminders @Apple,Neutral,io needed include landscape mode reminder
apple,neutral,125336929825849344,Sat Oct 15 22:27:07 +0000 2011,"De la nada mi #iPhone4 se fue a negro y empezó a vibrar, hubo que resetearlo, que onda con #iOS5 WTFH @Apple",Neutral,de la nada mi iphone se fue negro empez vibrar hubo que resetearlo que onda con io wtfh
apple,neutral,125336798690942977,Sat Oct 15 22:26:36 +0000 2011,http://t.co/CvEKdOIQ line at @Apple northpark #dallas mall. #4GSiPhone,Neutral,line northpark dallas mall gsiphone
apple,neutral,125335012961828866,Sat Oct 15 22:19:30 +0000 2011,@davidcohen Sounds like 2nd day strategy isn't working. We got ours yesterday - in and out in no time. @Apple staff awesome/efficient!,Neutral,sound like nd day strategy isnt working got yesterday time staff awesomeefficient
apple,neutral,125332871174037504,Sat Oct 15 22:10:59 +0000 2011,"@sprint is slow, slow, slow. beware when signing with #SlowSprint. @apple #iphone #iphone4 #iphone4s #Siri #android #TheBufferingNetwork",Neutral,slow slow slow beware signing slowsprint iphone iphone iphones siri android thebufferingnetwork
apple,neutral,125332609428496384,Sat Oct 15 22:09:57 +0000 2011,Waiting on line @Apple store at west 14th Street.,Neutral,waiting line store west th street
apple,neutral,125327281181835264,Sat Oct 15 21:48:47 +0000 2011,In honor of Steve Jobs. @apple #RIPSteve http://t.co/NyjhkNoU,Neutral,honor steve job ripsteve
apple,neutral,125326760769372160,Sat Oct 15 21:46:42 +0000 2011,when is @apple gonna update the fact that i can't see emoji on twitter for mac?,Neutral,gonna update fact cant see emoji twitter mac
apple,neutral,125325397712846848,Sat Oct 15 21:41:17 +0000 2011,RT @ajrogers Purdie Rogers tribute to #SteveJobs and @apple. We spray painted the Macintosh Plus w.. http://t.co/AlDicTd1,Neutral,rt purdie rogers tribute stevejobs spray painted macintosh plus
apple,neutral,125324916009615360,Sat Oct 15 21:39:23 +0000 2011,RT @ajrogers Purdie Rogers tribute to #SteveJobs and @apple. We spray painted the Macintosh Plus w.. http://t.co/oMXjhZh0,Neutral,rt purdie rogers tribute stevejobs spray painted macintosh plus
apple,neutral,125321084525490176,Sat Oct 15 21:24:09 +0000 2011,@apple so why is the ios support for 2nd gen ipods discontinued? It is only 3 years old? Give us an ios update please!,Neutral,io support nd gen ipod discontinued year old give u io update please
apple,neutral,125318029390249984,Sat Oct 15 21:12:01 +0000 2011,"Just had a look on eBay for iPhone 4s and some have 13,16,24 bids at well over £500 some £530 (16gb white) , they are £499 delivered @apple",Neutral,look ebay iphone bid well gb white delivered
apple,neutral,125317541504626688,Sat Oct 15 21:10:04 +0000 2011,#SaturdayCute: Shit That #Siri Says. @Apple designers knew what people were going to ask the new digital assistant... http://t.co/Ecji1iIo,Neutral,saturdaycute shit siri say designer knew people going ask new digital assistant
apple,neutral,125317300860620801,Sat Oct 15 21:09:07 +0000 2011,"@thatstevegray done that buddy, just  surprised that there's no option from @apple & if you turn it back on it brings back the pics u delete",Neutral,done buddy surprised there option turn back brings back pic delete
apple,neutral,125315460030922752,Sat Oct 15 21:01:48 +0000 2011,SpeechTrans http://t.co/TW3SzX61 on @Apple App store listed as the #best bi-directional #Speech To Speech #Translator --- Posts on Twitter,Neutral,speechtrans app store listed best bidirectional speech speech translator post twitter
apple,neutral,125315263183851521,Sat Oct 15 21:01:01 +0000 2011,So @apple changed the look of their on/off toggle. I wonder how long it will take for all the hip web apps to follow...,Neutral,changed look onoff toggle wonder long take hip web apps follow
apple,neutral,125315080081518592,Sat Oct 15 21:00:17 +0000 2011,I want everybody on earth to iMessage me.  Is there anyway the world can iMessage me without giving them my phone number??? @Apple,Neutral,want everybody earth imessage anyway world imessage without giving phone number
apple,neutral,125312357797863425,Sat Oct 15 20:49:28 +0000 2011,"RT @MyMelange: Wall to wall people, security and a huge line outside just to get in the @Apple store.  http://t.co/i1khkgJm",Neutral,rt wall wall people security huge line outside get store
apple,neutral,125309663913840640,Sat Oct 15 20:38:46 +0000 2011,Whoa! Line at @apple store in Glendale for iPhone 4S  http://t.co/yZlpogXB,Neutral,whoa line store glendale iphone
apple,neutral,125305567148388352,Sat Oct 15 20:22:29 +0000 2011,Follow me and I follow you!! @iOS5 @fansoflilwayne @follow @apple,Neutral,follow follow
apple,neutral,125300705836793856,Sat Oct 15 20:03:10 +0000 2011,"Salesperson at #soho @Apple store ""it doesn't matter how many people are lined up out front. They're not gonna get one"" #iphone4s",Neutral,salesperson soho store doesnt matter many people lined front theyre gonna get one iphones
apple,neutral,125300603059576833,Sat Oct 15 20:02:46 +0000 2011,@apple and I'm looking at the outside & all you see is sticky notes about steve jobs,Neutral,im looking outside see sticky note steve job
apple,neutral,125283873331494913,Sat Oct 15 18:56:17 +0000 2011,@samsung and @apple never rest as they battle in court yet again over tablets.(not the pills),Neutral,never rest battle court yet tabletsnot pill
apple,neutral,125281502866059264,Sat Oct 15 18:46:52 +0000 2011,Iphone update is great but seriously @apple let me delete stuff I dont want like gamecenter. Steve wont mind...,Neutral,iphone update great seriously let delete stuff dont want like gamecenter steve wont mind
apple,neutral,125278676949544960,Sat Oct 15 18:35:38 +0000 2011,@rjakesuk mine is past the warranty and I don't have AppleCare. #ios5 @apple,Neutral,mine past warranty dont applecare io
apple,neutral,125276525472911360,Sat Oct 15 18:27:05 +0000 2011,If @Apple could put the USB female connector in cars would be #Dope,Neutral,could put usb female connector car would dope
apple,neutral,125275795252977664,Sat Oct 15 18:24:11 +0000 2011,What do we have to do to get Flash on #iPad? @Apple please please please change your mind. Thank you in advance! @kusi_sk  @PeterNemcok,Neutral,get flash ipad please please please change mind thank advance
apple,neutral,125275280678993920,Sat Oct 15 18:22:09 +0000 2011,@ireton Perhaps it's time for @Apple to come out with an app called iSuck that lets you know which apps are killing your battery life,Neutral,perhaps time come app called isuck let know apps killing battery life
apple,neutral,125273317673414656,Sat Oct 15 18:14:21 +0000 2011,20 min line @apple store @short pump.,Neutral,min line store pump
apple,neutral,125270965268643840,Sat Oct 15 18:05:00 +0000 2011,Lol @Apple support playing Mary J Blige during the wait time.,Neutral,lol support playing mary blige wait time
apple,neutral,125267017942052866,Sat Oct 15 17:49:19 +0000 2011,"RT @TheMacMob: Sprint, Verizon & AT&T @Apple Stores http://t.co/ZOzR0UUz",Neutral,rt sprint verizon att store
apple,neutral,125266503657472000,Sat Oct 15 17:47:16 +0000 2011,@xwordy iCloud was new; I didn't need weather or stocks but they were there pre #ios5 so I'm not hopeful that this will help @apple,Neutral,icloud new didnt need weather stock pre io im hopeful help
apple,neutral,125261029834899456,Sat Oct 15 17:25:31 +0000 2011,"Thinking more, I want Android to do an iMessage service & for @Google & @Apple to interconnect. They would if the cared about their users.",Neutral,thinking want android imessage service interconnect would cared user
apple,neutral,125260105154437121,Sat Oct 15 17:21:50 +0000 2011,@apple in Austin:  domain location - umbrellas are nice but being staffed properly would be better.,Neutral,austin domain location umbrella nice staffed properly would better
apple,neutral,125257803790159873,Sat Oct 15 17:12:42 +0000 2011,bored - need a new intriguing #app for my #iPad.  Any suggestions?  @apple #yyc @Gadget_Guy,Neutral,bored need new intriguing app ipad suggestion yyc
apple,neutral,125252442836320256,Sat Oct 15 16:51:24 +0000 2011,"@KeepnUpWitTBoyd @AppStore @iTunesMusic they fixed a bug Thursday after I had done my update? Thus my issue, spent Fri @apple  #iOS5",Neutral,fixed bug thursday done update thus issue spent fri io
apple,neutral,125250721280040961,Sat Oct 15 16:44:33 +0000 2011,"And @Apple I still have an old MBP from 2006 which I use - which can't run #Lion, I still like to sync it!",Neutral,still old mbp use cant run lion still like sync
apple,neutral,125250617911418881,Sat Oct 15 16:44:09 +0000 2011,"@moLifer26 @apple When we find people standing in the middle of blood-soaked rooms saying, ""Siri told me to?"" #noreallyihearvoices",Neutral,find people standing middle bloodsoaked room saying siri told noreallyihearvoices
apple,neutral,125250078108684288,Sat Oct 15 16:42:00 +0000 2011,"...now with Siri were talking to our iPhones... how will we ever know if people are really truly crazy? :P 
#iphone4s #Siri #apple @apple",Neutral,siri talking iphones ever know people really truly crazy iphones siri apple
apple,neutral,125246898830458880,Sat Oct 15 16:29:22 +0000 2011,@notleifgarrett @apple you'll be able to afford that mansion one day.,Neutral,youll able afford mansion one day
apple,neutral,125245892814045184,Sat Oct 15 16:25:22 +0000 2011,"@fabi_m not that I know of. I think it is only on iOS, should get @apple to make a desktop app :)",Neutral,know think io get make desktop app
apple,neutral,125244798671142912,Sat Oct 15 16:21:01 +0000 2011,"@notleifgarrett @apple wished their on hold music played ""Pictures of You"".",Neutral,wished hold music played picture
apple,neutral,125231250247135233,Sat Oct 15 15:27:11 +0000 2011,@RealEstateGuyWI All about yesterday's @Apple upgrade. Helpful but maddening,Neutral,yesterday upgrade helpful maddening
apple,neutral,125222749034659840,Sat Oct 15 14:53:24 +0000 2011,"after being on hold with @apple for the last 30 mins, i really like their music selection of on-hold music. White Stripes, Ray Lamontagne...",Neutral,hold last min really like music selection onhold music white stripe ray lamontagne
apple,neutral,125218106778992640,Sat Oct 15 14:34:57 +0000 2011,"""#Win an @Apple iPod Touch from @Mommy_gaga, get the @Pampers Hello World Baby Memories App! http://t.co/g8Uof7uz #PampersHelloApps""",Neutral,win ipod touch get hello world baby memory app pampershelloapps
apple,neutral,125211793655218178,Sat Oct 15 14:09:52 +0000 2011,"@vlingo is a POOR substitute for Siri!! Yo @APPLE, gimmie Siri!!!!",Neutral,poor substitute siri yo gimmie siri
apple,neutral,125196751387889665,Sat Oct 15 13:10:06 +0000 2011,@Apple Scrapple. (:,Neutral,scrapple
apple,neutral,125193298624258049,Sat Oct 15 12:56:23 +0000 2011,@tvnewschick @apple Oh no! Why not?! I want it to be love-love-love! It's a lot of dough to spend otherwise...,Neutral,oh want lovelovelove lot dough spend otherwise
apple,neutral,125184976579862530,Sat Oct 15 12:23:18 +0000 2011,One of the great #entrepreneurs has died. #Steve #Jobs has passed away. Our hearts go out to his family and everyone at @Apple,Neutral,one great entrepreneur died steve job passed away heart go family everyone
apple,neutral,125085987431923713,Sat Oct 15 05:49:58 +0000 2011,@fashionNOGuilt haha! tomorrow should be less hectic too! 'cause everyone and their moms was at the @apple store today! ;],Neutral,haha tomorrow less hectic cause everyone mom store today
google,positive,126534770095169536,Wed Oct 19 05:46:54 +0000 2011,"Took me months to decide, but tonight I have chosen #google over Amazon S3 for image storage solution.",Positive,took month decide tonight chosen google amazon image storage solution
google,positive,126534201880219648,Wed Oct 19 05:44:39 +0000 2011,RT @spacecanard Today's the Day. ICS &lt;3 #android #google #samsung,Positive,rt today day ic lt android google samsung
google,positive,126534020367519744,Wed Oct 19 05:43:56 +0000 2011,"The new Nexus looks good! UI feel a bit confusing but I guess Android users are ok with that! Now, try it :) #Google #android #nexusprime",Positive,new nexus look good ui feel bit confusing guess android user ok try google android nexusprime
google,positive,126533948925952000,Wed Oct 19 05:43:38 +0000 2011,Very nice trivia game by #Google. Helps you use their search better http://t.co/ikN087ZE,Positive,nice trivia game google help use search better
google,positive,126533885109600256,Wed Oct 19 05:43:23 +0000 2011,Very nice trivia game by #Google. Helps you use their search better http://t.co/c5Tu3dZK #fb,Positive,nice trivia game google help use search better fb
google,positive,126533562781544448,Wed Oct 19 05:42:06 +0000 2011,Cant build a website. Get a #Google website #Free ! http://t.co/7qUy4uOU,Positive,cant build website get google website free
google,positive,126533349727666176,Wed Oct 19 05:41:16 +0000 2011,#Android ICS is looking pretty good. Not quite sure if its worth the 4.0 numbering leap. #google,Positive,android ic looking pretty good quite sure worth numbering leap google
google,positive,126533268119109632,Wed Oct 19 05:40:56 +0000 2011,@Tita_Ramos #Google it =),Positive,google
google,positive,126533166352699392,Wed Oct 19 05:40:32 +0000 2011,RT @p1j Android 4.0 Ice Cream Sandwich is Here with a Google Nexus in new Avtar!   http://t.co/MTu7tGx7   #android #google #nexus #BigMAMA,Positive,rt android ice cream sandwich google nexus new avtar android google nexus bigmama
google,positive,126532897715929088,Wed Oct 19 05:39:28 +0000 2011,"Me too RT @MohamedG: Exciting day, It's Ice cream Sandwich day ;) #Google #Android",Positive,rt exciting day ice cream sandwich day google android
google,positive,126531552367751169,Wed Oct 19 05:34:07 +0000 2011,WOW the new #Google #Nexus is just beautiful. totally gonna boost google's market share in the smart phone market.,Positive,wow new google nexus beautiful totally gonna boost google market share smart phone market
google,positive,126531180907601920,Wed Oct 19 05:32:39 +0000 2011,"hahaha integrated data usage manager... in sucha brilliant way, sleek design, superb and I'm only watching videos LOL #Google",Positive,hahaha integrated data usage manager sucha brilliant way sleek design superb im watching video lol google
google,positive,126530945976238080,Wed Oct 19 05:31:43 +0000 2011,I fancy an Ice Cream Sandwich #google #android. Wonder it will works on my HTC Desire?,Positive,fancy ice cream sandwich google android wonder work htc desire
google,positive,126530924576907264,Wed Oct 19 05:31:37 +0000 2011,"Google Ice Cream Sandwich - sounds yummy!  What do you think? http://t.co/gMsgXcq8
#google #Android #ice cream sandwich",Positive,google ice cream sandwich sound yummy think google android ice cream sandwich
google,positive,126530807891374082,Wed Oct 19 05:31:10 +0000 2011,#Google Me!!!!!!!!,Positive,google
google,positive,126530189579649024,Wed Oct 19 05:28:42 +0000 2011,"Exciting day, It's Ice cream Sandwich day ;) #Google #Android",Positive,exciting day ice cream sandwich day google android
google,positive,126530027939569665,Wed Oct 19 05:28:04 +0000 2011,Android 4.0 Ice Cream Sandwich is Here with a Google Nexus in new Avtar!   http://t.co/mSWX6Eo6   #android #google #nexus #BigMAMA,Positive,android ice cream sandwich google nexus new avtar android google nexus bigmama
google,positive,126529770778411008,Wed Oct 19 05:27:02 +0000 2011,@Bla1ze I was referring to #Google & #Icecreamsandwich. It looks amazing. What imo android was missing. I ... http://t.co/rE4nLZgI,Positive,referring google icecreamsandwich look amazing imo android missing
google,positive,126528982807089152,Wed Oct 19 05:23:54 +0000 2011,http://t.co/QV4m1Un9 Forget the phone.. Nice UI. Liking the Scroll Feature #android #google #nexus,Positive,forget phone nice ui liking scroll feature android google nexus
google,positive,126528978239496194,Wed Oct 19 05:23:53 +0000 2011,Simply Amazing! http://t.co/9qmG3irA #Google #Samsung #Galaxy #Nexus #Prime #Android4 #IceCreamSandwich,Positive,simply amazing google samsung galaxy nexus prime android icecreamsandwich
google,positive,126528804192653312,Wed Oct 19 05:23:12 +0000 2011,#Google has finally unveiled the much awaited #Android OS Ice Cream Sandwich & it sure looks good! http://t.co/sNL38EM1,Positive,google finally unveiled much awaited android o ice cream sandwich sure look good
google,positive,126528264117293056,Wed Oct 19 05:21:03 +0000 2011,#google Finally!! All searches for logged in users will be on https! http://t.co/RaUeRrtF,Positive,google finally search logged user http
google,positive,126526219587039233,Wed Oct 19 05:12:56 +0000 2011,#RIM should really take an in debt look at #Google's strategy... They released the #NDK for #Icecreamsandwich 3 HOURS after release. #ics,Positive,rim really take debt look google strategy released ndk icecreamsandwich hour release ic
google,positive,126525469897146368,Wed Oct 19 05:09:57 +0000 2011,RT @vattam: Man! I've fallen in love with Galaxy Nexus! #google #samsung #galaxynexus #android,Positive,rt man ive fallen love galaxy nexus google samsung galaxynexus android
google,positive,126525368860540928,Wed Oct 19 05:09:33 +0000 2011,When in doubt... #Google it!!!,Positive,doubt google
google,positive,126525172969766912,Wed Oct 19 05:08:46 +0000 2011,[GReader Share] Five Reasons Why Google is Winning the War in Photosharing  http://t.co/coQCLb9R - #photography #fotografia #google+,Positive,greader share five reason google winning war photosharing photography fotografia google
google,positive,126524301259194368,Wed Oct 19 05:05:18 +0000 2011,"RT @Assim99: Dear #Google, I want the Galaxy Nexus NOW. Please send it to me by email or something - I know you have the technology",Positive,rt dear google want galaxy nexus please send email something know technology
google,positive,126523731710443521,Wed Oct 19 05:03:02 +0000 2011,RT @shagorikah: Telegraph reports that the biggest threat to #facebook is its power users have shifted to #twitter or #google+ http://t. ...,Positive,rt telegraph report biggest threat facebook power user shifted twitter google
google,positive,126523530903953408,Wed Oct 19 05:02:15 +0000 2011,Sorry #Apple #Google and #Samsung just made you look bad. #Android is king,Positive,sorry apple google samsung made look bad android king
google,positive,126523525598162944,Wed Oct 19 05:02:13 +0000 2011,Telegraph reports that the biggest threat to #facebook is its power users have shifted to #twitter or #google+ http://t.co/JHdTYKCV,Positive,telegraph report biggest threat facebook power user shifted twitter google
google,positive,126522990585315328,Wed Oct 19 05:00:06 +0000 2011,#Facebook power users 'have gone to #Google+ and #Twitter' - Telegraph http://t.co/vwCiOv1f Who are they? #socialmedia,Positive,facebook power user gone google twitter telegraph socialmedia
google,positive,126522810821644288,Wed Oct 19 04:59:23 +0000 2011,"Not impressed much with the new Android update. But good signs: a readable font, emphasis on design, and less nerdiness. #google",Positive,impressed much new android update good sign readable font emphasis design less nerdiness google
google,positive,126522714713370624,Wed Oct 19 04:59:00 +0000 2011,"Video: #Google wallet, see the wow effect http://t.co/mcW78VtG",Positive,video google wallet see wow effect
google,positive,126522621251682304,Wed Oct 19 04:58:38 +0000 2011,When I'm about to tweet something and I cant remember how to spell I go straight to #Google,Positive,im tweet something cant remember spell go straight google
google,positive,126522262768726016,Wed Oct 19 04:57:12 +0000 2011,"Dear #Google, I want the Galaxy Nexus NOW. Please send it to me by email or something - I know you have the technology",Positive,dear google want galaxy nexus please send email something know technology
google,positive,126521286053724160,Wed Oct 19 04:53:19 +0000 2011,#GOOGLE #ANDROID 4.0 out ;-) Available with #SAMSUNG nexus!,Positive,google android available samsung nexus
google,positive,126520029410885632,Wed Oct 19 04:48:20 +0000 2011,"Maybe not the most efficient way to browse, but fun: #Google releases an Infinite Digital Bookcase http://t.co/X1qzeX7f by @MeghanKel",Positive,maybe efficient way browse fun google release infinite digital bookcase
google,positive,126519483752914944,Wed Oct 19 04:46:10 +0000 2011,@jowyang it's difficult to pass up #google+ considering the social seo benefits of google+ vs facebook,Positive,difficult pas google considering social seo benefit google v facebook
google,positive,126519329025040384,Wed Oct 19 04:45:33 +0000 2011,Ice Cream Sandwich to stop carriers bullying smartphone users #google #android http://t.co/BZNy74Nn,Positive,ice cream sandwich stop carrier bullying smartphone user google android
google,positive,126519123772588032,Wed Oct 19 04:44:44 +0000 2011,"I agree with @wellis68 that the ""Hangouts"" on #Google+ are friggin' awesome!”",Positive,agree hangout google friggin awesome
google,positive,126519017405030400,Wed Oct 19 04:44:19 +0000 2011,http://t.co/Pl4ZeEvH - Ice Cream Sandwich to stop carriers bullying smartphone users #google #android http://t.co/BgKiMGJF,Positive,ice cream sandwich stop carrier bullying smartphone user google android
google,positive,126518882939838464,Wed Oct 19 04:43:46 +0000 2011,#google #galaxynexus #icecream great,Positive,google galaxynexus icecream great
google,positive,126516914678808578,Wed Oct 19 04:35:57 +0000 2011,The next #Google #Nexus phone is here!!. http://t.co/edSwoXoC,Positive,next google nexus phone
google,positive,126516779886456832,Wed Oct 19 04:35:25 +0000 2011,Google Earth Helps Locate Salmonella Hotspots http://t.co/mcz9RSDf #google,Positive,google earth help locate salmonella hotspot google
google,positive,126516304336257025,Wed Oct 19 04:33:32 +0000 2011,#ThingsWeAllHate that person that acts like they know every fucking thing bitch you not #Google,Positive,thingsweallhate person act like know every fucking thing bitch google
google,positive,126515760855134208,Wed Oct 19 04:31:22 +0000 2011,#samsung galaxy nexus = orbital laser. #apple iphone 4s = wooden stick #google,Positive,samsung galaxy nexus orbital laser apple iphone wooden stick google
google,positive,126514474378203136,Wed Oct 19 04:26:15 +0000 2011,/want http://t.co/srbm3V0K #Google #Nexus #Samsung #Galaxy,Positive,want google nexus samsung galaxy
google,positive,126513620686352384,Wed Oct 19 04:22:52 +0000 2011,Ice Cream Sandwich u r really delicious Can ditch iPhone for u that's for sure. #Google launches #Android4 aka #IceCreamSandwich :),Positive,ice cream sandwich really delicious ditch iphone thats sure google launch android aka icecreamsandwich
google,positive,126513526385819648,Wed Oct 19 04:22:29 +0000 2011,#google+ (: lovin it,Positive,google lovin
google,positive,126513425043030016,Wed Oct 19 04:22:05 +0000 2011,"""Samsung and Google have closely collaborated to push the mobile experience forward. We are pleased to ... http://t.co/ecT8fYIA #Google+",Positive,samsung google closely collaborated push mobile experience forward pleased google
google,positive,126512728297844736,Wed Oct 19 04:19:19 +0000 2011,RT @RoycinD: FINALLY ! Power + Volume = Screenshot. No more rooting required! #Google #ICS #galaxynexus,Positive,rt finally power volume screenshot rooting required google ic galaxynexus
google,positive,126512631937904640,Wed Oct 19 04:18:56 +0000 2011,I want the new #google #galaxynexus. Android 4.0 is going to be the fucks,Positive,want new google galaxynexus android going fuck
google,positive,126512208451600384,Wed Oct 19 04:17:15 +0000 2011,#Google #Nexus press conference http://t.co/2WV01o5v #slick,Positive,google nexus press conference slick
google,positive,126511545160171520,Wed Oct 19 04:14:37 +0000 2011,S/O to #google for getting me through high school and college....you are appreciated,Positive,google getting high school collegeyou appreciated
google,positive,126511426926944256,Wed Oct 19 04:14:09 +0000 2011,iScream u scream v all scream #android #IceCreamSandwich. A job well done by #google and a major game changer in the #mobile #OS space,Positive,iscream scream scream android icecreamsandwich job well done google major game changer mobile o space
google,positive,126511000907288576,Wed Oct 19 04:12:27 +0000 2011,"@immad_immad #google, always thinking ahead",Positive,google always thinking ahead
google,positive,126510977335300096,Wed Oct 19 04:12:22 +0000 2011,@VentureBeat I like the #google virtual bookcase thank you for sharing,Positive,like google virtual bookcase thank sharing
google,positive,126510551789604864,Wed Oct 19 04:10:40 +0000 2011,"#Google's #IceCreamSandwich was revealed. I'm getting an #Android whenever I get a new phone, but I'm keeping my #iPhone for now.",Positive,google icecreamsandwich revealed im getting android whenever get new phone im keeping iphone
google,positive,126509929619132417,Wed Oct 19 04:08:12 +0000 2011,"#Android #Google Ice Cream Sandwich Feature Closer Look - Roboto Type Face Is ""A Pleasure"" To Read http://t.co/DJsp2G5B #DhilipSiva",Positive,android google ice cream sandwich feature closer look roboto type face pleasure read dhilipsiva
google,positive,126509528287166464,Wed Oct 19 04:06:36 +0000 2011,Fantastic work from #Samsung and #Google on the #GalaxyNexus superphone and the new #Android #ICS. Very impressive.,Positive,fantastic work samsung google galaxynexus superphone new android ic impressive
google,positive,126508393203642368,Wed Oct 19 04:02:06 +0000 2011,... I think I should work for #MelaleucaTheWellnessCompany ... Probably the best company to work for .. oh and #Google,Positive,think work melaleucathewellnesscompany probably best company work oh google
google,positive,126507456019968000,Wed Oct 19 03:58:22 +0000 2011,i love #google,Positive,love google
google,positive,126506850781888512,Wed Oct 19 03:55:58 +0000 2011,Can't wait for Ice Cream Sandwich. http://t.co/RtDzjq2U #android #google,Positive,cant wait ice cream sandwich android google
google,positive,126506410195431424,Wed Oct 19 03:54:13 +0000 2011,"i need a hookup, stop teasing me #google http://t.co/07YR58wL i want the new #nexus",Positive,need hookup stop teasing google want new nexus
google,positive,126506064387637249,Wed Oct 19 03:52:50 +0000 2011,"well.....#google's #icecreamsandwich and new accompanying phone are, as usual, neat, but nothing ground-breaking",Positive,wellgoogles icecreamsandwich new accompanying phone usual neat nothing groundbreaking
google,positive,126505384428052481,Wed Oct 19 03:50:08 +0000 2011,#Android #Google Device Frame Generator Updated For Galaxy Nexus - Your Screenshots Just Got Prettier http://t.co/9bWt2W6z #DhilipSiva,Positive,android google device frame generator updated galaxy nexus screenshots got prettier dhilipsiva
google,positive,126505187752943616,Wed Oct 19 03:49:21 +0000 2011,"Mmm... #SmarterPhone RT @Android: Introducing Ice Cream Sandwich, the delicious new version of Android: http://t.co/AXl2K1Gs #ICS #google",Positive,mmm smarterphone rt introducing ice cream sandwich delicious new version android ic google
google,positive,126505144878772224,Wed Oct 19 03:49:11 +0000 2011,So so excited for all of the new Android features! Awesomeness :) #Android #ICS #Google #GalaxyNexus,Positive,excited new android feature awesomeness android ic google galaxynexus
google,positive,126504782465732608,Wed Oct 19 03:47:45 +0000 2011,#IceCreamSandwich went way and beyond what I expected. Can't wait to get it on my Nexus to play with! #Google,Positive,icecreamsandwich went way beyond expected cant wait get nexus play google
google,positive,126504452680187905,Wed Oct 19 03:46:26 +0000 2011,"Check this video out -- Introducing Galaxy Nexus. Simple, beautiful, beyond smart http://t.co/fiTI6ZIA 透過 @youtube #android #nexus #google",Positive,check video introducing galaxy nexus simple beautiful beyond smart android nexus google
google,positive,126504346639802368,Wed Oct 19 03:46:01 +0000 2011,"Cream on the inside, clean on the outside. Ice Cream phone job. #Google",Positive,cream inside clean outside ice cream phone job google
google,positive,126504216004005888,Wed Oct 19 03:45:30 +0000 2011,#Google+  great for small businesses? I think so. The platform has some really beneficial features. Thoughts? http://t.co/FytcyEG2,Positive,google great small business think platform really beneficial feature thought
google,positive,126504013939216384,Wed Oct 19 03:44:41 +0000 2011,RT @Mr_Lister: Loves the new presentations tool for Google Docs - particularly themes and adding video via URL #google #sd33 #edchat #ed ...,Positive,rt love new presentation tool google doc particularly theme adding video via url google sd edchat ed
google,positive,126503946092158976,Wed Oct 19 03:44:25 +0000 2011,brilliant WebGL Bookcase #google http://t.co/CR3A6k9U,Positive,brilliant webgl bookcase google
google,positive,126503805369069568,Wed Oct 19 03:43:52 +0000 2011,#Google's like my wife - searches things for me and completes my sentences.,Positive,google like wife search thing completes sentence
google,positive,126503790412181504,Wed Oct 19 03:43:48 +0000 2011,"#Android 4.0 Ice Cream: Introducing Galaxy Nexus. Simple, beautiful, beyond smart http://t.co/vUWgyx3N #Google",Positive,android ice cream introducing galaxy nexus simple beautiful beyond smart google
google,positive,126503029548654593,Wed Oct 19 03:40:47 +0000 2011,http://t.co/Izh7KaiU #google #nexus #prime &lt;3 #android,Positive,google nexus prime lt android
google,positive,126502415322193920,Wed Oct 19 03:38:20 +0000 2011,Interesting bookcase..RT @VentureBeat: #Google releases an Infinite Digital Bookcase http://t.co/urxJixCe by @MeghanKel,Positive,interesting bookcasert google release infinite digital bookcase
google,positive,126502014560649216,Wed Oct 19 03:36:45 +0000 2011,#google is my bff rite about now!,Positive,google bff rite
google,positive,126501732443361280,Wed Oct 19 03:35:37 +0000 2011,have to finish faster the only way is to google it!!!! #google :D,Positive,finish faster way google google
google,positive,126501468902658048,Wed Oct 19 03:34:35 +0000 2011,Good to see #Google finally turning their focus on user experience. http://t.co/AYhOKgo8 #IceCreamSandwich #Android,Positive,good see google finally turning focus user experience icecreamsandwich android
google,positive,126500614552289282,Wed Oct 19 03:31:11 +0000 2011,"ICS looks awesome, please let me have it on my phone!  #android #google #motorola",Positive,ic look awesome please let phone android google motorola
google,positive,126499965869625345,Wed Oct 19 03:28:36 +0000 2011,Iphone 4s almost had me ... ALMOST !! Ice Cream Sandwich FTW !! http://t.co/p32Ehduq #android #google,Positive,iphone almost almost ice cream sandwich ftw android google
google,positive,126499581520384001,Wed Oct 19 03:27:05 +0000 2011,RT @Sarahhhhh112: @_xmas_carroll Yeah I got #skype and #google+ and #twitter so who needs facebook?,Positive,rt yeah got skype google twitter need facebook
google,positive,126499428965158912,Wed Oct 19 03:26:28 +0000 2011,There you go - according to http://t.co/4Y8aS4zz #Google+ is builtin to the OS/Nexus line? Smart move :),Positive,go according google builtin osnexus line smart move
google,positive,126499145014980608,Wed Oct 19 03:25:21 +0000 2011,"Oh yes, and now - The Android Beam! Alright, I made the right decision to be on Team #Google, Team #Android!",Positive,oh yes android beam alright made right decision team google team android
google,positive,126499143282737152,Wed Oct 19 03:25:20 +0000 2011,I just add my profile on the #Google+ WebGL Globe project. Add yours ! http://t.co/UWeYalKb via @AddThis,Positive,add profile google webgl globe project add via
google,positive,126498734409396224,Wed Oct 19 03:23:43 +0000 2011,Thanks Android for admitting you're ugly. New font is a good start! #ics #google,Positive,thanks android admitting youre ugly new font good start ic google
google,positive,126498608815149056,Wed Oct 19 03:23:13 +0000 2011,Ice Cream Sandwich's Face Unlock really works! http://t.co/2SjN2BzZ #icecreamsandwich #google #galaxynexus,Positive,ice cream sandwich face unlock really work icecreamsandwich google galaxynexus
google,positive,126498587499696128,Wed Oct 19 03:23:08 +0000 2011,I'm so ready for Ice Cream Sandwich! #ICS #Nexus #Google #Android #SiriWho? http://t.co/Cjonncvk @GetGlue #Android,Positive,im ready ice cream sandwich ic nexus google android siriwho android
google,positive,126497976314109952,Wed Oct 19 03:20:42 +0000 2011,Mmmm Ice Cream Sandwich #Android #Google,Positive,mmmm ice cream sandwich android google
google,positive,126497860752646146,Wed Oct 19 03:20:14 +0000 2011,"Just seen a taste of #Google's ice cream sandwich, now I want a bite",Positive,seen taste google ice cream sandwich want bite
google,positive,126497655785402368,Wed Oct 19 03:19:26 +0000 2011,Probably the best #IceCreamSandwich (yet)! #Samsung and #Google's event live blog by @engadget! Why haven't I switched to #Android again?,Positive,probably best icecreamsandwich yet samsung google event live blog havent switched android
google,positive,126496772586610688,Wed Oct 19 03:15:55 +0000 2011,RT @YashasJoshi: #android 4.0!!  Ice Cream Sandwich will now make all other smartphone operating systems look outdated.  #Androidbeam Wo ...,Positive,rt android ice cream sandwich make smartphone operating system look outdated androidbeam wo
google,positive,126496739531304960,Wed Oct 19 03:15:47 +0000 2011,"Instant photo sharing and the people app are what's best in Ice Cream Sandwich, IMO. #google #ics",Positive,instant photo sharing people app whats best ice cream sandwich imo google ic
google,positive,126496342901133313,Wed Oct 19 03:14:12 +0000 2011,The new android #Nexus phone makes the #iPhone look like a cheap toy at dollar store! #tcot #android #google #RealEstate @Burkepatch,Positive,new android nexus phone make iphone look like cheap toy dollar store tcot android google realestate
google,positive,126496262668292096,Wed Oct 19 03:13:53 +0000 2011,Sweet Ice Cream Sandwich RT @Pocketlint Google Android 4.0 Ice Cream Sandwich officially detailed #google #ics http://t.co/iUY0DF5S,Positive,sweet ice cream sandwich rt google android ice cream sandwich officially detailed google ic
google,positive,126496155856142336,Wed Oct 19 03:13:28 +0000 2011,"""@SamsungMobileCA: Raise your hand if you now want an #Android4 #IceCreamSandwich powered #GALAXYNexus phone! #Google #Samsung""-I do!",Positive,raise hand want android icecreamsandwich powered galaxynexus phone google samsungi
google,positive,126496005809127424,Wed Oct 19 03:12:52 +0000 2011,"Siri, which #Android device should I replace my #iPhone with? #Apple vs. #Google",Positive,siri android device replace iphone apple v google
google,positive,126495843116265475,Wed Oct 19 03:12:13 +0000 2011,The new Google Nexus page is live! - http://t.co/zrqoeWxI #nexus #google #android #icecreamsandwich,Positive,new google nexus page live nexus google android icecreamsandwich
google,positive,126495812724338688,Wed Oct 19 03:12:06 +0000 2011,I'm most excited about Android beam & face detection unlock for Android ICS. #AndroidBeam #Google #IceCreamSandwich,Positive,im excited android beam face detection unlock android ic androidbeam google icecreamsandwich
google,positive,126495283176685569,Wed Oct 19 03:10:00 +0000 2011,Are you using #Google+ and #Linkedin yet? These are essential tools to get your company and/or you on the FIRST page of Google. Contact...,Positive,using google linkedin yet essential tool get company andor first page google contact
google,positive,126494976396898305,Wed Oct 19 03:08:47 +0000 2011,"RT @SebasCoulombe: Thanks to Samsung and Google, I'm now craving for some Ice Cream Sandwich !  #IceCreamSandwich #Google #Samsung",Positive,rt thanks samsung google im craving ice cream sandwich icecreamsandwich google samsung
google,positive,126494883367235585,Wed Oct 19 03:08:25 +0000 2011,"Introducing Galaxy Nexus. Simple, beautiful, beyond smart http://t.co/qaMj3MeR #android #ICS #google #samsung",Positive,introducing galaxy nexus simple beautiful beyond smart android ic google samsung
google,positive,126494838689513473,Wed Oct 19 03:08:14 +0000 2011,So glad #Google adopted a design philosophy for #Android 4.0 a.k.a It shows soooo much! This is the polish I've been waiting for!,Positive,glad google adopted design philosophy android aka show soooo much polish ive waiting
google,positive,126494645281755136,Wed Oct 19 03:07:28 +0000 2011,Thoughts on Android 4.0 #ICS? Excited to play with the new features. #android #google,Positive,thought android ic excited play new feature android google
google,positive,126494573966016512,Wed Oct 19 03:07:11 +0000 2011,Register now for your Galaxy Nexus :) http://t.co/37WkIoXC #Android #Google,Positive,register galaxy nexus android google
google,positive,126494442290020352,Wed Oct 19 03:06:39 +0000 2011,Wow! RT @dalmaer: WebGL infinite bookcase UI http://t.co/aijYsfHO #google,Positive,wow rt webgl infinite bookcase ui google
google,positive,126494344566943744,Wed Oct 19 03:06:16 +0000 2011,#Google + #Samsung = Perfect #Icecream sandwich #GalaxyNexus,Positive,google samsung perfect icecream sandwich galaxynexus
google,positive,126494339248562176,Wed Oct 19 03:06:15 +0000 2011,"Thanks to Samsung and Google, I'm now craving for some Ice Cream Sandwich !  #IceCreamSandwich #Google #Samsung",Positive,thanks samsung google im craving ice cream sandwich icecreamsandwich google samsung
google,positive,126494280318582784,Wed Oct 19 03:06:01 +0000 2011,Loved the Google release of Android OS 4.0 Ice Cream Sandwich! #Samsung #Android #Google #IceCreamSandwich #amazing!,Positive,loved google release android o ice cream sandwich samsung android google icecreamsandwich amazing
google,positive,126494221879357440,Wed Oct 19 03:05:47 +0000 2011,"Google ICS looks awesome, can't wait til it gets ported over to my evo, face unlock?! ... #android #google",Positive,google ic look awesome cant wait til get ported evo face unlock android google
google,positive,126494100252925954,Wed Oct 19 03:05:18 +0000 2011,"#ICS is Sick, good work #google team",Positive,ic sick good work google team
google,positive,126494070385283072,Wed Oct 19 03:05:11 +0000 2011,"I gotta say, Google's got some pretty catchy advertisements for Android and Chrome. #google #android",Positive,gotta say google got pretty catchy advertisement android chrome google android
google,positive,126493889761787904,Wed Oct 19 03:04:28 +0000 2011,@jessecablek I want it too. Now just wondering who will be carrying it in November. Or direct purchase from #google / #samsung,Positive,want wondering carrying november direct purchase google samsung
google,positive,126493850914131968,Wed Oct 19 03:04:18 +0000 2011,#Google's #Nexus really i wanna it now #Awesome,Positive,google nexus really wanna awesome
google,positive,126493722916560896,Wed Oct 19 03:03:48 +0000 2011,"Well the event is now over, time to change my pants #Google #Android #Samsung #Jizz",Positive,well event time change pant google android samsung jizz
google,positive,126493648757071873,Wed Oct 19 03:03:30 +0000 2011,"I'm an iOs user but the #ICS is awesome, great job #google",Positive,im io user ic awesome great job google
google,positive,126493639605092352,Wed Oct 19 03:03:28 +0000 2011,Oh yeah I'm in I want one now #Google really did a great job #ICS,Positive,oh yeah im want one google really great job ic
google,positive,126493624270725120,Wed Oct 19 03:03:24 +0000 2011,RT @ThatTechGuy92: LITERALLY HAD MY MIND BLOWN AWAY JUST NOW!!!!! #Google #Samsung,Positive,rt literally mind blown away google samsung
google,positive,126493538945994752,Wed Oct 19 03:03:04 +0000 2011,"@BrandonMiniman @Jaime_Rivera I'm an iOs user but the #ICS is awesome, great job #google",Positive,im io user ic awesome great job google
google,positive,126493495933403136,Wed Oct 19 03:02:54 +0000 2011,#google + #motorola + #verizon = perfect combination! &lt;3,Positive,google motorola verizon perfect combination lt
google,positive,126493472931844096,Wed Oct 19 03:02:48 +0000 2011,Loved the introduction of the Google Galaxy Nexus & Ice Cream Sandwich. Really looking forward to my new phone #android #ics #nexus #google,Positive,loved introduction google galaxy nexus ice cream sandwich really looking forward new phone android ic nexus google
google,positive,126493405760069632,Wed Oct 19 03:02:32 +0000 2011,"GO, GO, GO Ice Cream Sandwich developers! #Android SDK r14 is LIVE @ http://t.co/OeUrmtLX! #Google",Positive,go go go ice cream sandwich developer android sdk live google
google,positive,126493371790397440,Wed Oct 19 03:02:24 +0000 2011,#android 4.0!!  Ice Cream Sandwich will now make all other smartphone operating systems look outdated.  #Androidbeam Wowww..  #google,Positive,android ice cream sandwich make smartphone operating system look outdated androidbeam wo google
google,positive,126493365775777792,Wed Oct 19 03:02:23 +0000 2011,Galaxy Nexus = #Google #Android #Samsung - the dream team! :) http://t.co/R5juJSBr,Positive,galaxy nexus google android samsung dream team
google,positive,126493265661919232,Wed Oct 19 03:01:59 +0000 2011,yumyumyum...I want Ice Cream Sandwich... #google #android,Positive,yumyumyumi want ice cream sandwich google android
google,positive,126493192110612480,Wed Oct 19 03:01:41 +0000 2011,Soon. Getting ready for the party. #google #android #icecreamsandwich http://t.co/eZjCzLt6,Positive,soon getting ready party google android icecreamsandwich
google,positive,126493141271449600,Wed Oct 19 03:01:29 +0000 2011,RT @SamsungMobileCA: Raise your hand if you now want an #Android4 #IceCreamSandwich powered #GALAXYNexus phone! #Google #Samsung,Positive,rt raise hand want android icecreamsandwich powered galaxynexus phone google samsung
google,positive,126493101807239168,Wed Oct 19 03:01:20 +0000 2011,All this talk about about how good #icecreamsandwich looks is making me hungry #google #omnomnomnom,Positive,talk good icecreamsandwich look making hungry google omnomnomnom
google,positive,126493037110099968,Wed Oct 19 03:01:04 +0000 2011,O. M. G. #Google is nuts with #ICS and this new phone!,Positive,google nut ic new phone
google,positive,126493034014720000,Wed Oct 19 03:01:04 +0000 2011,iPhone users find the nearest trash for your device it's the correct place ! #Android #Apple #Google #iPhone,Positive,iphone user find nearest trash device correct place android apple google iphone
google,positive,126492983968268289,Wed Oct 19 03:00:52 +0000 2011,"#Google / #Samsung #Galaxy #Nexus #ICS press release is now done, I'll go back to my regular tweeting intervals now :) I WANT IT!",Positive,google samsung galaxy nexus ic press release done ill go back regular tweeting interval want
google,positive,126492981460082688,Wed Oct 19 03:00:51 +0000 2011,Raise your hand if you now want an #Android4 #IceCreamSandwich powered #GALAXYNexus phone! #Google #Samsung,Positive,raise hand want android icecreamsandwich powered galaxynexus phone google samsung
google,positive,126492970793971712,Wed Oct 19 03:00:49 +0000 2011,Ready for some Ice Cream Sandwich! #google #android,Positive,ready ice cream sandwich google android
google,positive,126492852615262208,Wed Oct 19 03:00:20 +0000 2011,"Alright, well #Apple just got its ass kicked in the face by #Google so hard with its new Googles #Nexus phone. It will be brilliant.",Positive,alright well apple got as kicked face google hard new google nexus phone brilliant
google,positive,126492838870515713,Wed Oct 19 03:00:17 +0000 2011,LITERALLY HAD MY MIND BLOWN AWAY JUST NOW!!!!! #Google #Samsung,Positive,literally mind blown away google samsung
google,positive,126492656124702721,Wed Oct 19 02:59:33 +0000 2011,What I think about #AndroidIceCreamSandwich ? Thats the most delicious piece of sandwich ever. Get me it real fast #GOOGLE !,Positive,think androidicecreamsandwich thats delicious piece sandwich ever get real fast google
google,positive,126492628152889344,Wed Oct 19 02:59:27 +0000 2011,"iphone users i reaaly feel sorry for you after i saw ice-cream sandwich #Android today, #Google #apple #Android #iPhone",Positive,iphone user reaaly feel sorry saw icecream sandwich android today google apple android iphone
google,positive,126492595500236800,Wed Oct 19 02:59:19 +0000 2011,Pretty big deal from #Samsung and #Google def can't wait to get my hands on the #GalaxyNexus and #ICS,Positive,pretty big deal samsung google def cant wait get hand galaxynexus ic
google,positive,126492495394775043,Wed Oct 19 02:58:55 +0000 2011,I cannot wait for a new #ICS phone!!! #Google #android,Positive,cannot wait new ic phone google android
google,positive,126492415749128192,Wed Oct 19 02:58:36 +0000 2011,RT @eboyee: Dostupan SDK - WOW R.E.S.P.E.C.T. #Google #IceCreamSandwich,Positive,rt dostupan sdk wow respect google icecreamsandwich
google,positive,126492266016673794,Wed Oct 19 02:58:00 +0000 2011,Dostupan SDK - WOW R.E.S.P.E.C.T. #Google #IceCreamSandwich,Positive,dostupan sdk wow respect google icecreamsandwich
google,positive,126492259993657345,Wed Oct 19 02:57:59 +0000 2011,OMG the #Android 4.0 SDK is available NOW @ http://t.co/OeUrmtLX!! #Google,Positive,omg android sdk available google
google,positive,126492242373386240,Wed Oct 19 02:57:55 +0000 2011,The new #Samsungnexus and 4.0 OS make the #iPhone4s look like an old bag phone. Nice job #Google and #Samsung.,Positive,new samsungnexus o make iphones look like old bag phone nice job google samsung
google,positive,126492101549621249,Wed Oct 19 02:57:21 +0000 2011,Calling all #marketing executives in #houston - sign up for #google #training - http://t.co/vo542MrZ - I can't wait to be there for the week,Positive,calling marketing executive houston sign google training cant wait week
google,positive,126492040954527744,Wed Oct 19 02:57:07 +0000 2011,"Android Beam - sharing contacts, articles, files, and games, pretty cool #Google #ICS",Positive,android beam sharing contact article file game pretty cool google ic
google,positive,126492009748889600,Wed Oct 19 02:56:59 +0000 2011,"Slick beam capabilities included in Android 4.0. Touch 2 devices together and select ""Beam"" and content is transferred #Google #Android #ICS",Positive,slick beam capability included android touch device together select beam content transferred google android ic
google,positive,126491707247300608,Wed Oct 19 02:55:47 +0000 2011,"really digging the #UI of of ""#Quick #Response"" from #Google android great for politely declining calls lol",Positive,really digging ui quick response google android great politely declining call lol
google,positive,126491689396338688,Wed Oct 19 02:55:43 +0000 2011,goodbye Bump ... #Google #ICS,Positive,goodbye bump google ic
google,positive,126491556831182848,Wed Oct 19 02:55:11 +0000 2011,@WPdesignteam @joebelfiore @windowsphone - You guys just taught #Google #Android how to design a decent phone. So much Metro. Good Job guys!,Positive,guy taught google android design decent phone much metro good job guy
google,positive,126491420260442112,Wed Oct 19 02:54:39 +0000 2011,People App in #ICS looks promising! As usual #Google is good at integrating different apps and make it a total new user experience!,Positive,people app ic look promising usual google good integrating different apps make total new user experience
google,positive,126491304036278272,Wed Oct 19 02:54:11 +0000 2011,"On a positive note, advanced control of your data usage is a really great idea ;) #google #nexus",Positive,positive note advanced control data usage really great idea google nexus
google,positive,126491109982613505,Wed Oct 19 02:53:25 +0000 2011,#google #icecreamsandwich totally blowing #Apple iShit away...,Positive,google icecreamsandwich totally blowing apple ishit away
google,positive,126491084854530049,Wed Oct 19 02:53:19 +0000 2011,I love Ice Cream Sandwich :) #Android #Google #Samsung,Positive,love ice cream sandwich android google samsung
google,positive,126491009558392832,Wed Oct 19 02:53:01 +0000 2011,"#NerdBoner in full effect. Watching #Samsung #Google #NexusPrime #IceCreamSandwich live event!
http://t.co/Rk9kPHss",Positive,nerdboner full effect watching samsung google nexusprime icecreamsandwich live event
google,positive,126490970803027969,Wed Oct 19 02:52:52 +0000 2011,"Great, live contact management, quick contact card, add people directly to.your home screen #Android4.0 #Google",Positive,great live contact management quick contact card add people directly toyour home screen android google
google,positive,126490696214511616,Wed Oct 19 02:51:46 +0000 2011,#Google has done it again ..... #IceCream Sandwich,Positive,google done icecream sandwich
google,positive,126490548306579457,Wed Oct 19 02:51:11 +0000 2011,New contact app builds on a magazine style layout and aggregates contact info from multiple sources. Very slick. #Google #Android #ICS,Positive,new contact app build magazine style layout aggregate contact info multiple source slick google android ic
google,positive,126490282878443520,Wed Oct 19 02:50:08 +0000 2011,Nexus Prime looks NICE. #google #android,Positive,nexus prime look nice google android
google,positive,126490137944268800,Wed Oct 19 02:49:33 +0000 2011,New Galaxy Nexus: Video looks awesome! #nexus #samsung #google #android bit.ly/nEJbyE,Positive,new galaxy nexus video look awesome nexus samsung google android bitlynejbye
google,positive,126489924596793345,Wed Oct 19 02:48:42 +0000 2011,"Infinite Spiral Bookcase for #Google Books looks amazing, interested to see where it is headed: http://t.co/RXWD6sN8",Positive,infinite spiral bookcase google book look amazing interested see headed
google,positive,126489848004608000,Wed Oct 19 02:48:24 +0000 2011,New Galaxy Nexus: App Improvements -  Inbuilt Panoramic Pictures #nexus #samsung #google #android bit.ly/nEJbyE,Positive,new galaxy nexus app improvement inbuilt panoramic picture nexus samsung google android bitlynejbye
google,positive,126489841096597504,Wed Oct 19 02:48:22 +0000 2011,"With the new #Google #Android 4.0 Ice-Cream Sandwich, you can take Panorama picture right Out-of-the-Box... SWEET!",Positive,new google android icecream sandwich take panorama picture right outofthebox sweet
google,positive,126489713782685696,Wed Oct 19 02:47:52 +0000 2011,RT @RespectMaSwagg: #ThingsWeAllLove ----&gt;&gt; #Google,Positive,rt thingswealllove gtgt google
google,positive,126489671730597888,Wed Oct 19 02:47:42 +0000 2011,Camera app now has Panorama capabilities! #Google #Android #ICS,Positive,camera app panorama capability google android ic
google,positive,126489424807735296,Wed Oct 19 02:46:43 +0000 2011,I want some of these #google toys,Positive,want google toy
google,positive,126489397507014656,Wed Oct 19 02:46:37 +0000 2011,Good god the camera app in Icecream Sandwich is amazing.. and that camera is FAST!  #samsung #google #android #galaxyNexus,Positive,good god camera app icecream sandwich amazing camera fast samsung google android galaxynexus
google,positive,126489393526616064,Wed Oct 19 02:46:36 +0000 2011,Better gallery app to be included with Android 4.0 as well. #Google #Android #ICS,Positive,better gallery app included android well google android ic
google,positive,126489263025033216,Wed Oct 19 02:46:05 +0000 2011,#ics shutter speed is insane! Wow! Two thumbs up #google,Positive,ic shutter speed insane wow two thumb google
google,positive,126489200567664640,Wed Oct 19 02:45:50 +0000 2011,Android 4.0 FINALLY includes photo editing tools. #Google #Android #ICS,Positive,android finally includes photo editing tool google android ic
google,positive,126489182263721984,Wed Oct 19 02:45:45 +0000 2011,New Galaxy Nexus: OS /Hardware Improvements -  Camera Zero Shutter Lag #nexus #samsung #google #android bit.ly/nEJbyE,Positive,new galaxy nexus o hardware improvement camera zero shutter lag nexus samsung google android bitlynejbye
google,positive,126489085102661632,Wed Oct 19 02:45:22 +0000 2011,Data Usage feature looks amazing and useful! #Google #GalaxyNexus,Positive,data usage feature look amazing useful google galaxynexus
google,positive,126489066077302784,Wed Oct 19 02:45:18 +0000 2011,"Wow, very fast camera on Galaxy Nexus - faster than N9 i think :o #google",Positive,wow fast camera galaxy nexus faster think google
google,positive,126488933772169216,Wed Oct 19 02:44:46 +0000 2011,"RT @Mrgareth: ""Top Three 'playing nice' scores were #Google, #Salesforce and #Xero"" in @itnews_au ""Which #Clouds Play Nice"" report: http ...",Positive,rt top three playing nice score google salesforce xero cloud play nice report http
google,positive,126488863374983168,Wed Oct 19 02:44:29 +0000 2011,"The new camera app along with the ""zero delay"" camera on the Galaxy Nexus is very nice! #Google #Android #ICS",Positive,new camera app along zero delay camera galaxy nexus nice google android ic
google,positive,126488589046517760,Wed Oct 19 02:43:24 +0000 2011,"Unbelievable Data Usage info on Ice Cream Sandwich

#icecreamsandwich #googland #google #android #ics",Positive,unbelievable data usage info ice cream sandwich icecreamsandwich googland google android ic
google,positive,126488572772622336,Wed Oct 19 02:43:20 +0000 2011,Data usage in ICS.. Looks like I don't need Watchdog 3G Pro anymore.. hah! #Android #ICS #Google,Positive,data usage ic look like dont need watchdog pro anymore hah android ic google
google,positive,126488519265894400,Wed Oct 19 02:43:07 +0000 2011,This Data Usage feature looks amazing on ICS. #android #samsung #google #GALAXYNexus,Positive,data usage feature look amazing ic android samsung google galaxynexus
google,positive,126488454921068544,Wed Oct 19 02:42:52 +0000 2011,Icecream Sandwich looking good so far. #android #google,Positive,icecream sandwich looking good far android google
google,positive,126488447098695680,Wed Oct 19 02:42:50 +0000 2011,@kymbersanden #google my favorite study guide,Positive,google favorite study guide
google,positive,126488384410619906,Wed Oct 19 02:42:35 +0000 2011,Ice cream Sandwich looks awesome #Google #ICS.,Positive,ice cream sandwich look awesome google ic
google,positive,126488304341360640,Wed Oct 19 02:42:16 +0000 2011,New Galaxy Nexus: OS Improvements -  Data Usage tools inbuilt #nexus #samsung #google #android bit.ly/nEJbyE,Positive,new galaxy nexus o improvement data usage tool inbuilt nexus samsung google android bitlynejbye
google,positive,126488294325370880,Wed Oct 19 02:42:14 +0000 2011,#Google #Android Icecream Sandwich OS for Nexus Prime Released! [LIVE BLOG] | http://t.co/LF03ZKUz #technology #hk,Positive,google android icecream sandwich o nexus prime released live blog technology hk
google,positive,126488249739915264,Wed Oct 19 02:42:03 +0000 2011,what i love about #GOOGLE it always shows me that am not the only retarded person on this planet when am searching for stupid things :D,Positive,love google always show retarded person planet searching stupid thing
google,positive,126488202935664640,Wed Oct 19 02:41:52 +0000 2011,RT @SamsungMobileCA: #GALAXYNexus has arrived! #Samsung #Google,Positive,rt galaxynexus arrived samsung google
google,positive,126488018616987648,Wed Oct 19 02:41:08 +0000 2011,New calendar app with pinch to zoom capabilities. Far superior to the current one! #Google #Android #ICS,Positive,new calendar app pinch zoom capability far superior current one google android ic
google,positive,126487844830191617,Wed Oct 19 02:40:26 +0000 2011,New Galaxy Nexus: App Improvements - Gmail  offline search of last 30 days  #nexus #samsung #google #android bit.ly/nEJbyE,Positive,new galaxy nexus app improvement gmail offline search last day nexus samsung google android bitlynejbye
google,positive,126487523366150144,Wed Oct 19 02:39:10 +0000 2011,I love how it syncs your #Chrome bookmarks with your phone! #icecreamsandwich #google,Positive,love syncs chrome bookmark phone icecreamsandwich google
google,positive,126487508589621248,Wed Oct 19 02:39:06 +0000 2011,Thank god Gmail app has been redesigned under Android 4.0. Conversations automatically expanded. #Google #Android #ICS,Positive,thank god gmail app redesigned android conversation automatically expanded google android ic
google,positive,126487332865056768,Wed Oct 19 02:38:24 +0000 2011,Seriously!? Why do I still find the yellow pages ph book at my doorstep? These days I just #google it on my iphone.,Positive,seriously still find yellow page ph book doorstep day google iphone
google,positive,126487172487462912,Wed Oct 19 02:37:46 +0000 2011,#excellent #AngryBirds #Google #Chrome #Commercial 1080p HD http://t.co/LLsLrxFM via @youtube,Positive,excellent angrybirds google chrome commercial hd via
google,positive,126487153655029760,Wed Oct 19 02:37:42 +0000 2011,Watching the Android announcement from Google and Samsung. IceCream Sandwich looks really interesting. http://t.co/oeZK9iV1 #google #android,Positive,watching android announcement google samsung icecream sandwich look really interesting google android
google,positive,126487090723700737,Wed Oct 19 02:37:27 +0000 2011,"As an iPhone user, I think the Samsung Nexus Galaxy looks great. And Ice Cream Sandwich looks fantastic. http://t.co/Z9IDoNi7 #Google",Positive,iphone user think samsung nexus galaxy look great ice cream sandwich look fantastic google
google,positive,126487082905518081,Wed Oct 19 02:37:25 +0000 2011,WHAT!!!!!! #Google #Chrome syncs with your #Android device's bookmarks!?!?! NICE!,Positive,google chrome syncs android device bookmark nice
google,positive,126486849706401792,Wed Oct 19 02:36:29 +0000 2011,The Samsung Galaxy Nexus and Ice Cream Sandwich are sick! #android #icecreamsandwich #google,Positive,samsung galaxy nexus ice cream sandwich sick android icecreamsandwich google
google,positive,126486332104130561,Wed Oct 19 02:34:26 +0000 2011,Inline keyboard spell check is nice #ICS with native voice dictation. #Android #Google,Positive,inline keyboard spell check nice ic native voice dictation android google
google,positive,126486322675318784,Wed Oct 19 02:34:23 +0000 2011,I can't wait to get the new #Galaxy #Nexus with #IceCreamSandwich... best yet it supports my #Google Wallet http://t.co/bqMuHxkK via @cnet,Positive,cant wait get new galaxy nexus icecreamsandwich best yet support google wallet via
google,positive,126485171280166913,Wed Oct 19 02:29:49 +0000 2011,ICS on the Galaxy Nexus has very smooth and responsive screen and widget navigation. #Google #Android #ICS,Positive,ic galaxy nexus smooth responsive screen widget navigation google android ic
google,positive,126484977176158208,Wed Oct 19 02:29:03 +0000 2011,New Galaxy Nexus: OS Improvements -  Built on Ice Cream Sandwich version of Android #nexus #samsung #google #android bit.ly/nEJbyE,Positive,new galaxy nexus o improvement built ice cream sandwich version android nexus samsung google android bitlynejbye
google,positive,126484769285480448,Wed Oct 19 02:28:13 +0000 2011,New Galaxy Nexus: OS Improvements -  Stacks & Scrolling introduced for widgets  for richer content #samsung #google #android bit.ly/nEJbyE,Positive,new galaxy nexus o improvement stack scrolling introduced widget richer content samsung google android bitlynejbye
google,positive,126484631389356032,Wed Oct 19 02:27:40 +0000 2011,Updated live wallpaper. Virtual buttons that disappear when you are in full screen mode. More awesome widgets. #Android #Google,Positive,updated live wallpaper virtual button disappear full screen mode awesome widget android google
google,negative,126534476875567104,Wed Oct 19 05:45:44 +0000 2011,There are too many #google services that do not work when you are a #googleapps user. #googleplus above all + profiles + #plusone,Negative,many google service work googleapps user googleplus profile plusone
google,negative,126533446293127168,Wed Oct 19 05:41:39 +0000 2011,Starting to doubt #google android policy: no released android sources since 2.3.3! Curious for an opensource project to say the least...,Negative,starting doubt google android policy released android source since curious opensource project say least
google,negative,126532210210783232,Wed Oct 19 05:36:44 +0000 2011,Youtube video views are still not updating properly. #google #youtube #fail,Negative,youtube video view still updating properly google youtube fail
google,negative,126527166195314688,Wed Oct 19 05:16:41 +0000 2011,Did #Google really just highlight a new font #Roboto as part of their #ICS announcement for #Android...?! Seriously.,Negative,google really highlight new font roboto part ic announcement android seriously
google,negative,126526648928579584,Wed Oct 19 05:14:38 +0000 2011,RT @businessuplift: Why #facebook and #google have got it wrong http://t.co/PDbF7H3f,Negative,rt facebook google got wrong
google,negative,126520550876127232,Wed Oct 19 04:50:24 +0000 2011,#google+ is really confusing..,Negative,google really confusing
google,negative,126520337289580544,Wed Oct 19 04:49:33 +0000 2011,"is mulling #google+ but hmmm, just aint shore bout nuther social media profile.",Negative,mulling google hmmm aint shore bout nuther social medium profile
google,negative,126518920122335233,Wed Oct 19 04:43:55 +0000 2011,ATHEN's review of #Google Docs #accessibility shows a lot of work needs to be done. http://t.co/rad9WdSw #a11y HT @chadleaman,Negative,athens review google doc accessibility show lot work need done ay ht
google,negative,126517970179600385,Wed Oct 19 04:40:09 +0000 2011,Gonna dump one of my gmail accounts. not only do I get tons of spam I get tons of false positives. Not cool. #Google,Negative,gonna dump one gmail account get ton spam get ton false positive cool google
google,negative,126517608697708545,Wed Oct 19 04:38:43 +0000 2011,The awkward moment when google #chrome take a hell of a lot time to load #googleplus #google,Negative,awkward moment google chrome take hell lot time load googleplus google
google,negative,126516572343910400,Wed Oct 19 04:34:36 +0000 2011,"#Google #Cloud Service Blackouts Threaten Cloud Users: During a 30-day period in August and September, for ... http://t.co/G0ElVRVJ #TCN",Negative,google cloud service blackout threaten cloud user day period august september tcn
google,negative,126516408317251585,Wed Oct 19 04:33:56 +0000 2011,Why Google+ Has Uphill Battle Vs. Facebook: Sean Parker http://t.co/L8RSX1Yf #google,Negative,google uphill battle v facebook sean parker google
google,negative,126515822750478337,Wed Oct 19 04:31:37 +0000 2011,RT @LCmediaHouse: 4chan's Chris Poole: #Facebook & #Google Are Doing It Wrong http://t.co/ZIxfa91N | via @RWW #socialmedia,Negative,rt chans chris poole facebook google wrong via socialmedia
google,negative,126515697181409280,Wed Oct 19 04:31:07 +0000 2011,Lecture Notes in Financial Economics pdf ebook:  http://t.co/7gJQvEwN #google,Negative,lecture note financial economics pdf ebook google
google,negative,126514511862706176,Wed Oct 19 04:26:24 +0000 2011,I hate tron theme #Google #ICS,Negative,hate tron theme google ic
google,negative,126507644742672384,Wed Oct 19 03:59:07 +0000 2011,"Now, really #google how hypocritical is this? http://t.co/6nHuYFeh #analytics",Negative,really google hypocritical analytics
google,negative,126506609823334400,Wed Oct 19 03:55:00 +0000 2011,"Codename or not, awesome or not, I have a hard time taking ANYTHING called 'Ice Cream Sandwich' seriously. #google #android #sticky #melts",Negative,codename awesome hard time taking anything called ice cream sandwich seriously google android sticky melt
google,negative,126505594290057216,Wed Oct 19 03:50:58 +0000 2011,RT @IAmDkT: The only letdown of the Samsung Galaxy Nexus phone is the 5.0 MP Camera. #ICS #Samsung #SamsungGalaxyNexus #SGN #Android #Google,Negative,rt letdown samsung galaxy nexus phone mp camera ic samsung samsunggalaxynexus sgn android google
google,negative,126503098071007232,Wed Oct 19 03:41:03 +0000 2011,"#Google introduce new Android tablet called 'Ice Cream Sandwich'? I'm a #Singaporean, and I'm (very) confused.",Negative,google introduce new android tablet called ice cream sandwich im singaporean im confused
google,negative,126502732369629184,Wed Oct 19 03:39:36 +0000 2011,"#ICS introduces Facial recognition to unlock phone, however - the demo didn't go as planned.http://engt.co/q2KeC7 #Google Goof up! #Android",Negative,ic introduces facial recognition unlock phone however demo didnt go planned google goof android
google,negative,126502274204831744,Wed Oct 19 03:37:47 +0000 2011,"Ice cream sandwich, really #google?",Negative,ice cream sandwich really google
google,negative,126501869920075776,Wed Oct 19 03:36:10 +0000 2011,@kursed #Google is terrible at presentations. Hated the terrible camera interference from the huge screen behind the speakers. #headache,Negative,google terrible presentation hated terrible camera interference huge screen behind speaker headache
google,negative,126499555742203904,Wed Oct 19 03:26:58 +0000 2011,just watched the #GalaxyNexus announcement by #Google and #Samsung.. The only thing keeping me from buying? It's only on #Verizon. #FAIL,Negative,watched galaxynexus announcement google samsung thing keeping buying verizon fail
google,negative,126497996350304257,Wed Oct 19 03:20:47 +0000 2011,@MrTonySays I tried to #Google the word #Visigoth and apparently  #Google didn't know either cause my  phone froze.,Negative,tried google word visigoth apparently google didnt know either cause phone froze
google,negative,126497929593761792,Wed Oct 19 03:20:31 +0000 2011,RT @SHlFT: dear #google & #samsung... learn some presentation 101 first. please.,Negative,rt dear google samsung learn presentation first please
google,negative,126497514168922112,Wed Oct 19 03:18:52 +0000 2011,The only letdown of the Samsung Galaxy Nexus phone is the 5.0 MP Camera. #ICS #Samsung #SamsungGalaxyNexus #SGN #Android #Google,Negative,letdown samsung galaxy nexus phone mp camera ic samsung samsunggalaxynexus sgn android google
google,negative,126497333209858049,Wed Oct 19 03:18:09 +0000 2011,"#Google, I've blocked your global IP network from all my sites. J/K.  Stop being evil.",Negative,google ive blocked global ip network site jk stop evil
google,negative,126496987192373248,Wed Oct 19 03:16:46 +0000 2011,"BOO to no GoogleMusic news, US carrier news, or price points. #google #ICS #android",Negative,boo googlemusic news u carrier news price point google ic android
google,negative,126495219058348032,Wed Oct 19 03:09:45 +0000 2011,"From it's laughable file: #google will #encrypt #search results BUT only if U have ""logged in"" so they can maximize their #data #collection!",Negative,laughable file google encrypt search result logged maximize data collection
google,negative,126494895501348864,Wed Oct 19 03:08:27 +0000 2011,@adiman_ #google #fail,Negative,google fail
google,negative,126494402381225984,Wed Oct 19 03:06:30 +0000 2011,+1 RT @SHlFT: dear #google & #samsung... learn some presentation 101 first. please.,Negative,rt dear google samsung learn presentation first please
google,negative,126494319749238784,Wed Oct 19 03:06:10 +0000 2011,dear #google & #samsung... learn some presentation 101 first. please.,Negative,dear google samsung learn presentation first please
google,negative,126494303173361664,Wed Oct 19 03:06:06 +0000 2011,+1 RT @tah_med: the background is SO horrible for this stream #Samsung #Google #NexusPrime they should've seen what #Adobe did at #AdobeMAX,Negative,rt background horrible stream samsung google nexusprime shouldve seen adobe adobemax
google,negative,126494261922381824,Wed Oct 19 03:05:56 +0000 2011,WHERE THE HECK IS THE @ANDROID SOURCE CODE ?? WTF #GOOGLE,Negative,heck source code wtf google
google,negative,126493910037037058,Wed Oct 19 03:04:32 +0000 2011,Not greatly impressed with #Google and #Samsung presentation skills.,Negative,greatly impressed google samsung presentation skill
google,negative,126493616519647232,Wed Oct 19 03:03:23 +0000 2011,"Android ice-cream sandwich's ""Face Unlock"" fails to perform recognition when demo'ed on stage :D
#google #Nexus http://t.co/CSAeFRHc",Negative,android icecream sandwich face unlock fails perform recognition demoed stage google nexus
google,negative,126493030185316352,Wed Oct 19 03:01:03 +0000 2011,"good job, #google.  did anyone get when any of this shit is actually shipping? #infofail",Negative,good job google anyone get shit actually shipping infofail
google,negative,126492741764005890,Wed Oct 19 02:59:54 +0000 2011,We need dates! #google #samsung #launchfail,Negative,need date google samsung launchfail
google,negative,126492244151771137,Wed Oct 19 02:57:55 +0000 2011,"Also, the #Google problem. @chucktodd: Problem for Santorum's electability argument: the double-digit loss in 2006",Negative,also google problem problem santorums electability argument doubledigit loss
google,negative,126491870900666368,Wed Oct 19 02:56:26 +0000 2011,They need to talk about the battery life impact of #AndroidBeam. It can't be good news. #Google #Android #ICS,Negative,need talk battery life impact androidbeam cant good news google android ic
google,negative,126491825660887040,Wed Oct 19 02:56:16 +0000 2011,another android demo #fail! #google,Negative,another android demo fail google
google,negative,126491776482689024,Wed Oct 19 02:56:04 +0000 2011,Too bad #google didn't have a tribute graphic for #DennisRitchie.,Negative,bad google didnt tribute graphic dennisritchie
google,negative,126491509527805952,Wed Oct 19 02:55:00 +0000 2011,Presentation fail. #Google #Samsung,Negative,presentation fail google samsung
google,negative,126491502493962240,Wed Oct 19 02:54:58 +0000 2011,The #Google guys are illustrating the perils of a live demonstration admirably. #GalaxyNexus #ICS #Android,Negative,google guy illustrating peril live demonstration admirably galaxynexus ic android
google,negative,126491480087986176,Wed Oct 19 02:54:53 +0000 2011,"Android Crashing: 1, Google 'Quick Response' Feature: 0 #Google #ICS #Android #QuickResponse",Negative,android crashing google quick response feature google ic android quickresponse
google,negative,126490767345725441,Wed Oct 19 02:52:03 +0000 2011,"Why is #Google advertising Adwords Express on #Bing? Hmmm, I know Ballmer is happy :-D. #Google, your already a monopoly.",Negative,google advertising adwords express bing hmmm know ballmer happy google already monopoly
google,negative,126490750958567424,Wed Oct 19 02:51:59 +0000 2011,#Google People app...the next revolution in stalking.,Negative,google people appthe next revolution stalking
google,negative,126490477288636416,Wed Oct 19 02:50:54 +0000 2011,first thing on #google's to do list: hire a performance coach.,Negative,first thing google list hire performance coach
google,negative,126489936944832512,Wed Oct 19 02:48:45 +0000 2011,"#Samsung, #Google Unveil Phone http://t.co/hOB37hbO",Negative,samsung google unveil phone
google,negative,126488700975726593,Wed Oct 19 02:43:51 +0000 2011,Why is #Google whoring for SAMSUNG? #ICS,Negative,google whoring samsung ic
google,negative,126487669533442048,Wed Oct 19 02:39:45 +0000 2011,"If #Google don't fix pinch-zoom on #Android 2.3.6 soon, I might have to leave the fold and go #CyanogenMod",Negative,google dont fix pinchzoom android soon might leave fold go cyanogenmod
google,negative,126487604035198976,Wed Oct 19 02:39:29 +0000 2011,facial recognition failed #IceCreamSandwich jajajajajajaj #FacialUnlock #samsumg #Google,Negative,facial recognition failed icecreamsandwich jajajajajajaj facialunlock samsumg google
google,negative,126487206570373120,Wed Oct 19 02:37:54 +0000 2011,"Ouch, crash and burn. #Android facial recognition in #IceCreamSandwich didn't work during the presentation. http://t.co/6vsasZyT #Google",Negative,ouch crash burn android facial recognition icecreamsandwich didnt work presentation google
google,negative,126487152338026496,Wed Oct 19 02:37:41 +0000 2011,Google is gonna need to do better than this to beat #iOS #Android #icecreamsandwich #Google http://t.co/tBNyX7p7,Negative,google gonna need better beat io android icecreamsandwich google
google,negative,126486838549557248,Wed Oct 19 02:36:26 +0000 2011,RT @RoycinD: Face Unlock ! #ICS Literally knows your face! #Google #galaxynexus FAILED !,Negative,rt face unlock ic literally know face google galaxynexus failed
google,negative,126486654830645249,Wed Oct 19 02:35:43 +0000 2011,#fail on the face recognition not working #google #samsung,Negative,fail face recognition working google samsung
google,negative,126486634458914816,Wed Oct 19 02:35:38 +0000 2011,The face recognition unlock would be cool if it works. #android #google #icecreamsandwich,Negative,face recognition unlock would cool work android google icecreamsandwich
google,neutral,126535080557551616,Wed Oct 19 05:48:08 +0000 2011,On Google+ then go here http://t.co/oTBwkxo9 #GPlus #Googleplus #Google #teamfollowback #socialnetwork,Neutral,google go gplus googleplus google teamfollowback socialnetwork
google,neutral,126535043588964352,Wed Oct 19 05:47:59 +0000 2011,Who else is on g+ ? Add for add? Let me know.  #TFB #TAF #google+,Neutral,else add add let know tfb taf google
google,neutral,126535016049160192,Wed Oct 19 05:47:53 +0000 2011,Have anyone of you found a Twitter to Google+ tool? #Google #Twitter,Neutral,anyone found twitter google tool google twitter
google,neutral,126534917290070016,Wed Oct 19 05:47:29 +0000 2011,#Google unveils next iteration of #Android - #icecreamsandwich - with several revamps incl facial recognition security http://t.co/xMrZVkav,Neutral,google unveils next iteration android icecreamsandwich several revamps incl facial recognition security
google,neutral,126534362148782080,Wed Oct 19 05:45:17 +0000 2011,"Google Offers to compete with Groupon, Living Social - Pittsburgh Post-Gazette http://t.co/Wwj3xvdm #google",Neutral,google offer compete groupon living social pittsburgh postgazette google
google,neutral,126534144170790912,Wed Oct 19 05:44:26 +0000 2011,What does it take to get a job at #Google? #recruiting http://t.co/eVjiH7oD,Neutral,take get job google recruiting
google,neutral,126534083797987328,Wed Oct 19 05:44:11 +0000 2011,"Samsung Galaxy Nexus, Android Ice Cream Sandwich unveiled http://t.co/wWrYcM04 #android #google #samsung",Neutral,samsung galaxy nexus android ice cream sandwich unveiled android google samsung
google,neutral,126534080627093504,Wed Oct 19 05:44:10 +0000 2011,http://t.co/e5ClGzsI #google,Neutral,google
google,neutral,126533944832311298,Wed Oct 19 05:43:37 +0000 2011,#Google #Ice Cream Sandwich (#Android 4.0): a hands-on ##screenshot #gallery http://t.co/bpZRz337,Neutral,google ice cream sandwich android handson screenshot gallery
google,neutral,126533740628422656,Wed Oct 19 05:42:49 +0000 2011,Now it's time for some Ice Cream Sandwich! #Samsung launched it's latest Android Galaxy Nexus phone powered by #Google,Neutral,time ice cream sandwich samsung launched latest android galaxy nexus phone powered google
google,neutral,126533730671149056,Wed Oct 19 05:42:47 +0000 2011,in the theater .. there are are a good 300 ppl here. #guae #google #dubai http://t.co/OjykYcfo,Neutral,theater good ppl guae google dubai
google,neutral,126533567311392769,Wed Oct 19 05:42:07 +0000 2011,#Android #Google Samsung Galaxy Nexus official hands-on [Video] http://t.co/6GX3R9MT #DhilipSiva,Neutral,android google samsung galaxy nexus official handson video dhilipsiva
google,neutral,126533547803680770,Wed Oct 19 05:42:03 +0000 2011,RT @NeowinFeed: Android 4.0 Ice Cream Sandwich announcement round-up #android #google http://t.co/L5m9uwD7 #neowin,Neutral,rt android ice cream sandwich announcement roundup android google neowin
google,neutral,126533491495157760,Wed Oct 19 05:41:49 +0000 2011,RT @iPadPowerUsers On Google+ then go here http://t.co/1OGs2xA9 #GPlus #Googleplus #Google #teamfollowback #socialnetwork,Neutral,rt google go gplus googleplus google teamfollowback socialnetwork
google,neutral,126533487590248448,Wed Oct 19 05:41:48 +0000 2011,Did #Facebook Just Beat #Google At Its Own Game? http://t.co/SiJsB3ME #socialmedia,Neutral,facebook beat google game socialmedia
google,neutral,126533485837037568,Wed Oct 19 05:41:48 +0000 2011,Did #Facebook Just Beat #Google At Its Own Game? http://t.co/xVonCBeb #socialmedia,Neutral,facebook beat google game socialmedia
google,neutral,126532820507176960,Wed Oct 19 05:39:09 +0000 2011,#Google Says ICS Is Coming To The #Nexus S And “Theoretically” Should Work With 2.3 Devices http://t.co/TY0HDQAm,Neutral,google say ic coming nexus theoretically work device
google,neutral,126532798994583552,Wed Oct 19 05:39:04 +0000 2011,Unwrapping Ice Cream Sandwich on the Galaxy Nexus http://t.co/pw4mfbSe #Google,Neutral,unwrapping ice cream sandwich galaxy nexus google
google,neutral,126532569259970560,Wed Oct 19 05:38:10 +0000 2011,Bitch please your vagina has been used more than #google .,Neutral,bitch please vagina used google
google,neutral,126532361587396610,Wed Oct 19 05:37:20 +0000 2011,#Google #IceCreamSandwich Debuts as IPhone Sets Record: Tech. http://t.co/TrENUYF4,Neutral,google icecreamsandwich debut iphone set record tech
google,neutral,126532316859338752,Wed Oct 19 05:37:09 +0000 2011,"RT @aljonkar: The new Samsung Galaxy nexus..

http://t.co/UtbpXrsj 

#Android
#Samsung 
#Google 
#WoW

CC @kha1989led 
@eisaahmad",Neutral,rt new samsung galaxy nexus android samsung google wow cc
google,neutral,126532178082410496,Wed Oct 19 05:36:36 +0000 2011,#Google search to have default encryption http://t.co/rwgKPbGu,Neutral,google search default encryption
google,neutral,126532141302558720,Wed Oct 19 05:36:28 +0000 2011,#google- http://t.co/Hkk3qMMe,Neutral,google
google,neutral,126532121773883392,Wed Oct 19 05:36:23 +0000 2011,Google Defaults to Encrypted HTTPS Searches for Logged In Users #Google http://t.co/6yFZvoxS,Neutral,google default encrypted http search logged user google
google,neutral,126532064823619584,Wed Oct 19 05:36:09 +0000 2011,#Samsung & #Google unveil latest #Android #phone using #IceCreamSandwich http://t.co/eHoeBMDW,Neutral,samsung google unveil latest android phone using icecreamsandwich
google,neutral,126532054136524800,Wed Oct 19 05:36:07 +0000 2011,"RT @webseoanalytics: #SEO Tip:Google considers the first lines of the page important.Put menu,headers+important text on top. #google",Neutral,rt seo tipgoogle considers first line page importantput menuheadersimportant text top google
google,neutral,126532019999096832,Wed Oct 19 05:35:59 +0000 2011,@WEirDOsRunSHIT lol #google,Neutral,lol google
google,neutral,126531893649874945,Wed Oct 19 05:35:28 +0000 2011,@tando_m @nonimsi sorry to butt in but there is one :) I can't remember what it's called though. #Google,Neutral,sorry butt one cant remember called though google
google,neutral,126531814071336960,Wed Oct 19 05:35:09 +0000 2011,#Android #Google Android 4.0 Ice Cream Sandwich SDK now Available for Download http://t.co/Fue4VXxe #DhilipSiva,Neutral,android google android ice cream sandwich sdk available download dhilipsiva
google,neutral,126531693522857984,Wed Oct 19 05:34:41 +0000 2011,GMusic Unites #Google #Music with #Apple iOS [#Apps] http://t.co/R0ih6ePa #republished,Neutral,gmusic unites google music apple io apps republished
google,neutral,126531628087513088,Wed Oct 19 05:34:25 +0000 2011,"#SEO Tip:Google considers the first lines of the page important.Put menu,headers+important text on top. #google",Neutral,seo tipgoogle considers first line page importantput menuheadersimportant text top google
google,neutral,126531561691693056,Wed Oct 19 05:34:09 +0000 2011,On Google+ then go here http://t.co/SxmLkaRR #GPlus #Googleplus #Google #teamfollowback #socialnetwork,Neutral,google go gplus googleplus google teamfollowback socialnetwork
google,neutral,126531560194326530,Wed Oct 19 05:34:09 +0000 2011,#SEOTIPS To find out what web pages of your website are indexed by #Google simply Google --&gt; site:http://t.co/xlsu6iPa,Neutral,seotips find web page website indexed google simply google gt site
google,neutral,126531556255870976,Wed Oct 19 05:34:08 +0000 2011,"RT @Infograhpic: The Perks of Working at #Google, #Facebook, #Twitter and More [INFOGRAPHIC] http://t.c...  @MediaTip",Neutral,rt perk working google facebook twitter infographic
google,neutral,126531542733430784,Wed Oct 19 05:34:05 +0000 2011,"#Android #Google Ice Cream Sandwich Is Finally Official, And Here's What To Expect http://t.co/Wxhb8JXO #DhilipSiva",Neutral,android google ice cream sandwich finally official here expect dhilipsiva
google,neutral,126531524945395713,Wed Oct 19 05:34:01 +0000 2011,Empire Avenue. The Social Stock Market. What Is Your Online Activity Worth? http://t.co/AKlnmKAi #twitter #facebook #Google+ #socialmedia,Neutral,empire avenue social stock market online activity worth twitter facebook google socialmedia
google,neutral,126531522487533568,Wed Oct 19 05:34:00 +0000 2011,RT @NeowinFeed: Google shows off new Ice Cream Sandwich features #google #android http://t.co/LlJpGM2a #neowin,Neutral,rt google show new ice cream sandwich feature google android neowin
google,neutral,126531297249202176,Wed Oct 19 05:33:06 +0000 2011,"The Perks of Working at #Google, #Facebook, #Twitter and More [INFOGRAPHIC] http://t.co/YT87krbP #sm #socialmedia... http://t.co/1yCwl874",Neutral,perk working google facebook twitter infographic sm socialmedia
google,neutral,126531285475799040,Wed Oct 19 05:33:03 +0000 2011,#Google To Begin #Encrypting Searches & Outbound Clicks By Default With SSL Search - http://t.co/vc573Pte,Neutral,google begin encrypting search outbound click default ssl search
google,neutral,126531278517448705,Wed Oct 19 05:33:02 +0000 2011,"RT @GLaraLopez: The Perks of Working at #Google, #Facebook, #Twitter and More [INFOGRAPHIC] http://t.co/0KcgbMWF #sm #socialmedia #redes ...",Neutral,rt perk working google facebook twitter infographic sm socialmedia redes
google,neutral,126530795987939328,Wed Oct 19 05:31:07 +0000 2011,"#seo #serps Ballmer: 70% Of The Time, Google & Bing Are The Same, So Try Bing! by @dannysullivan http://t.co/ZE9AiMYI #google #yahoo #bing",Neutral,seo serps ballmer time google bing try bing google yahoo bing
google,neutral,126530766829129728,Wed Oct 19 05:31:00 +0000 2011,Unwrapping Ice Cream Sandwich on the Galaxy Nexus: (Cross-posted on the Official Google blog)Bea... http://t.co/K10SvnNr #google #mobile,Neutral,unwrapping ice cream sandwich galaxy nexus crossposted official google blogbea google mobile
google,neutral,126530553477468160,Wed Oct 19 05:30:09 +0000 2011,G#Music Unites #Google Music with #Apple iOS [#Apps] http://t.co/3ze3feV4,Neutral,gmusic unites google music apple io apps
google,neutral,126530551384506368,Wed Oct 19 05:30:08 +0000 2011,G#Music Unites #Google Music with #Apple iOS [#Apps] http://t.co/S8V8vfmh,Neutral,gmusic unites google music apple io apps
google,neutral,126530550394650625,Wed Oct 19 05:30:08 +0000 2011,"The Perks of Working at #Google, #Facebook, #Twitter and More [INFOGRAPHIC] http://t.co/0KcgbMWF #sm #socialmedia #redessociales",Neutral,perk working google facebook twitter infographic sm socialmedia redessociales
google,neutral,126530532640169986,Wed Oct 19 05:30:04 +0000 2011,#Twitter and #Google 'just can't agree' on Realtime Search deal - Computerworld : http://t.co/XNj052NO #av,Neutral,twitter google cant agree realtime search deal computerworld av
google,neutral,126530487840813056,Wed Oct 19 05:29:53 +0000 2011,Google To Begin Encrypting Searches & Outbound Clicks By Default With SSL Search http://t.co/C0Ykfjla #google #search,Neutral,google begin encrypting search outbound click default ssl search google search
google,neutral,126530423026233346,Wed Oct 19 05:29:38 +0000 2011,"Who are the top folks on #Google+? See this tag cloud: http://t.co/rp7LSoEE via
@jowyang",Neutral,top folk google see tag cloud via
google,neutral,126529904731881472,Wed Oct 19 05:27:34 +0000 2011,#Google unveils what's new in #Android 4 'Ice Cream Sandwich' http://t.co/uOLAYieA,Neutral,google unveils whats new android ice cream sandwich
google,neutral,126529833487446016,Wed Oct 19 05:27:17 +0000 2011,#GOOGLE me if u dnt understand me Ơ̴̴͡.̮Ơ̴̴̴͡,Neutral,google dnt understand
google,neutral,126529492582797313,Wed Oct 19 05:25:56 +0000 2011,Is #Google #Flight Search a threat to the OTA and #travel #Meta #Search #market in India? Check- http://t.co/RuhglJMt #News,Neutral,google flight search threat ota travel meta search market india check news
google,neutral,126529490737303552,Wed Oct 19 05:25:56 +0000 2011,"@attentionspan i don't think the link you posted suggests that #google+ traffic is in downward spiral, just corrected for novelty",Neutral,dont think link posted suggests google traffic downward spiral corrected novelty
google,neutral,126529470814363648,Wed Oct 19 05:25:51 +0000 2011,"So, @Gizmodo @TechCrunch -- answer the question we really want to know -- ICS + Nexus vs. iPhone 4S? #Google #Apple",Neutral,answer question really want know ic nexus v iphone google apple
google,neutral,126529468981452800,Wed Oct 19 05:25:50 +0000 2011,#ThatsDisrespectful Like using #Google to search for #Bing,Neutral,thatsdisrespectful like using google search bing
google,neutral,126529403067969537,Wed Oct 19 05:25:35 +0000 2011,"#Samsung Galaxy Nexus #smartphone, Android 4.0 Ice Cream Sandwich unveiled by #Google… http://t.co/nds5B4ej #BT",Neutral,samsung galaxy nexus smartphone android ice cream sandwich unveiled google bt
google,neutral,126529224642281472,Wed Oct 19 05:24:52 +0000 2011,Galaxy Nexus Vs iPhone 4S: Which smartphone wins? http://t.co/bF6QUCwt via @productreviews #galaxynexus #iphone4s #google #apple #ics,Neutral,galaxy nexus v iphone smartphone win via galaxynexus iphones google apple ic
google,neutral,126529168715431936,Wed Oct 19 05:24:39 +0000 2011,"Samsung, Google Unveil Phone http://t.co/tzj1bYNc
#Google",Neutral,samsung google unveil phone google
google,neutral,126529111819681792,Wed Oct 19 05:24:25 +0000 2011,#SEO Tip:Make sure that your important keywords have high keyword density in your pages #google #bing #yahoo,Neutral,seo tipmake sure important keywords high keyword density page google bing yahoo
google,neutral,126529099018674176,Wed Oct 19 05:24:22 +0000 2011,Android Ice Cream Sandwich is out! #android #Google,Neutral,android ice cream sandwich android google
google,neutral,126529019284946944,Wed Oct 19 05:24:03 +0000 2011,Android Ice Cream Sandwich and Galaxy Nexus: Everything You Need to Know - http://t.co/MSqsVMDK #google,Neutral,android ice cream sandwich galaxy nexus everything need know google
google,neutral,126528767228248064,Wed Oct 19 05:23:03 +0000 2011,New #Google #Nexus -&gt; http://t.co/qR1eijhw,Neutral,new google nexus gt
google,neutral,126528551766867968,Wed Oct 19 05:22:12 +0000 2011,"#Google Docs #Updates Presentations With Real-Time #Collaboration, New Themes, Transitions and More [Updates] http://t.co/JWSPetbd",Neutral,google doc update presentation realtime collaboration new theme transition update
google,neutral,126528448050118656,Wed Oct 19 05:21:47 +0000 2011,Google Adsense Tools http://t.co/2IjBZdvn #Adsense #Google #Tools,Neutral,google adsense tool adsense google tool
google,neutral,126528318542589952,Wed Oct 19 05:21:16 +0000 2011,"RT @LocalJoost: #ICS"" putting people at the heart""? You have GOT to be joking #Google. Now even copying slogans? Ah I get it, THOSE are  ...",Neutral,rt ic putting people heart got joking google even copying slogan ah get
google,neutral,126528307004051458,Wed Oct 19 05:21:13 +0000 2011,"#Google #Docs presentations get real-time collaboration, transition effects and more: Google… http://t.co/COSF8WUS",Neutral,google doc presentation get realtime collaboration transition effect google
google,neutral,126528290352660480,Wed Oct 19 05:21:09 +0000 2011,Online Music Industry is witnessing the astounding revolution. Can #Google manage to seal the supreme console? http://t.co/QcDddYrn,Neutral,online music industry witnessing astounding revolution google manage seal supreme console
google,neutral,126528288729473024,Wed Oct 19 05:21:09 +0000 2011,Online Music Industry is witnessing the astounding revolution. Can #Google manage to seal the supreme console? http://t.co/iUi7JtCM,Neutral,online music industry witnessing astounding revolution google manage seal supreme console
google,neutral,126528287831891968,Wed Oct 19 05:21:09 +0000 2011,On Google+ then go here http://t.co/63B8wYPw #GPlus #Googleplus #Google #teamfollowback #socialnetwork,Neutral,google go gplus googleplus google teamfollowback socialnetwork
google,neutral,126528286871396352,Wed Oct 19 05:21:09 +0000 2011,Online Music Industry is witnessing the astounding revolution. Can #Google manage to seal the supreme console? http://t.co/Jrc4qstJ,Neutral,online music industry witnessing astounding revolution google manage seal supreme console
google,neutral,126528248329940992,Wed Oct 19 05:20:59 +0000 2011,"Your face unlocks the phone, as facial recognition replaces a traditional pass code. #Google Nexus Prime smartphone",Neutral,face unlocks phone facial recognition replaces traditional pas code google nexus prime smartphone
google,neutral,126528157573578754,Wed Oct 19 05:20:38 +0000 2011,Android 4.0 Ice Cream Sandwich announcement round-up #android #google http://t.co/ExcNswwx,Neutral,android ice cream sandwich announcement roundup android google
google,neutral,126527897065373696,Wed Oct 19 05:19:36 +0000 2011,"#Android: This Is the #Samsung Galaxy Nexus, #Google's New Official Android Phone(via @Gizmodo) - The... http://t.co/wS4GS9uk",Neutral,android samsung galaxy nexus google new official android phonevia
google,neutral,126527760662413312,Wed Oct 19 05:19:03 +0000 2011,Android 4.0 Ice Cream Sandwich announcement round-up #android #google http://t.co/3SvjOtjT,Neutral,android ice cream sandwich announcement roundup android google
google,neutral,126527757151776768,Wed Oct 19 05:19:02 +0000 2011,Android 4.0 Ice Cream Sandwich announcement round-up #android #google http://t.co/8DjJHFGu,Neutral,android ice cream sandwich announcement roundup android google
google,neutral,126527756036091904,Wed Oct 19 05:19:02 +0000 2011,Android 4.0 Ice Cream Sandwich announcement round-up #android #google http://t.co/L5m9uwD7 #neowin,Neutral,android ice cream sandwich announcement roundup android google neowin
google,neutral,126527743528673280,Wed Oct 19 05:18:59 +0000 2011,#LOL #google http://t.co/aeJ1Vrgj,Neutral,lol google
google,neutral,126527523529043968,Wed Oct 19 05:18:07 +0000 2011,#Android #Google The Galaxy Nexus' System Apps Have Been Dumped http://t.co/LCZNPDHR #DhilipSiva,Neutral,android google galaxy nexus system apps dumped dhilipsiva
google,neutral,126527262190346240,Wed Oct 19 05:17:04 +0000 2011,"#Google has made search more #secure, this change #encrypts your search queries and Google's result pages.  Read more: http://t.co/Rnnjwo6r",Neutral,google made search secure change encrypts search query google result page read
google,neutral,126527122218041345,Wed Oct 19 05:16:31 +0000 2011,Android 4.0 OS Ice Cream Sandwich and the Galaxy Nexus is out.seems that smartphones are named by hungry developers  #Google+,Neutral,android o ice cream sandwich galaxy nexus outseems smartphones named hungry developer google
google,neutral,126527077905207296,Wed Oct 19 05:16:20 +0000 2011,"Anyone seen this? If your brand needs to track #SEO keyword landing through to a conversion, well #Google just capped …http://t.co/g4coBopL",Neutral,anyone seen brand need track seo keyword landing conversion well google capped
google,neutral,126526945008689152,Wed Oct 19 05:15:49 +0000 2011,"RT @whymicrosoft: Google’s Ad revenue for Q3 was 96% of total revenue. So, are #Google customers the commodity being sold to advertisers???",Neutral,rt google ad revenue total revenue google customer commodity sold advertiser
google,neutral,126526850452299776,Wed Oct 19 05:15:26 +0000 2011,Ice Cream Sandwich arrives http://t.co/Z4j7WhmS #google #icecream #android #samsung,Neutral,ice cream sandwich arrives google icecream android samsung
google,neutral,126526838251065344,Wed Oct 19 05:15:23 +0000 2011,it's in the curve baby http://t.co/ORDg1z2F #google #nexus #android #samsung,Neutral,curve baby google nexus android samsung
google,neutral,126526793380409344,Wed Oct 19 05:15:12 +0000 2011,Is Google planning to launch its own iTunes rival? - The Times of India http://t.co/1x73o5Yz #google,Neutral,google planning launch itunes rival time india google
google,neutral,126526782001262592,Wed Oct 19 05:15:10 +0000 2011,"#Android #Google We saw Ice Cream Sandwich on a Phone, but What About a Tablet? http://t.co/6McjpONv #DhilipSiva",Neutral,android google saw ice cream sandwich phone tablet dhilipsiva
google,neutral,126526594973052928,Wed Oct 19 05:14:25 +0000 2011,#SEO tip:in multilang sites create folders for each lang.submit the urls in #google #webmaster tools+Use GeographicTarget,Neutral,seo tipin multilang site create folder langsubmit url google webmaster toolsuse geographictarget
google,neutral,126526457974489088,Wed Oct 19 05:13:52 +0000 2011,Going in with #mikedunn one of the #chosenfewdjs all in with #chicago #housemusic! Might want to #google him!,Neutral,going mikedunn one chosenfewdjs chicago housemusic might want google
google,neutral,126526371785752576,Wed Oct 19 05:13:32 +0000 2011,#Google releases 50 new features for presentations in #GoogleDocs http://t.co/0x6crRao,Neutral,google release new feature presentation googledocs
google,neutral,126525872915226624,Wed Oct 19 05:11:33 +0000 2011,"Ballmer: 70% Of The Time, #Google & #Bing Are The Same, So Try Bing!: http://t.co/rA5PgOsD",Neutral,ballmer time google bing try bing
google,neutral,126525730526998528,Wed Oct 19 05:10:59 +0000 2011,Recap: Google will host G-South Africa in JHB on 3rd and 4th November. http://t.co/A88ZBr2O #google,Neutral,recap google host gsouth africa jhb rd th november google
google,neutral,126525539442892800,Wed Oct 19 05:10:13 +0000 2011,"Believe it or not #political process is changing across all countries. Thanks to new social media #Facebook , #twitter, #google+",Neutral,believe political process changing across country thanks new social medium facebook twitter google
google,neutral,126525506018492416,Wed Oct 19 05:10:06 +0000 2011,#Google #Ice Cream Sandwich (#Android 4.0): a #hands_on #screenshot #gallery http://t.co/61bZRSWI via @engadget,Neutral,google ice cream sandwich android handson screenshot gallery via
google,neutral,126525491954987008,Wed Oct 19 05:10:02 +0000 2011,Logitech Revue Companion Box with Google TV and Keyboard Controller by #Logitech #Google #TVBox via #amazon http://t.co/NkPjGP3W,Neutral,logitech revue companion box google tv keyboard controller logitech google tvbox via amazon
google,neutral,126525475723022336,Wed Oct 19 05:09:58 +0000 2011,#Google #Ice Cream Sandwich (#Android 4.0): a #hands_on #screenshot #gallery http://t.co/E8dCQo7s,Neutral,google ice cream sandwich android handson screenshot gallery
google,neutral,126525465715425282,Wed Oct 19 05:09:56 +0000 2011,#Google announces NFC-based #Android Beam for sharing between phones,Neutral,google announces nfcbased android beam sharing phone
google,neutral,126525210483638272,Wed Oct 19 05:08:55 +0000 2011,"If you need to modify your payment details that are on your phone for the Android Market, go here: http://t.co/z4gS3PxC #Google",Neutral,need modify payment detail phone android market go google
google,neutral,126525169756946432,Wed Oct 19 05:08:45 +0000 2011,#SEO #backlinks #google #index Free Tool http://t.co/1tTp1axq,Neutral,seo backlinks google index free tool
google,neutral,126525031135195136,Wed Oct 19 05:08:12 +0000 2011,"Samsung Galaxy Nexus, Google Android 4.0 Live Blog : http://t.co/wwSYXAbn #android #google #mobile #news",Neutral,samsung galaxy nexus google android live blog android google mobile news
google,neutral,126525007525462016,Wed Oct 19 05:08:07 +0000 2011,"#Android #Google Ice Cream Sandwich Feature Closer Look - Resizable Widgets, Folders, Multitasking, And... http://t.co/CQCaWORD #DhilipSiva",Neutral,android google ice cream sandwich feature closer look resizable widget folder multitasking dhilipsiva
google,neutral,126524889296412672,Wed Oct 19 05:07:38 +0000 2011,Google encrypting search for signed-in users http://t.co/R2xDFqRs #encryption #google #search #secure,Neutral,google encrypting search signedin user encryption google search secure
google,neutral,126524784120037376,Wed Oct 19 05:07:13 +0000 2011,#Google #Android #IceCreamSandwich features - http://t.co/qXFdDrt4. #ICS,Neutral,google android icecreamsandwich feature ic
google,neutral,126524764071264257,Wed Oct 19 05:07:09 +0000 2011,On Google+ then go here http://t.co/RCSwZlxK #GPlus #Googleplus #Google #teamfollowback #socialnetwork,Neutral,google go gplus googleplus google teamfollowback socialnetwork
google,neutral,126524648874717184,Wed Oct 19 05:06:41 +0000 2011,"#ICS"" putting people at the heart""? You have GOT to be joking #Google. Now even copying slogans? Ah I get it, THOSE are not patented ;)",Neutral,ic putting people heart got joking google even copying slogan ah get patented
google,neutral,126524290945384449,Wed Oct 19 05:05:16 +0000 2011,"The new Samsung Galaxy nexus..

http://t.co/UtbpXrsj 

#Android
#Samsung 
#Google 
#WoW

CC @kha1989led 
@eisaahmad",Neutral,new samsung galaxy nexus android samsung google wow cc
google,neutral,126524242635403264,Wed Oct 19 05:05:04 +0000 2011,"#Google and #Samsung unveil #Galaxy #Nexus, #Android 4 at event: http://t.co/oTqfW9XQ | #CTIA #Hong #Kong #conference #environments",Neutral,google samsung unveil galaxy nexus android event ctia hong kong conference environment
google,neutral,126524229997953024,Wed Oct 19 05:05:01 +0000 2011,"New Solar plant seen on I-15 on the way to Vegas, invested in by Google.  http://t.co/Pzw8OVnm RT #eco #google #solar #greenpower",Neutral,new solar plant seen way vega invested google rt eco google solar greenpower
google,neutral,126524074179567617,Wed Oct 19 05:04:24 +0000 2011,#SEO Tip:Meta nofollowed or robots.txt blocked pages DO receive pagerank juice when they get links. #google,Neutral,seo tipmeta nofollowed robotstxt blocked page receive pagerank juice get link google
google,neutral,126524003266473984,Wed Oct 19 05:04:07 +0000 2011,What Is Ice Cream Sandwich? - http://t.co/otA4rqi9 #Google,Neutral,ice cream sandwich google
google,neutral,126523791735144448,Wed Oct 19 05:03:17 +0000 2011,RT @/iPadPowerUsers-On Google+ then go here http://t.co/tMGHv24E #GPlus #Googleplus #Google #teamfollowback #socialnetwork,Neutral,rt ipadpoweruserson google go gplus googleplus google teamfollowback socialnetwork
google,neutral,126523776195231744,Wed Oct 19 05:03:13 +0000 2011,RT @MAGGadget: Fight: Galaxy Nexus vs. Droid RAZR vs. iPhone 4S http://t.co/P3qHh63d #Android #iPhone #Google,Neutral,rt fight galaxy nexus v droid razr v iphone android iphone google
google,neutral,126523549493112832,Wed Oct 19 05:02:19 +0000 2011,RT @ZDNet: #Google steps up its privacy game & launches Search Encryption #GoodToKnow privacy & personal data control http://t.co/t05c34yY,Neutral,rt google step privacy game launch search encryption goodtoknow privacy personal data control
google,neutral,126523519357030400,Wed Oct 19 05:02:12 +0000 2011,@Bravo u should have a cast of  Latina #housewives  WE have some pretty  successful Latina Women in this world #GOOGLE them..,Neutral,cast latina housewife pretty successful latina woman world google
google,neutral,126523435772948480,Wed Oct 19 05:01:52 +0000 2011,RT @iPadPowerUsers On Google+ then go here http://t.co/r4bIDq9D #GPlus #Googleplus #Google #teamfollowback #socialnetwork,Neutral,rt google go gplus googleplus google teamfollowback socialnetwork
google,neutral,126523421231300608,Wed Oct 19 05:01:48 +0000 2011,@loribooLIVE like Manny from degrassi (: #google her !,Neutral,like manny degrassi google
google,neutral,126523245649342464,Wed Oct 19 05:01:07 +0000 2011,And here's the run-down on #Android4.0 aka #IceCreamSandwich http://t.co/f1V3HJAe #google,Neutral,here rundown android aka icecreamsandwich google
google,neutral,126522997522702336,Wed Oct 19 05:00:07 +0000 2011,Here's what we know about the #GalaxyNexus http://t.co/7bYXbQVY #google #android,Neutral,here know galaxynexus google android
google,neutral,126522979080339456,Wed Oct 19 05:00:03 +0000 2011,Tips to make #Google always #crawl your #website http://t.co/SVYSckH7,Neutral,tip make google always crawl website
google,neutral,126522978971299840,Wed Oct 19 05:00:03 +0000 2011,Do the Creep #ahh @JokeAholic_P and @AmiraAldewick #google+dates,Neutral,creep ahh googledates
google,neutral,126522853779705856,Wed Oct 19 04:59:33 +0000 2011,RT @xenophin: #Samsung and #Google's Ice Cream Sandwich event is at 3am UK time.    Waking up to a lot of news then ... #nonUSAtimezonel ...,Neutral,rt samsung google ice cream sandwich event uk time waking lot news nonusatimezonel
google,neutral,126522802466598912,Wed Oct 19 04:59:21 +0000 2011,wait.... since when does putting honeycomb and gingerbread together make ice cream sandwich? #google ...,Neutral,wait since putting honeycomb gingerbread together make ice cream sandwich google
google,neutral,126522667703599104,Wed Oct 19 04:58:49 +0000 2011,#Android #Google Samsung Galaxy Nexus Coming Soon To Three UK http://t.co/FQbfdiYE #DhilipSiva,Neutral,android google samsung galaxy nexus coming soon three uk dhilipsiva
google,neutral,126522664939565057,Wed Oct 19 04:58:48 +0000 2011,"#Android #Google Nexus S Getting Ice Cream Sandwich, OS “Theoretically” Should Work on Any Android... http://t.co/kqBWWiyd #DhilipSiva",Neutral,android google nexus getting ice cream sandwich o theoretically work android dhilipsiva
google,neutral,126522423771267072,Wed Oct 19 04:57:51 +0000 2011,"@Wilko_LR  ""Google to launch iTunes AND Spotify rival? http://t.co/SralgsCi” need to start using #google+",Neutral,google launch itunes spotify rival need start using google
google,neutral,126522225674301440,Wed Oct 19 04:57:03 +0000 2011,#Google to stop giving referral data - by moving to #SSL? http://t.co/wTjiX29b,Neutral,google stop giving referral data moving ssl
google,neutral,126521973672120320,Wed Oct 19 04:56:03 +0000 2011,How to use Google Alerts to... http://t.co/crMAaAGQ #seo #search #google #hack #sem #it #business #web #marketing #online #yes #hot #winning,Neutral,use google alert seo search google hack sem business web marketing online yes hot winning
google,neutral,126521718272573440,Wed Oct 19 04:55:02 +0000 2011,"Samsung Galaxy Nexus vs. Galaxy S II, Nexus One and Nexus S (macro hands-on) http://t.co/F9l7GnWT #Google #NexusS",Neutral,samsung galaxy nexus v galaxy ii nexus one nexus macro handson google nexus
google,neutral,126521582809128961,Wed Oct 19 04:54:30 +0000 2011,"“@rianru: #Google представит новую версию #Android 4.0 http://t.co/ttgycujs”

#Vfacebook",Neutral,google android vfacebook
google,neutral,126521573330010112,Wed Oct 19 04:54:28 +0000 2011,RT @iPadPowerUsers On Google+ then go here http://t.co/nCqrwPYb #GPlus #Googleplus #Google #teamfollowback…,Neutral,rt google go gplus googleplus google teamfollowback
google,neutral,126521564979150848,Wed Oct 19 04:54:26 +0000 2011,#SEO Tip: #javascript can be a friend +an enemy.Use it wisely to block the content u want #google #bing #yahoo,Neutral,seo tip javascript friend enemyuse wisely block content want google bing yahoo
google,neutral,126521489116766208,Wed Oct 19 04:54:08 +0000 2011,On Google+ then go here http://t.co/XP4apWAH #GPlus #Googleplus #Google #teamfollowback #socialnetwork,Neutral,google go gplus googleplus google teamfollowback socialnetwork
google,neutral,126521384657616896,Wed Oct 19 04:53:43 +0000 2011,quick hands on #Galaxy #Nexus by #Samsung #google #android #ICS #4 #icecreamsandwich http://t.co/22cF2m6d,Neutral,quick hand galaxy nexus samsung google android ic icecreamsandwich
google,neutral,126521228524658688,Wed Oct 19 04:53:06 +0000 2011,#Google #NexusPrime Spec sheet: http://t.co/iuYKWVRQ #Android #Mobile,Neutral,google nexusprime spec sheet android mobile
google,neutral,126521130197585920,Wed Oct 19 04:52:42 +0000 2011,Why not send a Google card this Christmas? http://t.co/zSfuV48d #xmas #google #squidoo,Neutral,send google card christmas xmas google squidoo
google,neutral,126521102783619072,Wed Oct 19 04:52:36 +0000 2011,#Google and #Samsung reveal the #NexusPrime running the #IceCreamSandwich...#Mobile #Android,Neutral,google samsung reveal nexusprime running icecreamsandwichmobile android
google,neutral,126520984122572801,Wed Oct 19 04:52:07 +0000 2011,"#Google confirms #Nexus S will get #Ice_Cream_Sandwich -- for real this time (#Gingerbread devices, too) http://t.co/4x69YDfE",Neutral,google confirms nexus get icecreamsandwich real time gingerbread device
google,neutral,126520920352358401,Wed Oct 19 04:51:52 +0000 2011,"#Samsung, #Google Android 4 reveal: Live Event Blog by #engadet http://t.co/DL68lKQU",Neutral,samsung google android reveal live event blog engadet
google,neutral,126520914413236224,Wed Oct 19 04:51:51 +0000 2011,RT @bleublancrouge_: Surprising !Google's Management Isn't Using #Google+ : http://ow.ly/6QuOk @degusta,Neutral,rt surprising google management isnt using google
google,neutral,126520707969581056,Wed Oct 19 04:51:02 +0000 2011,#Android #Google Ice Cream Sandwich new features not mentioned during webcast http://t.co/m2UGgiev #DhilipSiva,Neutral,android google ice cream sandwich new feature mentioned webcast dhilipsiva
google,neutral,126520695218913282,Wed Oct 19 04:50:59 +0000 2011,#Android #Google Ice Cream Sandwich UI enhancements – a new spin on Android http://t.co/DAPpm4av #DhilipSiva,Neutral,android google ice cream sandwich ui enhancement new spin android dhilipsiva
google,neutral,126520611190218752,Wed Oct 19 04:50:39 +0000 2011,Ice Cream Sandwitch comes alive today #android #google,Neutral,ice cream sandwitch come alive today android google
google,neutral,126520531934654465,Wed Oct 19 04:50:20 +0000 2011,"RT @tatn: #Google, #Samsung unveil Ice Cream Sandwich-powered Galaxy Nexus http://t.co/qtiCdIvd via @CNET #Android",Neutral,rt google samsung unveil ice cream sandwichpowered galaxy nexus via android
google,neutral,126520511483219968,Wed Oct 19 04:50:15 +0000 2011,"#Android #Google Texas Instruments: “It’s Not the Number of Cores, It’s Sophistication” http://t.co/aXDKhkb0 #DhilipSiva",Neutral,android google texas instrument number core sophistication dhilipsiva
google,neutral,126520508903718912,Wed Oct 19 04:50:14 +0000 2011,#Android #Google Android Beam finally makes NFC social http://t.co/P9PMpCFl #DhilipSiva,Neutral,android google android beam finally make nfc social dhilipsiva
google,neutral,126520504822661120,Wed Oct 19 04:50:13 +0000 2011,#Android #Google Texas Instruments confirms Galaxy Nexus has newer OMAP4460 processor http://t.co/sh316tBN #DhilipSiva,Neutral,android google texas instrument confirms galaxy nexus newer omap processor dhilipsiva
google,neutral,126520501442056193,Wed Oct 19 04:50:12 +0000 2011,The competition: #Google introduces #Android 4.0 Ice Cream Sandwich and the Galaxy Nexus http://t.co/4vGGHF43,Neutral,competition google introduces android ice cream sandwich galaxy nexus
google,neutral,126520500246687745,Wed Oct 19 04:50:12 +0000 2011,#Android #Google Video: Google’s Nexus site updated with new device and ICS features http://t.co/rZBmyLTV #DhilipSiva,Neutral,android google video google nexus site updated new device ic feature dhilipsiva
google,neutral,126520116795015169,Wed Oct 19 04:48:41 +0000 2011,I would also like ice Cream Sandwich on my phone #google #android http://t.co/uTHuUECJ,Neutral,would also like ice cream sandwich phone google android
google,neutral,126520107089395712,Wed Oct 19 04:48:38 +0000 2011,#google Unwrapping Ice Cream Sandwich on the Galaxy Nexus http://t.co/YLRL4lZy,Neutral,google unwrapping ice cream sandwich galaxy nexus
google,neutral,126520074717765632,Wed Oct 19 04:48:31 +0000 2011,RT @raovallab: How #Google Ventures Chooses Which #Startups Get Its $200 Million http://t.co/UGsBdxQm via @mashbusiness @mashable,Neutral,rt google venture chooses startup get million via
google,neutral,126520020871294977,Wed Oct 19 04:48:18 +0000 2011,RT @stuartmiles: http://t.co/hM2x3yim via @pocketlint #moto #google #android,Neutral,rt via moto google android
google,neutral,126519912821825538,Wed Oct 19 04:47:52 +0000 2011,RT @AndroidTopNews: Nexus Prime rumored to be released on Nov. 3 http://t.co/77HbvLjI #News #google #Ice_Cream_Sandwich #ics #Nexus_Prime,Neutral,rt nexus prime rumored released nov news google icecreamsandwich ic nexusprime
google,neutral,126519469500669952,Wed Oct 19 04:46:06 +0000 2011,Samsung Galaxy Nexus & Android 4.0 Quick Specs - http://t.co/s1QfUznv #galaxynexus #android #ics #samsung #google,Neutral,samsung galaxy nexus android quick spec galaxynexus android ic samsung google
google,neutral,126519331956862976,Wed Oct 19 04:45:34 +0000 2011,Android 4.0 SDK now available #google #android http://t.co/TBtuewi1,Neutral,android sdk available google android
google,neutral,126519306832982016,Wed Oct 19 04:45:28 +0000 2011,RT @webseoanalytics: The most important KPIs in #Google #Analytics: http://t.co/uUzhIMGv #marketing #webmaster,Neutral,rt important kpis google analytics marketing webmaster
google,neutral,126519290722648064,Wed Oct 19 04:45:24 +0000 2011,It's not Google vs Apple. It is Apple & Google vs the old way - GigaOm http://t.co/LJlc6YzS #google,Neutral,google v apple apple google v old way gigaom google
google,neutral,126519251631747072,Wed Oct 19 04:45:14 +0000 2011,"RT @TecBuzz: Google steps up its privacy game, launches Good To Know http://t.co/22QbKMpG #google",Neutral,rt google step privacy game launch good know google
google,neutral,126519229515169792,Wed Oct 19 04:45:09 +0000 2011,#Android #Google What’s New in Ice Cream Sandwich Android 4.0 http://t.co/z76pv0QV #DhilipSiva,Neutral,android google whats new ice cream sandwich android dhilipsiva
google,neutral,126519227006988288,Wed Oct 19 04:45:08 +0000 2011,#Android #Google Galaxy Nexus http://t.co/GXVKqi6z #DhilipSiva,Neutral,android google galaxy nexus dhilipsiva
google,neutral,126519072195223552,Wed Oct 19 04:44:32 +0000 2011,"Hmm, Google I really need a new phone. Please release the Galaxy Nexus asap! #android #google",Neutral,hmm google really need new phone please release galaxy nexus asap android google
google,neutral,126519044798029824,Wed Oct 19 04:44:25 +0000 2011,The most important KPIs in #Google #Analytics: http://t.co/uUzhIMGv #marketing #webmaster,Neutral,important kpis google analytics marketing webmaster
google,neutral,126519034488426496,Wed Oct 19 04:44:23 +0000 2011,#Google confirms that the Nexus S will actually get the ice cream sandwich update.,Neutral,google confirms nexus actually get ice cream sandwich update
google,neutral,126519019699314688,Wed Oct 19 04:44:19 +0000 2011,http://t.co/Pl4ZeEvH - Android 4.0 SDK now available #google #android http://t.co/sVlrVxTR,Neutral,android sdk available google android
google,neutral,126518955526455296,Wed Oct 19 04:44:04 +0000 2011,RT @theunlockr: Nexus S will get Ice-Cream Sandwich too - #Google - http://t.co/Igq9kdIL #android #samsung #ics,Neutral,rt nexus get icecream sandwich google android samsung ic
google,neutral,126518773401391104,Wed Oct 19 04:43:20 +0000 2011,@TreyRatcliff Congrats on making it to the #google #android 4.0 demo :) http://t.co/EPIv7ny5 #icecreamsandwich,Neutral,congrats making google android demo icecreamsandwich
google,neutral,126518709358575616,Wed Oct 19 04:43:05 +0000 2011,Is it bad if I just want it because its called the #icecreamsandwich ?http://t.co/Wt3C2rP1 #android #sansung #google,Neutral,bad want called icecreamsandwich android sansung google
google,neutral,126518669554626560,Wed Oct 19 04:42:56 +0000 2011,Nexus S will get Ice-Cream Sandwich too - #Google - http://t.co/Igq9kdIL #android #samsung #ics,Neutral,nexus get icecream sandwich google android samsung ic
google,neutral,126518471893848064,Wed Oct 19 04:42:08 +0000 2011,#Android #Google Android 4.0 Ice Cream Sandwich – All New Core Applications Overview http://t.co/XLtT7Wr9 #DhilipSiva,Neutral,android google android ice cream sandwich new core application overview dhilipsiva
google,neutral,126518469507289090,Wed Oct 19 04:42:08 +0000 2011,#Android #Google New UI and Core Features in Android 4.0 Ice Cream Sandwich Overview http://t.co/BD2omnIb #DhilipSiva,Neutral,android google new ui core feature android ice cream sandwich overview dhilipsiva
google,neutral,126518466315431936,Wed Oct 19 04:42:07 +0000 2011,#Android #Google Android 4.0 Ice Cream Sandwich Has Hardware Acceleration http://t.co/ijWr1mUJ #DhilipSiva,Neutral,android google android ice cream sandwich hardware acceleration dhilipsiva
google,neutral,126518461055774721,Wed Oct 19 04:42:06 +0000 2011,#Android #Google Ice Cream Sandwich Feature Closer Look - Redesigned Lock Screen And Virtual Button Bar http://t.co/FqsPN4An #DhilipSiva,Neutral,android google ice cream sandwich feature closer look redesigned lock screen virtual button bar dhilipsiva
google,neutral,126518313160409088,Wed Oct 19 04:41:31 +0000 2011,RT @Androidheadline Three UK to carry the Samsung Galaxy Nexus http://t.co/bLtq3VrK #android #Samsung #UK #telecom #biznews #Google #news,Neutral,rt three uk carry samsung galaxy nexus android samsung uk telecom biznews google news
google,neutral,126518252355584001,Wed Oct 19 04:41:16 +0000 2011,RT @bytenow: The next pure #Google phone is the #Galaxy #Nexus by #Samsung. It's fast and has a nice screen - http://t.co/9RwvaUkq,Neutral,rt next pure google phone galaxy nexus samsung fast nice screen
google,neutral,126518222487961600,Wed Oct 19 04:41:09 +0000 2011,The next pure #Google phone is the #Galaxy #Nexus by #Samsung. It's fast and has a nice screen - http://t.co/9RwvaUkq,Neutral,next pure google phone galaxy nexus samsung fast nice screen
google,neutral,126518218343972864,Wed Oct 19 04:41:08 +0000 2011,On Google+ then go here http://t.co/18qxaSp2 #GPlus #Googleplus #Google #teamfollowback #socialnetwork,Neutral,google go gplus googleplus google teamfollowback socialnetwork
google,neutral,126518146063532032,Wed Oct 19 04:40:51 +0000 2011,#so #society #network #google #empowerment http://t.co/bYn1njee notes #Facebook should not be taken lightly,Neutral,society network google empowerment note facebook taken lightly
google,neutral,126518121946292224,Wed Oct 19 04:40:45 +0000 2011,Like to get my hands on an ice cream sandwich #android #google,Neutral,like get hand ice cream sandwich android google
google,neutral,126518025863168000,Wed Oct 19 04:40:22 +0000 2011,#google Unwrapping Ice Cream Sandwich on the Galaxy Nexus http://t.co/Ac8JPjPK,Neutral,google unwrapping ice cream sandwich galaxy nexus
google,neutral,126517966589267968,Wed Oct 19 04:40:08 +0000 2011,#Android #Google HTC on ICS: 'reviewing its features and functionality to determine our upgrade plans' http://t.co/GrhboOar #DhilipSiva,Neutral,android google htc ic reviewing feature functionality determine upgrade plan dhilipsiva
google,neutral,126517947329036288,Wed Oct 19 04:40:03 +0000 2011,HTC on ICS: 'reviewing its features and functionality to determine our upgrade plans' http://t.co/UdkGr3Cb  #android #google,Neutral,htc ic reviewing feature functionality determine upgrade plan android google
google,neutral,126517930027515904,Wed Oct 19 04:39:59 +0000 2011,"RT @Stephaniezogrh Samsung, Google Unveil Latest Android OS, Phone - PCWorld http://t.co/0dkQs3h3 #Android #Samsung #Apple #Google #tech",Neutral,rt samsung google unveil latest android o phone pcworld android samsung apple google tech
google,neutral,126517793792344064,Wed Oct 19 04:39:27 +0000 2011,"@rohit_bmw Rohit, thanks for being part of my #google+ network!",Neutral,rohit thanks part google network
google,neutral,126517583347326976,Wed Oct 19 04:38:37 +0000 2011,Ice Cream Sandwich is out!   http://t.co/YyceZpDy #android #ios #ics #google,Neutral,ice cream sandwich android io ic google
google,neutral,126517558152134656,Wed Oct 19 04:38:31 +0000 2011,RT @BuzzzIt: BuzZz...: Google Wallet Introduction Video http://t.co/Q00gYwQH #Google #Wallet,Neutral,rt buzzz google wallet introduction video google wallet
google,neutral,126517526363504641,Wed Oct 19 04:38:23 +0000 2011,Google encrypts searches: http://t.co/q8inLdFy #Google,Neutral,google encrypts search google
google,neutral,126517510915899392,Wed Oct 19 04:38:19 +0000 2011,"Samsung, Google Unveil Latest Android OS, Phone - PCWorld  #google",Neutral,samsung google unveil latest android o phone pcworld google
google,neutral,126517487503294464,Wed Oct 19 04:38:14 +0000 2011,#Samsung #Galaxy Nexus to Launch on Three of UK http://t.co/xaXnOPO6 #talkandroid #google #networkspecs #nttdocomo,Neutral,samsung galaxy nexus launch three uk talkandroid google networkspecs nttdocomo
google,neutral,126517179272278016,Wed Oct 19 04:37:00 +0000 2011,"Great Mission :: Ice Cream Sandwich, #Google mission was to build a mobile OS that works on both phones and tablets",Neutral,great mission ice cream sandwich google mission build mobile o work phone tablet
google,neutral,126517076889321472,Wed Oct 19 04:36:36 +0000 2011,RT @lcashdol: Too bad #google didn't have a tribute graphic for #DennisRitchie.,Neutral,rt bad google didnt tribute graphic dennisritchie
google,neutral,126516982936895488,Wed Oct 19 04:36:13 +0000 2011,"Like traditional VC firms, Google Ventures makes its investment decisions solely ...  #google #ventures #spencer http://t.co/TBGqSFos",Neutral,like traditional vc firm google venture make investment decision solely google venture spencer
google,neutral,126516936862474241,Wed Oct 19 04:36:02 +0000 2011,Noarchive is used to restrict search engines from saving a cached copy of the page #Google,Neutral,noarchive used restrict search engine saving cached copy page google
google,neutral,126516898845310977,Wed Oct 19 04:35:53 +0000 2011,#Google to begin defaulting logged-in #users to #secure #search: According to a blog post by… http://t.co/64Cj3GuH,Neutral,google begin defaulting loggedin user secure search according blog post
google,neutral,126516776652640256,Wed Oct 19 04:35:24 +0000 2011,#Google Wallet now supported by seven new retailers [video] http://t.co/LCrWw4ld via @BGR,Neutral,google wallet supported seven new retailer video via
google,neutral,126516749242871809,Wed Oct 19 04:35:18 +0000 2011,WOW that #AmberCole video hit #Google!! I'm done haha.....,Neutral,wow ambercole video hit google im done haha
google,neutral,126516744742387712,Wed Oct 19 04:35:17 +0000 2011,RT @AccessNetworks: We're waiting patiently for Google+ business pages. Anyone else wanting to jump on board? #avtweeps #google+ http:// ...,Neutral,rt waiting patiently google business page anyone else wanting jump board avtweeps google http
google,neutral,126516481679818752,Wed Oct 19 04:34:14 +0000 2011,"RT @MarcDaley: #Samsung #Google announce new phone and then the #Apple #AppleStore goes down.

A little strange or am I reading too much ...",Neutral,rt samsung google announce new phone apple applestore go little strange reading much
google,neutral,126516342319890432,Wed Oct 19 04:33:41 +0000 2011,Galaxy Nexus Promotion Video http://t.co/JIV8z67u #samsung #google #android #ics #smartphone,Neutral,galaxy nexus promotion video samsung google android ic smartphone
google,neutral,126516212749443072,Wed Oct 19 04:33:10 +0000 2011,#Android #Google Ice Cream Sandwich Official Video http://t.co/ppH5CW1p #DhilipSiva,Neutral,android google ice cream sandwich official video dhilipsiva
google,neutral,126516054452211712,Wed Oct 19 04:32:32 +0000 2011,Google releases 50 new features for presentations in Google Docs: Google is rolling out a s... http://t.co/HkCBc7pm #google+ #googleplus,Neutral,google release new feature presentation google doc google rolling google googleplus
google,neutral,126515992737218560,Wed Oct 19 04:32:17 +0000 2011,My next phone samsung galaxy nexus. Ice cream sandwich 4.0. #android #google http://t.co/mjYSLzie,Neutral,next phone samsung galaxy nexus ice cream sandwich android google
google,neutral,126515637978796032,Wed Oct 19 04:30:53 +0000 2011,Ice Cream Sandwich Android: #IceCreamSandwichAndroid  #Ice #Cream #Sandwich #Android http://t.co/pVRaHhxR #google #youtube,Neutral,ice cream sandwich android icecreamsandwichandroid ice cream sandwich android google youtube
google,neutral,126515624984846336,Wed Oct 19 04:30:50 +0000 2011,"RT @fucktec: #Google confirms #Nexus S will get #Ice_Cream_Sandwich -- for real this time (#Gingerbread devices, too) http://t.co/RajAK9P2",Neutral,rt google confirms nexus get icecreamsandwich real time gingerbread device
google,neutral,126515576507084800,Wed Oct 19 04:30:38 +0000 2011,"I'm not a windows phone fan, but I'm a #Metro UI fan, which, IMO, has been fortunately (or sadly) copied by #Google into #ICS.",Neutral,im window phone fan im metro ui fan imo fortunately sadly copied google ic
google,neutral,126515415592607744,Wed Oct 19 04:30:00 +0000 2011,RT @LCmediaHouse: #Google vs Facebook: Get the Whole Picture for Your Marketing http://t.co/tm2xaijB  #SocialMedia,Neutral,rt google v facebook get whole picture marketing socialmedia
google,neutral,126515341567344641,Wed Oct 19 04:29:42 +0000 2011,I have been watching Captain American movie I will give you what I think of #Google Ice Cream Sandwich going to watch it now,Neutral,watching captain american movie give think google ice cream sandwich going watch
google,neutral,126515215255871488,Wed Oct 19 04:29:12 +0000 2011,#google #galaxy #nexus intro video #samsung #ICS #android #4 http://t.co/tOGMpP8I,Neutral,google galaxy nexus intro video samsung ic android
google,neutral,126515104723374080,Wed Oct 19 04:28:46 +0000 2011,#Samsung #Galaxy #Nexus hands-on (video) http://t.co/9MNNerc5 #mobile #android4 #galaxynexus #google,Neutral,samsung galaxy nexus handson video mobile android galaxynexus google
google,neutral,126514999375048705,Wed Oct 19 04:28:21 +0000 2011,"#Samsung #Google announce new phone and then the #Apple #AppleStore goes down.

A little strange or am I reading too much into this?",Neutral,samsung google announce new phone apple applestore go little strange reading much
google,neutral,126514945373376512,Wed Oct 19 04:28:08 +0000 2011,Fight: Galaxy Nexus vs. Droid RAZR vs. iPhone 4S http://t.co/P3qHh63d #Android #iPhone #Google,Neutral,fight galaxy nexus v droid razr v iphone android iphone google
google,neutral,126514719828885504,Wed Oct 19 04:27:14 +0000 2011,"Unwrapping Ice Cream Sandwich on the Galaxy Nexus: (Cross-posted on the Google Mobile blog)
Beaming a vi... http://t.co/Q2mvqxJf #google",Neutral,unwrapping ice cream sandwich galaxy nexus crossposted google mobile blog beaming vi google
google,neutral,126514719770161152,Wed Oct 19 04:27:14 +0000 2011,#Google #News: Unwrapping Ice Cream Sandwich on the Galaxy Nexus: (Cross-posted on the Google Mob... http://t.co/0PkK7J5D #harshgandhitk,Neutral,google news unwrapping ice cream sandwich galaxy nexus crossposted google mob harshgandhitk
google,neutral,126514718188900352,Wed Oct 19 04:27:14 +0000 2011,#Google #News: Unwrapping Ice Cream Sandwich on the Galaxy Nexus: (Cross-posted on the Google Mob... http://t.co/AgC6PCz7 #harshgandhitk,Neutral,google news unwrapping ice cream sandwich galaxy nexus crossposted google mob harshgandhitk
google,neutral,126514697875894272,Wed Oct 19 04:27:09 +0000 2011,On Google+ then go here http://t.co/AwDFxDcI #GPlus #Googleplus #Google #teamfollowback #socialnetwork,Neutral,google go gplus googleplus google teamfollowback socialnetwork
google,neutral,126514441314500608,Wed Oct 19 04:26:07 +0000 2011,#Android #Google Download: Android 4.0 Ice Cream Sandwich SDK System Dump http://t.co/VyyAsBM6 #DhilipSiva,Neutral,android google download android ice cream sandwich sdk system dump dhilipsiva
google,neutral,126514438680489985,Wed Oct 19 04:26:07 +0000 2011,"#Android #Google Nexus Site Updated With ICS and Galaxy Nexus, Register to be Notified http://t.co/GHPDQALt #DhilipSiva",Neutral,android google nexus site updated ic galaxy nexus register notified dhilipsiva
google,neutral,126514435949993984,Wed Oct 19 04:26:06 +0000 2011,#Android #Google Official Promo Video Reveals Verizon Wireless Destination http://t.co/xKH7UGY4 #DhilipSiva,Neutral,android google official promo video reveals verizon wireless destination dhilipsiva
google,neutral,126513983338450944,Wed Oct 19 04:24:18 +0000 2011,#google's galaxy #nexus just came out with #anroid4.0. http://t.co/p5kuIoox,Neutral,google galaxy nexus came anroid
google,neutral,126513869467299840,Wed Oct 19 04:23:51 +0000 2011,RT @EcommNewsUpdate Steve Yegge's Google Plus Rant - Google's Pathetic Afterthought http://t.co/4Tt5OsvN #blog #facebook #google #googleplus,Neutral,rt steve yegges google plus rant google pathetic afterthought blog facebook google googleplus
google,neutral,126513499890397185,Wed Oct 19 04:22:23 +0000 2011,BuzZz...: Google Wallet Introduction Video http://t.co/Q00gYwQH #Google #Wallet,Neutral,buzzz google wallet introduction video google wallet
google,neutral,126513430508212224,Wed Oct 19 04:22:07 +0000 2011,"Google is rolling out a suite of new changes to its Google Docs service, including 50 new features for ... http://t.co/3j4Vd8WF #Google+",Neutral,google rolling suite new change google doc service including new feature google
google,neutral,126513429103128577,Wed Oct 19 04:22:06 +0000 2011,"Ballmer also said that the company has a ""variety of different ways"" to respond to Hangouts, the group ... http://t.co/brBjtB86 #Google+",Neutral,ballmer also said company variety different way respond hangout group google
google,neutral,126513426968215552,Wed Oct 19 04:22:06 +0000 2011,"As far as I can tell, Google engineer Steve Yegge never intended to become famous for criticizing the c... http://t.co/SO1rCq0y #Google+",Neutral,far tell google engineer steve yegge never intended become famous criticizing google
google,neutral,126513317320736768,Wed Oct 19 04:21:40 +0000 2011,"#Google confirms #Nexus S will get #Ice_Cream_Sandwich -- for real this time (#Gingerbread devices, too) http://t.co/apLj6Tsk via @engadget",Neutral,google confirms nexus get icecreamsandwich real time gingerbread device via
google,neutral,126513312857985024,Wed Oct 19 04:21:38 +0000 2011,"#Google confirms #Nexus S will get #Ice_Cream_Sandwich -- for real this time (#Gingerbread devices, too) http://t.co/RajAK9P2",Neutral,google confirms nexus get icecreamsandwich real time gingerbread device
google,neutral,126513307589935104,Wed Oct 19 04:21:37 +0000 2011,"www.geoloco.tv - #Geoloco, future of tech, brands, ads in location revolution - 11-3 San Francisco - keynotes #Google, #Facebook, #Starbucks",Neutral,geoloco future tech brand ad location revolution san francisco keynote google facebook starbucks
google,neutral,126513117944496128,Wed Oct 19 04:20:52 +0000 2011,#Google confirms #Nexus S will get Ice Cream Sandwich -- for real this time (#Gingerbread… http://t.co/vIoR326D,Neutral,google confirms nexus get ice cream sandwich real time gingerbread
google,neutral,126513115830554625,Wed Oct 19 04:20:51 +0000 2011,#Samsung Galaxy #Nexus hands-on (#video) http://t.co/w4muSKEm #android #galaxynexus #galaxynexus #google,Neutral,samsung galaxy nexus handson video android galaxynexus galaxynexus google
google,neutral,126513110264717312,Wed Oct 19 04:20:50 +0000 2011,#Google announces #NFC-based #Android Beam for sharing between phones http://t.co/VonJhtjE #android40 #androidbeam,Neutral,google announces nfcbased android beam sharing phone android androidbeam
google,neutral,126512932933734402,Wed Oct 19 04:20:08 +0000 2011,#Android #Google First Official Galaxy Nexus / Ice Cream Sandwich Promo Video With Feature Highlights... http://t.co/LtrC34VG #DhilipSiva,Neutral,android google first official galaxy nexus ice cream sandwich promo video feature highlight dhilipsiva
google,neutral,126512842194161664,Wed Oct 19 04:19:46 +0000 2011,the announcement is in hong kong....... gotcha #icecreamsandwhich #android #galaxynexus #mynextphone #google #ics #droid,Neutral,announcement hong kong gotcha icecreamsandwhich android galaxynexus mynextphone google ic droid
google,neutral,126512471845515264,Wed Oct 19 04:18:18 +0000 2011,Discover #Keywords & #Business Critical Information to be No 1 on #Google read aspenIbiz #blog post http://t.co/Rotiieo0,Neutral,discover keywords business critical information google read aspenibiz blog post
google,neutral,126512460629946370,Wed Oct 19 04:18:15 +0000 2011,Texas Instruments confirms Galaxy Nexus has newer OMAP4460 processor http://t.co/wqQV4lyu #google #googlenexus,Neutral,texas instrument confirms galaxy nexus newer omap processor google googlenexus
google,neutral,126512277720535040,Wed Oct 19 04:17:32 +0000 2011,Samsung and #Google Announce Galaxy Nexus and #Android 4.0–Ice Cream Sandwich http://t.co/g6EOfUYY #news #android40,Neutral,samsung google announce galaxy nexus android ice cream sandwich news android
google,neutral,126512269847826432,Wed Oct 19 04:17:30 +0000 2011,Android 4.0 SDK now available #google #android http://t.co/P05YR6PC,Neutral,android sdk available google android
google,neutral,126512265036959744,Wed Oct 19 04:17:29 +0000 2011,Android 4.0 SDK now available #google #android http://t.co/dB2Rzsu5 #neowin,Neutral,android sdk available google android neowin
google,neutral,126512261543116800,Wed Oct 19 04:17:28 +0000 2011,Android 4.0 SDK now available #google #android http://t.co/LzJmTGQ9,Neutral,android sdk available google android
google,neutral,126512199857475585,Wed Oct 19 04:17:13 +0000 2011,"#Google thinks your digital books belong on a digital #bookcase, digitally (video) http://t.co/Qtt22akr",Neutral,google think digital book belong digital bookcase digitally video
google,neutral,126512130752126976,Wed Oct 19 04:16:57 +0000 2011,"And my favorite, ""is @danielltosh gay?"" #Google #autocomplete",Neutral,favorite gay google autocomplete
google,neutral,126511907569020928,Wed Oct 19 04:16:03 +0000 2011,How do you get pink eye? #Google #autocomplete,Neutral,get pink eye google autocomplete
google,neutral,126511799947366401,Wed Oct 19 04:15:38 +0000 2011,"#Google unveils Ice Cream Sandwich, SDK is available now http://t.co/JHGldej9",Neutral,google unveils ice cream sandwich sdk available
google,neutral,126511624256372736,Wed Oct 19 04:14:56 +0000 2011,RT @rishij_pune: #google must b having sum underlying reasoning 4 naming products after eatables #eclair #gingerbread #icecream #rawados ...,Neutral,rt google must sum underlying reasoning naming product eatable eclair gingerbread icecream rawados
google,neutral,126511578777526273,Wed Oct 19 04:14:45 +0000 2011,#Android + #Google have all of the tools to reshape the market. I should probably take a break from all this #ICS talk. http://t.co/D6T2XYAD,Neutral,android google tool reshape market probably take break ic talk
google,neutral,126511507088478208,Wed Oct 19 04:14:28 +0000 2011,"@LegiondaChosen1: Check out ""Big Hit feat. LegiondaChosen1 - I'm On 1 - Freestyle"" - http://t.co/IfxU5Za0 #Google Me!!",Neutral,check big hit feat legiondachosen im freestyle google
google,neutral,126511425760935936,Wed Oct 19 04:14:09 +0000 2011,On Google+ then go here http://t.co/5tbv933W #GPlus #Googleplus #Google #teamfollowback #socialnetwork,Neutral,google go gplus googleplus google teamfollowback socialnetwork
google,neutral,126511400825790464,Wed Oct 19 04:14:03 +0000 2011,#google #icecream #galaxy #nexus http://t.co/gkoHBpN8,Neutral,google icecream galaxy nexus
google,neutral,126511380365983744,Wed Oct 19 04:13:58 +0000 2011,RT @VentureBeat: #Google releases an Infinite Digital Bookcase http://t.co/gVbdhLiu by @MeghanKel,Neutral,rt google release infinite digital bookcase
google,neutral,126511358861778944,Wed Oct 19 04:13:53 +0000 2011,Why are manhole covers round? #Google #autocomplete,Neutral,manhole cover round google autocomplete
google,neutral,126511243371610113,Wed Oct 19 04:13:25 +0000 2011,RT @NeowinFeed Google shows off new Ice Cream Sandwich features #google #android http://t.co/TAJFjSD9 #neowin,Neutral,rt google show new ice cream sandwich feature google android neowin
google,neutral,126510976358035456,Wed Oct 19 04:12:21 +0000 2011,"China Machado, I was googling earlier the women that resembles my momma) #iphoneartists #conceptualart #google http://t.co/TZvjaQlI",Neutral,china machado googling earlier woman resembles momma iphoneartists conceptualart google
google,neutral,126510915771301888,Wed Oct 19 04:12:07 +0000 2011,"RT @Div_Spartan: Fellow Michiganders, do the right thing. Get online! #Google helping #Michigan businesses get online http://t.co/npz2KwmQ",Neutral,rt fellow michigander right thing get online google helping michigan business get online
google,neutral,126510815246422016,Wed Oct 19 04:11:43 +0000 2011,RT @jessvpeterson: Ever post something to the wrong circles?  #google+,Neutral,rt ever post something wrong circle google
google,neutral,126510801803673600,Wed Oct 19 04:11:40 +0000 2011,#Samsung #google #nexus,Neutral,samsung google nexus
google,neutral,126510781801046016,Wed Oct 19 04:11:35 +0000 2011,DAMN!!! #Galaxy #Nexus #Google #Android http://t.co/DL3cNtEU time for me to upgrade my Nexus S xD,Neutral,damn galaxy nexus google android time upgrade nexus xd
google,neutral,126510731549085697,Wed Oct 19 04:11:23 +0000 2011,Anyone use #Google+?,Neutral,anyone use google
google,neutral,126510402359140352,Wed Oct 19 04:10:05 +0000 2011,#Android #Google Need Proof of Verizon’s Galaxy Nexus? http://t.co/jcP7bkvg #DhilipSiva,Neutral,android google need proof verizons galaxy nexus dhilipsiva
google,neutral,126510393114898432,Wed Oct 19 04:10:02 +0000 2011,Galaxy Nexus #GalaxyNexus #Android #Google http://t.co/AWJHxwGT #followme,Neutral,galaxy nexus galaxynexus android google followme
google,neutral,126510377558216704,Wed Oct 19 04:09:59 +0000 2011,Android Ice Cream Sandwich adds Face Unlock feature http://t.co/45HxZE0o #Tech #google,Neutral,android ice cream sandwich add face unlock feature tech google
google,neutral,126510284536942592,Wed Oct 19 04:09:36 +0000 2011,#Google releases an Infinite Digital Bookcase http://t.co/12AuhZ6o by @MeghanKel,Neutral,google release infinite digital bookcase
google,neutral,126510143541231616,Wed Oct 19 04:09:03 +0000 2011,"#Google encrypts search data against hackers, marketers 'howl': http://t.co/nFwcQD9R | #divisions",Neutral,google encrypts search data hacker marketer howl division
google,neutral,126510049039368192,Wed Oct 19 04:08:40 +0000 2011,#Google Android Ice Cream Sandwich OS http://t.co/VhntGols #technology #androidicecream #nexusprime #sandwichos,Neutral,google android ice cream sandwich o technology androidicecream nexusprime sandwichos
google,neutral,126509936518762496,Wed Oct 19 04:08:13 +0000 2011,#Android #Google Video: Samsung Galaxy Nexus Announcement and Official Promo http://t.co/4ErExB4T #DhilipSiva,Neutral,android google video samsung galaxy nexus announcement official promo dhilipsiva
google,neutral,126509922505596928,Wed Oct 19 04:08:10 +0000 2011,"#Android #Google ICS Has Completely Revamped Your Contacts Into The ""People"" app http://t.co/QDoGji0U #DhilipSiva",Neutral,android google ic completely revamped contact people app dhilipsiva
google,neutral,126509783665745920,Wed Oct 19 04:07:37 +0000 2011,http://t.co/pUvXwjjc Is it #Google #bookmark or #links that bring site #traffic blogspot http://t.co/KPdXWPEB wp http://t.co/31g0geqy,Neutral,google bookmark link bring site traffic blogspot wp
google,neutral,126509619819462657,Wed Oct 19 04:06:58 +0000 2011,#Facebook vs. #Google+ : Which #SocialMedia Platform is the Best for You? | @customerthink http://t.co/QqkviaAn,Neutral,facebook v google socialmedia platform best
google,neutral,126509495907135489,Wed Oct 19 04:06:28 +0000 2011,"Android 4.0 Ice Cream Sandwich Official, SDK Now Available http://t.co/9zUBrPE2 #tech #google",Neutral,android ice cream sandwich official sdk available tech google
google,neutral,126509474935611392,Wed Oct 19 04:06:23 +0000 2011,How #Google Ventures Chooses Which Startups Get Its $200 Million http://t.co/FCWXoUd8 via @mashbusiness @mashable,Neutral,google venture chooses startup get million via
google,neutral,126509381327134720,Wed Oct 19 04:06:01 +0000 2011,#goodtoknow #privacy #google http://t.co/Ye337YR6,Neutral,goodtoknow privacy google
google,neutral,126509283260108800,Wed Oct 19 04:05:38 +0000 2011,Samsung Galaxy Nexus: Android 4.0 Smartphone Unveiled : http://t.co/b5jmtr1L #android #google #mobile #news,Neutral,samsung galaxy nexus android smartphone unveiled android google mobile news
google,neutral,126509226720903168,Wed Oct 19 04:05:24 +0000 2011,Samsung And Google Announce Galaxy Nexus http://t.co/I6r95xgK #samsung #galaxy #nexus #google #android #ICS #news #tech,Neutral,samsung google announce galaxy nexus samsung galaxy nexus google android ic news tech
google,neutral,126509135842914304,Wed Oct 19 04:05:03 +0000 2011,Newest version of my (and @latc214's) phone (and a new version of Android) announced today. http://t.co/7acjrKIN #nexus #google #samsung,Neutral,newest version phone new version android announced today nexus google samsung
google,neutral,126508885992415232,Wed Oct 19 04:04:03 +0000 2011,#Google's #Android 4.0 Development Plan: Make Android Prettier http://t.co/7X0OFPuq @paidcontent,Neutral,google android development plan make android prettier
google,neutral,126508842367463424,Wed Oct 19 04:03:53 +0000 2011,#Google springs #IceCreamSandwich on Samsung #GalaxyNexus smartphone. Android tablets soon? http://t.co/yyU5q0I7 (TabTimes),Neutral,google spring icecreamsandwich samsung galaxynexus smartphone android tablet soon tabtimes
google,neutral,126508789254979584,Wed Oct 19 04:03:40 +0000 2011,It tells you where to find your next drink. RT @RoycinD: What the fuck is a Barometer doing in a phone? Eh? #ICS #google #galaxynexus,Neutral,tell find next drink rt fuck barometer phone eh ic google galaxynexus
google,neutral,126508753997668352,Wed Oct 19 04:03:32 +0000 2011,"Good To Read: Google steps up its privacy game, launches Good To Know (ZDNet - Oct.18) #google http://t.co/qKthMjwo",Neutral,good read google step privacy game launch good know zdnet oct google
google,neutral,126508642060083200,Wed Oct 19 04:03:05 +0000 2011,"Thank you, Internet, for allowing me to be Bunny Watson for my friends. #google #imdb #allmusic",Neutral,thank internet allowing bunny watson friend google imdb allmusic
google,neutral,126508398522019840,Wed Oct 19 04:02:07 +0000 2011,#Google weiterhin auf der Erfolgsspur http://t.co/lf3RkTcJ,Neutral,google weiterhin auf der erfolgsspur
google,neutral,126508044187217920,Wed Oct 19 04:00:42 +0000 2011,Well we should knw that this isnt the app from #google unlike #Apple.,Neutral,well knw isnt app google unlike apple
google,neutral,126508037400825857,Wed Oct 19 04:00:41 +0000 2011,Samsung e o Google lançam hoje o Galaxy Nexus e o Android 4.0 http://t.co/PW4KRE0F #google #samsung,Neutral,samsung google lanam hoje galaxy nexus android google samsung
google,neutral,126508035416928256,Wed Oct 19 04:00:40 +0000 2011,RT @BatzayaB: #Google #Android Ice Cream Sandwich 4.0 (photos) http://t.co/XlJBYgIS,Neutral,rt google android ice cream sandwich photo
google,neutral,126507982543532034,Wed Oct 19 04:00:28 +0000 2011,#Google #Android Ice Cream Sandwich 4.0 (photos) http://t.co/iK3Iq8KR,Neutral,google android ice cream sandwich photo
google,neutral,126507925337411584,Wed Oct 19 04:00:14 +0000 2011,"#Google #Galaxy #Nexus, Miam !

http://t.co/8UpG3BOg",Neutral,google galaxy nexus miam
google,neutral,126507911844339712,Wed Oct 19 04:00:11 +0000 2011,On Google+ then go here http://t.co/VS0UJozD #GPlus #Googleplus #Google #teamfollowback #socialnetwork,Neutral,google go gplus googleplus google teamfollowback socialnetwork
google,neutral,126507657472393216,Wed Oct 19 03:59:10 +0000 2011,#Google Unwrapping Ice Cream Sandwich on the Galaxy Nexus http://t.co/D7ntPaIt,Neutral,google unwrapping ice cream sandwich galaxy nexus
google,neutral,126507418539671552,Wed Oct 19 03:58:13 +0000 2011,Google Galaxy Nexus http://t.co/vWpuA2gt #google #galaxynexus #android #ICS,Neutral,google galaxy nexus google galaxynexus android ic
google,neutral,126506926069645312,Wed Oct 19 03:56:16 +0000 2011,Some people should not post replies in #Google+ threads. Their posts only continue to weaken their creditbility.,Neutral,people post reply google thread post continue weaken creditbility
google,neutral,126506902145347584,Wed Oct 19 03:56:10 +0000 2011,#Android #Google Android 4.0 (Ice Cream Sandwich) SDK and ADT 14 Released http://t.co/wG9xoNkg #DhilipSiva,Neutral,android google android ice cream sandwich sdk adt released dhilipsiva
google,neutral,126506895124086784,Wed Oct 19 03:56:08 +0000 2011,"#Android #Google Official Galaxy Nexus Site Goes Live, Highlights Ice Cream Sandwich And Galaxy Nexus... http://t.co/4ijvupvq #DhilipSiva",Neutral,android google official galaxy nexus site go live highlight ice cream sandwich galaxy nexus dhilipsiva
google,neutral,126506846499520512,Wed Oct 19 03:55:57 +0000 2011,Reading: Android 4.0 'Ice Cream Sandwich' Features Announced By Google (HuffPost- Oct.18) #google http://t.co/wmqNPcLV,Neutral,reading android ice cream sandwich feature announced google huffpost oct google
google,neutral,126506795958153216,Wed Oct 19 03:55:45 +0000 2011,Galaxy Nexus #Android ICS barometer will undoubtedly be used to add 3D to #Google Maps.,Neutral,galaxy nexus android ic barometer undoubtedly used add google map
google,neutral,126506701259157504,Wed Oct 19 03:55:22 +0000 2011,#Google+,Neutral,google
google,neutral,126506651271430144,Wed Oct 19 03:55:10 +0000 2011,@dwtalker that's some tough competition right there http://t.co/XP9LhjpR #TechWar #Google #Facebook #Apple #Amazon,Neutral,thats tough competition right techwar google facebook apple amazon
google,neutral,126506310228377600,Wed Oct 19 03:53:49 +0000 2011,#Android #Google Calling all speed demons - Galaxy Nexus! http://t.co/kma7ZnAf #DhilipSiva,Neutral,android google calling speed demon galaxy nexus dhilipsiva
google,neutral,126506306201858049,Wed Oct 19 03:53:48 +0000 2011,#Android #Google Android Beam makes NFC for more than paying for things http://t.co/dxrbxjkB #DhilipSiva,Neutral,android google android beam make nfc paying thing dhilipsiva
google,neutral,126506273662447616,Wed Oct 19 03:53:40 +0000 2011,Calling all speed demons - Galaxy Nexus! http://t.co/7OyVuqdq  #android #google,Neutral,calling speed demon galaxy nexus android google
google,neutral,126506272152502272,Wed Oct 19 03:53:40 +0000 2011,Android Beam makes NFC for more than paying for things http://t.co/3wKMrcTL  #android #google,Neutral,android beam make nfc paying thing android google
google,neutral,126506232432439296,Wed Oct 19 03:53:30 +0000 2011,"#Google Docs presentations get real-time collaboration, transition effects and more #SocialMedia #SMM http://t.co/ekdJXo5h",Neutral,google doc presentation get realtime collaboration transition effect socialmedia smm
google,neutral,126505781553147904,Wed Oct 19 03:51:43 +0000 2011,Yeni Galaxy Nexus - http://t.co/QZcbA4Bx #google #galaxynexus,Neutral,yeni galaxy nexus google galaxynexus
google,neutral,126505768299147264,Wed Oct 19 03:51:40 +0000 2011,www.google.com/googlenexus #google #android #icecreamsandwich #googlenexus,Neutral,google android icecreamsandwich googlenexus
google,neutral,126505670446022656,Wed Oct 19 03:51:16 +0000 2011,RT @MikeMcCready: Don’t Cast Your Google Adwords Net Too Wide | Mike McCready http://t.co/ms06fehi #google #adwords,Neutral,rt dont cast google adwords net wide mike mccready google adwords
google,neutral,126505612690456576,Wed Oct 19 03:51:03 +0000 2011,"#Google, #Samsung unveil Ice Cream Sandwich powered Galaxy Nexus.. #Android4.0",Neutral,google samsung unveil ice cream sandwich powered galaxy nexus android
google,neutral,126505607116238848,Wed Oct 19 03:51:01 +0000 2011,I'm thinking seriously to make my own page in #wikipedia just to find myself in #google.,Neutral,im thinking seriously make page wikipedia find google
google,neutral,126505469601775616,Wed Oct 19 03:50:28 +0000 2011,#Google is introducing #GalaxyNexus. You can unlock you phone by smile. Other then that....get an iPhone.,Neutral,google introducing galaxynexus unlock phone smile thatget iphone
google,neutral,126505424823402496,Wed Oct 19 03:50:18 +0000 2011,Unwrapping Ice Cream Sandwich on the Galaxy Nexus http://t.co/9IvTJkit #Google,Neutral,unwrapping ice cream sandwich galaxy nexus google
google,neutral,126505412068511745,Wed Oct 19 03:50:15 +0000 2011,Unwrapping Ice Cream Sandwich on the Galaxy Nexus http://t.co/QoXd3I0s #google,Neutral,unwrapping ice cream sandwich galaxy nexus google
google,neutral,126505392191705088,Wed Oct 19 03:50:10 +0000 2011,"Update : Google Officially calls Android Ice Cream Sandwich, Shouts Android 4.0 http://t.co/zzRuwrSk  #google #ics #android4",Neutral,update google officially call android ice cream sandwich shout android google ic android
google,neutral,126505364307984384,Wed Oct 19 03:50:03 +0000 2011,116 new #jobs posting for #google http://t.co/XfG6l29D  #jobely,Neutral,new job posting google jobely
google,neutral,126505359161573377,Wed Oct 19 03:50:02 +0000 2011,Is Google Analytics Reverse-Engineering Facebook?: http://t.co/mJHRoa7L #google #facebook #media #digitalstrategy,Neutral,google analytics reverseengineering facebook google facebook medium digitalstrategy
google,neutral,126505133587709953,Wed Oct 19 03:49:08 +0000 2011,RT “@Ant0ineH: Twitter Will Beat #Google+ And #Facebook With Simplicity- #Twitter CEO http://t.co/melkHdb7” Beat? You aren't competitors…,Neutral,rt twitter beat google facebook simplicity twitter ceo beat arent competitor
google,neutral,126505125853401088,Wed Oct 19 03:49:07 +0000 2011,RT @meko2301: #Google #Android #ICS #IceCreamSandwich,Neutral,rt google android ic icecreamsandwich
google,neutral,126505094664568833,Wed Oct 19 03:48:59 +0000 2011,who the hell is #ambercole?? i dont feel like i care enough to #google this bitch so ill ask you guys!,Neutral,hell ambercole dont feel like care enough google bitch ill ask guy
google,neutral,126505086041067520,Wed Oct 19 03:48:57 +0000 2011,Posting on #twitter about #google+ suggesting I add Tom from #myspace I think the universe just exploded. #justsayin,Neutral,posting twitter google suggesting add tom myspace think universe exploded justsayin
google,neutral,126504998799552513,Wed Oct 19 03:48:36 +0000 2011,#Pearson and #Google take advantage of the profound lack of LMS PD with their new offering http://t.co/4RsRDU4G Also do not do reporting,Neutral,pearson google take advantage profound lack lm pd new offering also reporting
google,neutral,126504923687960576,Wed Oct 19 03:48:18 +0000 2011,Unwrapping Ice Cream Sandwich on the Galaxy Nexus http://t.co/qukDb5lb #google #mobile,Neutral,unwrapping ice cream sandwich galaxy nexus google mobile
google,neutral,126504910844989440,Wed Oct 19 03:48:15 +0000 2011,#Google #Android #ICS #IceCreamSandwich,Neutral,google android ic icecreamsandwich
google,neutral,126504893354741760,Wed Oct 19 03:48:11 +0000 2011,http://t.co/pUvXwjjc How do #CMM & #BBC get #massive #hits? Is #Google @ work? blogspot http://t.co/KPdXWPEB wp http://t.co/31g0geqy,Neutral,cmm bbc get massive hit google work blogspot wp
google,neutral,126504842469457922,Wed Oct 19 03:47:59 +0000 2011,"Google Reveals the Details of Android OS 4.0, Samsung Galaxy Nexus http://t.co/KyxuNP8I #google #android #samsung",Neutral,google reveals detail android o samsung galaxy nexus google android samsung
google,neutral,126504774047772672,Wed Oct 19 03:47:43 +0000 2011,#google must b having sum underlying reasoning 4 naming products after eatables #eclair #gingerbread #icecream #rawadosa #android,Neutral,google must sum underlying reasoning naming product eatable eclair gingerbread icecream rawadosa android
google,neutral,126504709036056576,Wed Oct 19 03:47:27 +0000 2011,Installing the Ice Cream Sandwich SDK #android #google,Neutral,installing ice cream sandwich sdk android google
google,neutral,126504479595044864,Wed Oct 19 03:46:32 +0000 2011,nothing like saying 'screw you' to a bad real estate company on 7 different social pages! #google #citysearch #yellowpages #yelp #yahoo ...,Neutral,nothing like saying screw bad real estate company different social page google citysearch yellowpages yelp yahoo
google,neutral,126504427275300864,Wed Oct 19 03:46:20 +0000 2011,Cool Infographic: Perks working for the big techs like #Google & #Facebook | http://t.co/lNEgf7Kn,Neutral,cool infographic perk working big tech like google facebook
google,neutral,126504377862205441,Wed Oct 19 03:46:08 +0000 2011,On Google+ then go here http://t.co/K6BggvDx #GPlus #Googleplus #Google #teamfollowback #socialnetwork,Neutral,google go gplus googleplus google teamfollowback socialnetwork
google,neutral,126504319859175424,Wed Oct 19 03:45:54 +0000 2011,#Google To Begin Encrypting Searches & Outbound Clicks By Default With SSL Search http://t.co/xW7vh75e,Neutral,google begin encrypting search outbound click default ssl search
google,neutral,126504126665334784,Wed Oct 19 03:45:08 +0000 2011,#droidtweak #Video: #IceCreamSandwich on the #GalaxyNexus http://t.co/vBcl0OzP #googlephone #nexus1 #NexusS #google,Neutral,droidtweak video icecreamsandwich galaxynexus googlephone nexus nexus google
google,neutral,126504115508494337,Wed Oct 19 03:45:06 +0000 2011,Galaxy Nexus – the first Ice Cream Sandwich phone coming to Verizon http://t.co/BiPvBdxz  #android #google,Neutral,galaxy nexus first ice cream sandwich phone coming verizon android google
google,neutral,126504077831045122,Wed Oct 19 03:44:57 +0000 2011,is oxycodone and nyquil a bad mix? lol .. I don't think so but.. #ineedadoctor and I'm to lazy to use #google,Neutral,oxycodone nyquil bad mix lol dont think ineedadoctor im lazy use google
google,neutral,126503993768804352,Wed Oct 19 03:44:37 +0000 2011,Big Money... http://t.co/Ms6AwiX4 #seo #search #google #hack #sem #it #business #web #marketing #online #yes #hot #winning,Neutral,big money seo search google hack sem business web marketing online yes hot winning
google,neutral,126503947560165376,Wed Oct 19 03:44:26 +0000 2011,RT @RUILIFESTYLE: #GOOGLE THE MIXTAPE http://t.co/v8zTtNVV,Neutral,rt google mixtape
google,neutral,126503706760974337,Wed Oct 19 03:43:28 +0000 2011,#Android #Google Meet the Samsung Galaxy Nexus and Ice Cream Sandwich http://t.co/2VWXzReW #DhilipSiva,Neutral,android google meet samsung galaxy nexus ice cream sandwich dhilipsiva
google,neutral,126503703514578944,Wed Oct 19 03:43:27 +0000 2011,#Samsung Galaxy Nexus is now confirmed http://t.co/v4LR34p3 #googlenews #mobile #android40icecreamsandwich #google,Neutral,samsung galaxy nexus confirmed googlenews mobile androidicecreamsandwich google
google,neutral,126503693355982849,Wed Oct 19 03:43:25 +0000 2011,#Android #Google Android 4.0 SDK now available http://t.co/HI1cQ2si #DhilipSiva,Neutral,android google android sdk available dhilipsiva
google,neutral,126503688595447810,Wed Oct 19 03:43:24 +0000 2011,#Android #Google Samsung Galaxy Nexus release details still in short supply http://t.co/s6A7Y9WT #DhilipSiva,Neutral,android google samsung galaxy nexus release detail still short supply dhilipsiva
google,neutral,126503683142852608,Wed Oct 19 03:43:23 +0000 2011,#Android #Google Samsung Galaxy Nexus hands-on roundup http://t.co/RE1EnpaU #DhilipSiva,Neutral,android google samsung galaxy nexus handson roundup dhilipsiva
google,neutral,126503627706732544,Wed Oct 19 03:43:09 +0000 2011,Don’t Cast Your Google Adwords Net Too Wide | Mike McCready http://t.co/ms06fehi #google #adwords,Neutral,dont cast google adwords net wide mike mccready google adwords
google,neutral,126503364103118848,Wed Oct 19 03:42:06 +0000 2011,Unwrapping Ice Cream Sandwich on the Galaxy Nexus http://t.co/TCKtgpBH #Google,Neutral,unwrapping ice cream sandwich galaxy nexus google
google,neutral,126503349657935872,Wed Oct 19 03:42:03 +0000 2011,"Google details Android 4.0 Ice Cream Sandwich, offers SDK http://t.co/mShfEQe6 #Android #Google",Neutral,google detail android ice cream sandwich offer sdk android google
google,neutral,126503348613558272,Wed Oct 19 03:42:03 +0000 2011,"Google details Android 4.0 Ice Cream Sandwich, offers SDK http://t.co/66fHUs6n #Android #Google",Neutral,google detail android ice cream sandwich offer sdk android google
google,neutral,126503090487705601,Wed Oct 19 03:41:01 +0000 2011,Dennis Goedegebuure’s Thoughts on Changes in #Google Analytics: I contacted Dennis and asked… http://t.co/okCwNrpq,Neutral,dennis goedegebuures thought change google analytics contacted dennis asked
google,neutral,126503088461848576,Wed Oct 19 03:41:01 +0000 2011,"Article Recap on the #Google Analytics ""Secure"" Change: Here are some articles we found after… http://t.co/RPTLWMLo",Neutral,article recap google analytics secure change article found
google,neutral,126502770130960384,Wed Oct 19 03:39:45 +0000 2011,#Google releases an Infinite Digital Bookcase http://t.co/FbvZq8Yp by @MeghanKel,Neutral,google release infinite digital bookcase
google,neutral,126502761608122368,Wed Oct 19 03:39:43 +0000 2011,"Check out "" @Legiondachosen1 ft. Big Hit - My Life's A Movie (snippet) - Prod. by @LegiondaChosen1"" - http://t.co/XjTCc7j7 #Google Me!!",Neutral,check ft big hit life movie snippet prod google
google,neutral,126502730264088576,Wed Oct 19 03:39:35 +0000 2011,Massive Galaxy Nexus/Ice Cream Sandwich Recap. - http://t.co/I8SW5Udz #galaxynexus #Google #ics #Samsung,Neutral,massive galaxy nexusice cream sandwich recap galaxynexus google ic samsung
google,neutral,126502630578069504,Wed Oct 19 03:39:12 +0000 2011,#Android #Google Three UK to carry Samsung Galaxy Nexus http://t.co/Lt4m2HH4 #DhilipSiva,Neutral,android google three uk carry samsung galaxy nexus dhilipsiva
google,neutral,126502626085969920,Wed Oct 19 03:39:11 +0000 2011,#Android #Google Google updates Nexus site with Galaxy Nexus details http://t.co/BeckhmA1 #DhilipSiva,Neutral,android google google update nexus site galaxy nexus detail dhilipsiva
google,neutral,126502616128684032,Wed Oct 19 03:39:08 +0000 2011,Three UK to carry Samsung Galaxy Nexus http://t.co/SwvAcbxC  #android #google,Neutral,three uk carry samsung galaxy nexus android google
google,neutral,126502614086070273,Wed Oct 19 03:39:08 +0000 2011,Google updates Nexus site with Galaxy Nexus details http://t.co/LaSn4ol0  #android #google,Neutral,google update nexus site galaxy nexus detail android google
google,neutral,126502326356815872,Wed Oct 19 03:37:59 +0000 2011,"RT @tatn: #Google, #Samsung unveil Ice Cream Sandwich-powered Galaxy Nexus http://t.co/uY7KWJiY via @CNET #Android",Neutral,rt google samsung unveil ice cream sandwichpowered galaxy nexus via android
google,neutral,126502296916987904,Wed Oct 19 03:37:52 +0000 2011,"#Google, #Samsung Add ’Ice Cream Sandwich’ Phone http://t.co/oOdugpqG $AAPL $GOOG #hitech #gadgets #mkt #digital",Neutral,google samsung add ice cream sandwich phone aapl goog hitech gadget mkt digital
google,neutral,126502291799945217,Wed Oct 19 03:37:51 +0000 2011,"#google+ ...thoughts? to sign up or not to sign up, that is the question...",Neutral,google thought sign sign question
google,neutral,126502250041454593,Wed Oct 19 03:37:41 +0000 2011,"#Google Ice Cream Sandwich, Nexus Prime Launch [LIVE BLOG] http://t.co/YD4FBog3 #uncategorized #android",Neutral,google ice cream sandwich nexus prime launch live blog uncategorized android
google,neutral,126502128737976321,Wed Oct 19 03:37:12 +0000 2011,#Google has been released #Android 4.0 platform http://t.co/mvdCD0v8,Neutral,google released android platform
google,neutral,126502101944778752,Wed Oct 19 03:37:06 +0000 2011,#Google Defaults to Encrypted HTTPS #Searches for Logged In Users [#Security] http://t.co/kzMZDxmE,Neutral,google default encrypted http search logged user security
google,neutral,126502100308996097,Wed Oct 19 03:37:05 +0000 2011,"#Android #Google Samsung's Galaxy Nexus - It's Official, It's Headed For Global Availability, And It's... http://t.co/TI9Hy8LW #DhilipSiva",Neutral,android google samsungs galaxy nexus official headed global availability dhilipsiva
google,neutral,126501988132327425,Wed Oct 19 03:36:38 +0000 2011,"Personal-finance #security #startup @BillGuard raises $10mn from #KhoslaVentures, Peter Thiel’s @FoundersFund n #Google http://t.co/UdlOQFsA",Neutral,personalfinance security startup raise mn khoslaventures peter thiels google
google,neutral,126501882331017216,Wed Oct 19 03:36:13 +0000 2011,#google just invented #mango taste #icecream. even the #roboto is so #segoe. but it's ok. every oem will have to pay #ms anyway... LOL.,Neutral,google invented mango taste icecream even roboto segoe ok every oem pay m anyway lol
google,neutral,126501647378690048,Wed Oct 19 03:35:17 +0000 2011,Embed Google Calendar To Your Wordpress Post: http://t.co/ah8km2JF #wordpress #google,Neutral,embed google calendar wordpress post wordpress google
google,neutral,126501582274707457,Wed Oct 19 03:35:02 +0000 2011,#Google To Begin Encrypting Searches & Outbound Clicks By Default With SSL Search http://t.co/bf5zVm0U @searchengineland,Neutral,google begin encrypting search outbound click default ssl search
google,neutral,126501535160074240,Wed Oct 19 03:34:50 +0000 2011,"#samsung #google #galaxynexus We got the lowdown after the Hong Kong press release, check it out: http://t.co/OWhYR0YJ",Neutral,samsung google galaxynexus got lowdown hong kong press release check
google,neutral,126501463752060928,Wed Oct 19 03:34:33 +0000 2011,"#google #IceCreamSandwich #Samsung #Updates #Android | 
Galaxy Nexus with Ice Cream Sandwich: pictures http://t.co/lfpPk5Yk",Neutral,google icecreamsandwich samsung update android galaxy nexus ice cream sandwich picture
google,neutral,126501463726899200,Wed Oct 19 03:34:33 +0000 2011,"#google #IceCreamSandwich #Samsung #Updates #Android | 
Galaxy Nexus with Ice Cream Sandwich: pictures http://t.co/qD1bqVm8",Neutral,google icecreamsandwich samsung update android galaxy nexus ice cream sandwich picture
google,neutral,126501463672369152,Wed Oct 19 03:34:33 +0000 2011,"#google #IceCreamSandwich #Samsung #Updates #Android | 
Galaxy Nexus with Ice Cream Sandwich: pictures http://t.co/eizExUn0",Neutral,google icecreamsandwich samsung update android galaxy nexus ice cream sandwich picture
google,neutral,126501463663976448,Wed Oct 19 03:34:33 +0000 2011,"#google #IceCreamSandwich #Samsung #Updates #Android | 
Galaxy Nexus with Ice Cream Sandwich: pictures http://t.co/DGGsNOh2",Neutral,google icecreamsandwich samsung update android galaxy nexus ice cream sandwich picture
google,neutral,126501463659790337,Wed Oct 19 03:34:33 +0000 2011,"#google #IceCreamSandwich #Samsung #Updates #Android | 
Galaxy Nexus with Ice Cream Sandwich: pictures http://t.co/XPGHLC2o",Neutral,google icecreamsandwich samsung update android galaxy nexus ice cream sandwich picture
google,neutral,126501463626223616,Wed Oct 19 03:34:33 +0000 2011,"#google #IceCreamSandwich #Samsung #Updates #Android | 
Galaxy Nexus with Ice Cream Sandwich: pictures http://t.co/rUkTyUJC",Neutral,google icecreamsandwich samsung update android galaxy nexus ice cream sandwich picture
google,neutral,126501463554924544,Wed Oct 19 03:34:33 +0000 2011,"#google #IceCreamSandwich #Samsung #Updates #Android | 
Galaxy Nexus with Ice Cream Sandwich: pictures http://t.co/3GC0UEPM",Neutral,google icecreamsandwich samsung update android galaxy nexus ice cream sandwich picture
google,neutral,126501463529754624,Wed Oct 19 03:34:33 +0000 2011,"#google #IceCreamSandwich #Samsung #Updates #Android | 
Galaxy Nexus with Ice Cream Sandwich: pictures http://t.co/STIfQWTU",Neutral,google icecreamsandwich samsung update android galaxy nexus ice cream sandwich picture
google,neutral,126501463487815680,Wed Oct 19 03:34:33 +0000 2011,"#google #IceCreamSandwich #Samsung #Updates #Android | 
Galaxy Nexus with Ice Cream Sandwich: pictures http://t.co/8fiwDhcC",Neutral,google icecreamsandwich samsung update android galaxy nexus ice cream sandwich picture
google,neutral,126501428897382400,Wed Oct 19 03:34:25 +0000 2011,#SEO Tip:Redirect http://t.co/IWeHzOqX to http://t.co/YQYNjBdy by using 301 redirection. #google #yahoo #bing #web,Neutral,seo tipredirect using redirection google yahoo bing web
google,neutral,126501392163684353,Wed Oct 19 03:34:16 +0000 2011,#Google #Cloud Epson Artisan 837: According to Epson you can also upgrade the printer to support Google Clo... http://t.co/D6gFyji3 #TCN,Neutral,google cloud epson artisan according epson also upgrade printer support google clo tcn
google,neutral,126501360089825280,Wed Oct 19 03:34:09 +0000 2011,Chrome Experiment - WebGL Bookcase - http://t.co/1GNsOwmu #Google,Neutral,chrome experiment webgl bookcase google
google,neutral,126501176559677441,Wed Oct 19 03:33:25 +0000 2011,Word of Mouth and the Internet - YouTube http://t.co/UCD9sDx4 #google #searching #wom,Neutral,word mouth internet youtube google searching wom
google,neutral,126501155999203328,Wed Oct 19 03:33:20 +0000 2011,@AtlantaSnoop yea I've seen my #location waaaay off on #google sites. Not a big deal but still strange. #spookygoogle,Neutral,yea ive seen location waaaay google site big deal still strange spookygoogle
google,neutral,126500867280093184,Wed Oct 19 03:32:11 +0000 2011,#Android #Google Galaxy Nexus Site is Live: Register and Relive the New Features http://t.co/7llRSpUO #DhilipSiva,Neutral,android google galaxy nexus site live register relive new feature dhilipsiva
google,neutral,126500856026771456,Wed Oct 19 03:32:09 +0000 2011,On Google+ then go here http://t.co/iLjdQBpT #GPlus #Googleplus #Google #teamfollowback #socialnetwork,Neutral,google go gplus googleplus google teamfollowback socialnetwork
google,neutral,126500659833995265,Wed Oct 19 03:31:22 +0000 2011,#Google & Samsung announced their (hopeful) rebuttal to iPhone 4S tonight... site shows nice specs but no carriers yet. http://t.co/Z8SDgUT9,Neutral,google samsung announced hopeful rebuttal iphone tonight site show nice spec carrier yet
google,neutral,126500532478148610,Wed Oct 19 03:30:51 +0000 2011,RT @GWGoddess: We could have told you this two years ago! http://t.co/6BZ6W7cf @Novell #GroupWise #Google,Neutral,rt could told two year ago groupwise google
google,neutral,126500276994711553,Wed Oct 19 03:29:50 +0000 2011,@Affan Fact! They still do everything better though #google,Neutral,fact still everything better though google
google,neutral,126500259974234112,Wed Oct 19 03:29:46 +0000 2011,@jpobrien11 or windows bridge for windows phones and don't try and pretend apple didn't steal the notification bar from #google #droidtweets,Neutral,window bridge window phone dont try pretend apple didnt steal notification bar google droidtweets
google,neutral,126500105762250752,Wed Oct 19 03:29:10 +0000 2011,What could a bookcase look like in 10 years...maybe this? http://t.co/i6YWQ7oR  #google #books,Neutral,could bookcase look like yearsmaybe google book
google,neutral,126499963176886272,Wed Oct 19 03:28:36 +0000 2011,And thanks to TWIT's AAA crew for the live coverage of the #Google / Samsung announcement!,Neutral,thanks twit aaa crew live coverage google samsung announcement
google,neutral,126499722805522433,Wed Oct 19 03:27:38 +0000 2011,Check%RT @CadientGroup: $6% of women use #Google for info on health care vs 28% of men -&gt; http://t.co/QEfhPgX2 (via @nicolaziady) #hcsmeu,Neutral,checkrt woman use google info health care v men gt via hcsmeu
google,neutral,126499712164560896,Wed Oct 19 03:27:36 +0000 2011,Infinite digital dusting RT @VentureBeat: #Google releases an Infinite Digital Bookcase http://t.co/8m7gN6iN,Neutral,infinite digital dusting rt google release infinite digital bookcase
google,neutral,126499577443532801,Wed Oct 19 03:27:04 +0000 2011,The competition: #Google introduces #Android 4.0 Ice Cream Sandwich and the Galaxy Nexus http://t.co/PCu88z7j,Neutral,competition google introduces android ice cream sandwich galaxy nexus
google,neutral,126499521822867458,Wed Oct 19 03:26:50 +0000 2011,"Hide the women and children, break out the guns, #Google is going to encrypt your searches by default! http://t.co/2VbCGLgp #SEO",Neutral,hide woman child break gun google going encrypt search default seo
google,neutral,126499346022805504,Wed Oct 19 03:26:08 +0000 2011,#Android #Google Android 4.0 Ice Cream Sandwich SDK is available today http://t.co/mTnbj9hD #DhilipSiva,Neutral,android google android ice cream sandwich sdk available today dhilipsiva
google,neutral,126499314393546752,Wed Oct 19 03:26:01 +0000 2011,RT @BrightSideNews: @Google and @Samsung Announce the #Galaxy #Nexus http://t.co/dZHvFxVh #Android #ICS #Icecreamsandwich #Google #Samsung,Neutral,rt announce galaxy nexus android ic icecreamsandwich google samsung
google,neutral,126499307284217856,Wed Oct 19 03:25:59 +0000 2011,So #Google #Droid is built (in part) using the bouncy castle C# api. C# is a  Microsoft programming language. +1 for all you #Linux Fanboys,Neutral,google droid built part using bouncy castle api microsoft programming language linux fanboys
google,neutral,126499293895987201,Wed Oct 19 03:25:56 +0000 2011,My thoughts on tonight's #Google Ice Cream Sandwich and #Samsung Galaxy Nexus talk: http://t.co/gu7ScKXL,Neutral,thought tonight google ice cream sandwich samsung galaxy nexus talk
google,neutral,126499217807122433,Wed Oct 19 03:25:38 +0000 2011,#Galaxy #Nexus Officially Announced At Hong Kong Event http://t.co/wMy6LoCd #google,Neutral,galaxy nexus officially announced hong kong event google
google,neutral,126498840831475712,Wed Oct 19 03:24:08 +0000 2011,#Android #Google Ice Cream Sandwich SDK now available http://t.co/K0tksZ1O #DhilipSiva,Neutral,android google ice cream sandwich sdk available dhilipsiva
google,neutral,126498825992019969,Wed Oct 19 03:24:05 +0000 2011,Ice Cream Sandwich SDK now available http://t.co/ZOgECNER  #android #google,Neutral,ice cream sandwich sdk available android google
google,neutral,126498759143211008,Wed Oct 19 03:23:49 +0000 2011,@csg122 http://t.co/TBxLrvin Hopefully you check twitter often enough to find this article. :D #google #ICS,Neutral,hopefully check twitter often enough find article google ic
google,neutral,126498660811935744,Wed Oct 19 03:23:25 +0000 2011,Why is everyone hating on #Android #IceCreamSandwich? #ICS #everyoneisacritic #os #google,Neutral,everyone hating android icecreamsandwich ic everyoneisacritic o google
google,neutral,126498593770184704,Wed Oct 19 03:23:09 +0000 2011,#Android #Google Galaxy Nexus Press Release http://t.co/JKrzYGBO #DhilipSiva,Neutral,android google galaxy nexus press release dhilipsiva
google,neutral,126498481534808064,Wed Oct 19 03:22:42 +0000 2011,engineers #google Manny Marroquin #MannyMarroquin,Neutral,engineer google manny marroquin mannymarroquin
google,neutral,126498259228303360,Wed Oct 19 03:21:49 +0000 2011,@Google and @Samsung Announce the #Galaxy #Nexus http://t.co/dZHvFxVh #Android #ICS #Icecreamsandwich #Google #Samsung,Neutral,announce galaxy nexus android ic icecreamsandwich google samsung
google,neutral,126498101124005889,Wed Oct 19 03:21:12 +0000 2011,"Will the #Galaxy #Nexus be coming to #Sprint? No mention of price, carriers, or source release for ICS. Give us those info #Google!",Neutral,galaxy nexus coming sprint mention price carrier source release ic give u info google
google,neutral,126497969972330497,Wed Oct 19 03:20:40 +0000 2011,"RT @aalkhubaizi: Introducing Android 4.0, Ice Cream SandwichIntroducing Android 4.0, Ice Cream Sandwich http://t.co/L4Hqkv0c #Google #An ...",Neutral,rt introducing android ice cream sandwichintroducing android ice cream sandwich google
google,neutral,126497822009860096,Wed Oct 19 03:20:05 +0000 2011,"#Advertising #Blog Today's blog covers the #IGen and #Google's ""Parisian Love"" Debating with @smarch323 for your votes! http://t.co/x3JY4b2L",Neutral,advertising blog today blog cover igen google parisian love debating vote
google,neutral,126497642493648897,Wed Oct 19 03:19:22 +0000 2011,RT @DarkoIvancevic: How #Google Ventures Chooses Which Startups Get Its $200 Million http://t.co/9WDpnVDR,Neutral,rt google venture chooses startup get million
google,neutral,126497423815213056,Wed Oct 19 03:18:30 +0000 2011,Siri's Search Capabilities vs Google Voice Search on Android - Tested http://t.co/YKiFTufX #apple #google #voip,Neutral,siris search capability v google voice search android tested apple google voip
google,neutral,126497346870718464,Wed Oct 19 03:18:12 +0000 2011,#Google announces #NFC-based #Android Beam for sharing between phones http://t.co/5PAI7r8y,Neutral,google announces nfcbased android beam sharing phone
google,neutral,126497339933327360,Wed Oct 19 03:18:10 +0000 2011,#Google announces #NFC-based #Android Beam for sharing between phones http://t.co/zYKEr3ax via @engadget,Neutral,google announces nfcbased android beam sharing phone via
google,neutral,126497339073495040,Wed Oct 19 03:18:10 +0000 2011,"#Android #Google Android 4.0 Ice Cream Sandwich Official, SDK Now Available http://t.co/rXuPIW2U #DhilipSiva",Neutral,android google android ice cream sandwich official sdk available dhilipsiva
google,neutral,126497335831306240,Wed Oct 19 03:18:09 +0000 2011,On Google+ then go here http://t.co/kDHaUfDl #GPlus #Googleplus #Google #teamfollowback #socialnetwork,Neutral,google go gplus googleplus google teamfollowback socialnetwork
google,neutral,126497288301457408,Wed Oct 19 03:17:58 +0000 2011,"Samsung Galaxy Nexus - the new official Google smartphone with Android 4.0 ""Ice-Cream Sandwich"" http://t.co/S8hSL06q #Google #Android",Neutral,samsung galaxy nexus new official google smartphone android icecream sandwich google android
google,neutral,126497256382803968,Wed Oct 19 03:17:50 +0000 2011,#Google releases the latest version of #Android 4.0  #IceCreamSandwich http://t.co/fB7y5E1e,Neutral,google release latest version android icecreamsandwich
google,neutral,126497160345829376,Wed Oct 19 03:17:27 +0000 2011,"Also, I maybe missing something here. But I thought #Google bought #Motorola Mobile? So, what's with all the #Samsung Love??",Neutral,also maybe missing something thought google bought motorola mobile whats samsung love
google,neutral,126497100866387969,Wed Oct 19 03:17:13 +0000 2011,ahahaa for the twitpic... the power of #google,Neutral,ahahaa twitpic power google
google,neutral,126497008197435392,Wed Oct 19 03:16:51 +0000 2011,"Google unveils Ice Cream Sandwich, SDK is available now http://t.co/901Ay8Qr via @talkandroid #ics #google #android #samsung #galaxynexus",Neutral,google unveils ice cream sandwich sdk available via ic google android samsung galaxynexus
google,neutral,126496951746301952,Wed Oct 19 03:16:38 +0000 2011,"RT @whymicrosoft: Google’s Ad revenue for Q3 was 96% of total revenue. So, are #Google customers the commodity being sold to advertisers?",Neutral,rt google ad revenue total revenue google customer commodity sold advertiser
google,neutral,126496930204352512,Wed Oct 19 03:16:33 +0000 2011,#Google #Samsung #GalaxyNexus http://t.co/1C5iEpPk,Neutral,google samsung galaxynexus
google,neutral,126496891797118976,Wed Oct 19 03:16:23 +0000 2011,RT @mashable #Google Launches #Android Ice Cream Sandwich OS http://t.co/zxfeb0ld,Neutral,rt google launch android ice cream sandwich o
google,neutral,126496853742198784,Wed Oct 19 03:16:14 +0000 2011,RT @mcala: #windowsphone Metro style has obviously impressed somebody at #Google. #imitation #flattery #Android 4.0,Neutral,rt windowsphone metro style obviously impressed somebody google imitation flattery android
google,neutral,126496835933179904,Wed Oct 19 03:16:10 +0000 2011,"#Android #Google Galaxy Nexus and Ice Cream Sandwich Promo Video Released, Verizon Spotted in... http://t.co/1niTrTzu #DhilipSiva",Neutral,android google galaxy nexus ice cream sandwich promo video released verizon spotted dhilipsiva
google,neutral,126496835920609280,Wed Oct 19 03:16:10 +0000 2011,#Google announces #NFC-based #Android Beam for sharing between phones http://t.co/dduu9ffd,Neutral,google announces nfcbased android beam sharing phone
google,neutral,126496802634612736,Wed Oct 19 03:16:02 +0000 2011,RT @dalmaer: WebGL infinite bookcase UI http://t.co/bvu1qtkT #google,Neutral,rt webgl infinite bookcase ui google
google,neutral,126496726143086592,Wed Oct 19 03:15:44 +0000 2011,#TeamGoogleNexus RT @B__Y #Google + #Samsung = Perfect #Icecream sandwich #GalaxyNexus,Neutral,teamgooglenexus rt google samsung perfect icecream sandwich galaxynexus
google,neutral,126496688163655680,Wed Oct 19 03:15:35 +0000 2011,#Google does away with #Buzz - http://t.co/uqMIQbBT #SearchEngine #Search #SocialNetworking #Social #Network,Neutral,google away buzz searchengine search socialnetworking social network
google,neutral,126496634120056832,Wed Oct 19 03:15:22 +0000 2011,Add me to your circles on #Google+,Neutral,add circle google
google,neutral,126496571541045248,Wed Oct 19 03:15:07 +0000 2011,"HNews: Google, Samsung unveil Ice Cream Sandwich-powered Galaxy Nexus http://t.co/elh77r4p #google #.net",Neutral,hnews google samsung unveil ice cream sandwichpowered galaxy nexus google net
google,neutral,126496553811709952,Wed Oct 19 03:15:03 +0000 2011,#Google Buzz to the junkyard along with four other services including Jaiku http://t.co/XzxMHuuu &gt; liked Jaiku,Neutral,google buzz junkyard along four service including jaiku gt liked jaiku
google,neutral,126496553748803586,Wed Oct 19 03:15:03 +0000 2011,#Google Buzz to the junkyard along with four other services including Jaiku http://t.co/lm79ZlWA &gt; liked Jaiku,Neutral,google buzz junkyard along four service including jaiku gt liked jaiku
google,neutral,126496493648609280,Wed Oct 19 03:14:48 +0000 2011,#Google (and #Twitter ) get ready for the debut of #IceCreamSandwich http://t.co/T36KZ6gf,Neutral,google twitter get ready debut icecreamsandwich
google,neutral,126496395132796929,Wed Oct 19 03:14:25 +0000 2011,#SEO Tip:Examine #Google #Analytics reports frequently.Check the conversion and bounce rate+analyze traffic sources,Neutral,seo tipexamine google analytics report frequentlycheck conversion bounce rateanalyze traffic source
google,neutral,126496303738912769,Wed Oct 19 03:14:03 +0000 2011,"3 new stuffs today, #Motorola #razr, #Samsung #Galaxy #Nexus, #Google #Android 4.0 #IceCreamSandwich #ICS ~",Neutral,new stuff today motorola razr samsung galaxy nexus google android icecreamsandwich ic
google,neutral,126496230984519680,Wed Oct 19 03:13:46 +0000 2011,Ever post something to the wrong circles?  #google+,Neutral,ever post something wrong circle google
google,neutral,126496228572790784,Wed Oct 19 03:13:45 +0000 2011,"Introducing Android 4.0, Ice Cream SandwichIntroducing Android 4.0, Ice Cream Sandwich http://t.co/L4Hqkv0c #Google #Android",Neutral,introducing android ice cream sandwichintroducing android ice cream sandwich google android
google,neutral,126496131554344960,Wed Oct 19 03:13:22 +0000 2011,Calling All #IceCreamSandwich Lovers | #Google & #Samsung Like in Hong Kong - A new look at what's new from Android http://t.co/rUkTyUJC,Neutral,calling icecreamsandwich lover google samsung like hong kong new look whats new android
google,neutral,126496131545960449,Wed Oct 19 03:13:22 +0000 2011,Calling All #IceCreamSandwich Lovers | #Google & #Samsung Like in Hong Kong - A new look at what's new from Android http://t.co/STIfQWTU,Neutral,calling icecreamsandwich lover google samsung like hong kong new look whats new android
google,neutral,126496131529183232,Wed Oct 19 03:13:22 +0000 2011,Calling All #IceCreamSandwich Lovers | #Google & #Samsung Like in Hong Kong - A new look at what's new from Android http://t.co/3GC0UEPM,Neutral,calling icecreamsandwich lover google samsung like hong kong new look whats new android
google,neutral,126496131441102848,Wed Oct 19 03:13:22 +0000 2011,Calling All #IceCreamSandwich Lovers | #Google & #Samsung Like in Hong Kong - A new look at what's new from Android http://t.co/qD1bqVm8,Neutral,calling icecreamsandwich lover google samsung like hong kong new look whats new android
google,neutral,126496131411742721,Wed Oct 19 03:13:22 +0000 2011,Calling All #IceCreamSandwich Lovers | #Google & #Samsung Like in Hong Kong - A new look at what's new from Android http://t.co/eizExUn0,Neutral,calling icecreamsandwich lover google samsung like hong kong new look whats new android
google,neutral,126496131382382592,Wed Oct 19 03:13:22 +0000 2011,Calling All #IceCreamSandwich Lovers | #Google & #Samsung Like in Hong Kong - A new look at what's new from Android http://t.co/XPGHLC2o,Neutral,calling icecreamsandwich lover google samsung like hong kong new look whats new android
google,neutral,126496131378188289,Wed Oct 19 03:13:22 +0000 2011,Calling All #IceCreamSandwich Lovers | #Google & #Samsung Like in Hong Kong - A new look at what's new from Android http://t.co/lfpPk5Yk,Neutral,calling icecreamsandwich lover google samsung like hong kong new look whats new android
google,neutral,126496131374006272,Wed Oct 19 03:13:22 +0000 2011,Calling All #IceCreamSandwich Lovers | #Google & #Samsung Like in Hong Kong - A new look at what's new from Android http://t.co/DGGsNOh2,Neutral,calling icecreamsandwich lover google samsung like hong kong new look whats new android
google,neutral,126496131353018368,Wed Oct 19 03:13:22 +0000 2011,Calling All #IceCreamSandwich Lovers | #Google & #Samsung Like in Hong Kong - A new look at what's new from Android http://t.co/8fiwDhcC,Neutral,calling icecreamsandwich lover google samsung like hong kong new look whats new android
google,neutral,126496068467822593,Wed Oct 19 03:13:07 +0000 2011,"#Google, #Samsung unveil Ice Cream Sandwich-powered Galaxy Nexus http://t.co/qtiCdIvd via @CNET #Android",Neutral,google samsung unveil ice cream sandwichpowered galaxy nexus via android
google,neutral,126495741014315008,Wed Oct 19 03:11:49 +0000 2011,Motorola Droid Razr vs. Samsung Galaxy Nexus (chart) - CNET (blog) http://t.co/oRkTnT7R #nexus #one #google,Neutral,motorola droid razr v samsung galaxy nexus chart cnet blog nexus one google
google,neutral,126495706356789248,Wed Oct 19 03:11:41 +0000 2011,"""#Google, Samsung unveil Ice Cream Sandwich-powered #Galaxy #Nexus"" - http://t.co/r8f0jmGY",Neutral,google samsung unveil ice cream sandwichpowered galaxy nexus
google,neutral,126495690636529664,Wed Oct 19 03:11:37 +0000 2011,#Microsoft's Ballmer: We’re beating #Google in the #cloud http://t.co/XIq3v54f,Neutral,microsofts ballmer beating google cloud
google,neutral,126495653747634176,Wed Oct 19 03:11:29 +0000 2011,Guess what I spotted a couple days ago... didn't expect to see one especially in the West Village #Google http://t.co/Xop25kvU,Neutral,guess spotted couple day ago didnt expect see one especially west village google
google,neutral,126495340026273792,Wed Oct 19 03:10:13 +0000 2011,#Google officially announces Ice Cream Sandwich http://t.co/8U9XMNz9 #smartphones #tablets #news #android,Neutral,google officially announces ice cream sandwich smartphones tablet news android
google,neutral,126495319792959488,Wed Oct 19 03:10:09 +0000 2011,20% searches on  #Google  are related to location. 33% mobile search queries have local intent.,Neutral,search google related location mobile search query local intent
google,neutral,126495268538560512,Wed Oct 19 03:09:56 +0000 2011,"RT @ChWilhelm: #Google Wallet adds #coupons, rewards, and more #retail partners http://t.co/1s3wWs54 #li",Neutral,rt google wallet add coupon reward retail partner li
google,neutral,126495169536208896,Wed Oct 19 03:09:33 +0000 2011,@OccupyWallSt #Apple stock DOWN despite #iPhone monumental SALES = #ocuupy #GOOGLE & #Verizon--i smell a #conspiracy!,Neutral,apple stock despite iphone monumental sale ocuupy google verizoni smell conspiracy
google,neutral,126495125303083009,Wed Oct 19 03:09:22 +0000 2011,#Google announces #Android #Beam for sharing between Android Phones. Based on NFC technology. http://t.co/bc7yhhR4,Neutral,google announces android beam sharing android phone based nfc technology
google,neutral,126495072102522880,Wed Oct 19 03:09:10 +0000 2011,How to Create your own Google Maps http://t.co/yyNzSP8J #google #maps,Neutral,create google map google map
google,neutral,126495001868906496,Wed Oct 19 03:08:53 +0000 2011,"Sucks that I just threw down $3 for a panorama app when #ICS will have it as standard. Oh #Google, you pleasant bastards, you!",Neutral,suck threw panorama app ic standard oh google pleasant bastard
google,neutral,126494909548077056,Wed Oct 19 03:08:31 +0000 2011,It Is Indeed #Apple & #Google vs #TheOldWay!,Neutral,indeed apple google v theoldway
google,neutral,126494729474015232,Wed Oct 19 03:07:48 +0000 2011,@Ayy_Queen #google it lol espn too,Neutral,google lol espn
google,neutral,126494691016441857,Wed Oct 19 03:07:39 +0000 2011,The better question is if (and when) current devices will get the update.  #Android #Google #IceCreamSandwich,Neutral,better question current device get update android google icecreamsandwich
google,neutral,126494645403398145,Wed Oct 19 03:07:28 +0000 2011,I just noticed that #google+ has introduced real time search.,Neutral,noticed google introduced real time search
google,neutral,126494532857643008,Wed Oct 19 03:07:01 +0000 2011,$6% of women use #Google for info on health care vs 28% of men -&gt; http://t.co/PM6wxvQb (via @nicolaziady) #hcsmeu #epharma,Neutral,woman use google info health care v men gt via hcsmeu epharma
google,neutral,126494358508806144,Wed Oct 19 03:06:19 +0000 2011,Just Been To The Future And Back lol... Just Watch Something Happening Tomorrow Morning! #Google #Android,Neutral,future back lol watch something happening tomorrow morning google android
google,neutral,126494314057568256,Wed Oct 19 03:06:09 +0000 2011,"Thank you for the laughs #Google, ""tapping my peepz"", white suit, face unlock fail, using an LED screen for a video cast. Love it anyway &lt;3",Neutral,thank laugh google tapping peepz white suit face unlock fail using led screen video cast love anyway lt
google,neutral,126494270650724353,Wed Oct 19 03:05:58 +0000 2011,The Great Tech War Of 2012 - http://t.co/OY8PuVhP #Apple #Facebook #Google #Amazon,Neutral,great tech war apple facebook google amazon
google,neutral,126494239143116801,Wed Oct 19 03:05:51 +0000 2011,"Does Ice Cream Sandwich have a ""private browsing mode"" for, you know, ""me time?"" #google #android",Neutral,ice cream sandwich private browsing mode know time google android
google,neutral,126494171065364480,Wed Oct 19 03:05:35 +0000 2011,Soooooo @VerizonWireless... All eyes on you! When can we order? #Nexus #Samsung #Google #ICS,Neutral,soooooo eye order nexus samsung google ic
google,neutral,126494094276042752,Wed Oct 19 03:05:16 +0000 2011,"Android Beam, panorama, Gmail offline, lockscreen, contacts, facial recognition unlock... #IceCreamSandwich #NexusPrime #Google",Neutral,android beam panorama gmail offline lockscreen contact facial recognition unlock icecreamsandwich nexusprime google
google,neutral,126493962499391488,Wed Oct 19 03:04:45 +0000 2011,Looking at some of the new features of #ICS it looks like #Google got some inspiration from #CyanogenMod.,Neutral,looking new feature ic look like google got inspiration cyanogenmod
google,neutral,126493954429550593,Wed Oct 19 03:04:43 +0000 2011,All the info on Ice Cream Sandwich here : http://t.co/f0rNfGPA @twandroid #google #nexusprime #ics #android,Neutral,info ice cream sandwich google nexusprime ic android
google,neutral,126493895625424896,Wed Oct 19 03:04:29 +0000 2011,WebGL infinite bookcase UI http://t.co/bvu1qtkT #google,Neutral,webgl infinite bookcase ui google
google,neutral,126493811638677504,Wed Oct 19 03:04:09 +0000 2011,RT @charmybird Soon. Getting ready for the party. #google #android #icecreamsandwich http://t.co/puMwmM9m,Neutral,rt soon getting ready party google android icecreamsandwich
google,neutral,126493785533321216,Wed Oct 19 03:04:03 +0000 2011,RT @pretty_browniee: #oomf gone get it next week i promise! Man you better #Google tht!!!,Neutral,rt oomf gone get next week promise man better google tht
google,neutral,126493567182061569,Wed Oct 19 03:03:11 +0000 2011,@AndroidPolice Duly noted -- I hope AOSP is updated with ICS 4.0. #Android #Google,Neutral,duly noted hope aosp updated ic android google
google,neutral,126493558365630465,Wed Oct 19 03:03:09 +0000 2011,is #google the next innovators ?,Neutral,google next innovator
google,neutral,126493553055633408,Wed Oct 19 03:03:07 +0000 2011,On Google+ then go here http://t.co/hhAmwm8K #GPlus #Googleplus #Google #teamfollowback #socialnetwork,Neutral,google go gplus googleplus google teamfollowback socialnetwork
google,neutral,126493550618742784,Wed Oct 19 03:03:07 +0000 2011,#Android #Google Android 4.0 Platform and Updated SDK Tools http://t.co/0jRKtQ2S #DhilipSiva,Neutral,android google android platform updated sdk tool dhilipsiva
google,neutral,126493370028797953,Wed Oct 19 03:02:24 +0000 2011,Recent study of #Google CTR reveals that top three positions #in #GoogleSearch receive 35% of traffic. @Econsultancy http://t.co/Z2bh6oH1,Neutral,recent study google ctr reveals top three position googlesearch receive traffic
google,neutral,126493352370765824,Wed Oct 19 03:02:19 +0000 2011,"#Google Ice Cream Sandwich, Nexus Prime Launch [LIVE BLOG] http://t.co/kj2y69HM",Neutral,google ice cream sandwich nexus prime launch live blog
google,neutral,126493335518068736,Wed Oct 19 03:02:15 +0000 2011,RT @charlieroffe: Welcome Ice Cream Sandwich! #android #google #icecreamsandwich http://t.co/IFlB5EhJ,Neutral,rt welcome ice cream sandwich android google icecreamsandwich
google,neutral,126493327540502528,Wed Oct 19 03:02:14 +0000 2011,"Amazes me, I set up a #GMail address and have yet to use it even once and it's getting a ton of spam #Google",Neutral,amazes set gmail address yet use even getting ton spam google
google,neutral,126493322268250114,Wed Oct 19 03:02:12 +0000 2011,"Haven't even freshened up, due to #Google's #IceCreamSandwichEvent. #OffToShower now.",Neutral,havent even freshened due google icecreamsandwichevent offtoshower
google,neutral,126493312650719232,Wed Oct 19 03:02:10 +0000 2011,"The Ice Cream Sandwich presentation was very buggy, however 4.0 looks much more promising than expected.  #Android #GalaxyNexus #Google",Neutral,ice cream sandwich presentation buggy however look much promising expected android galaxynexus google
google,neutral,126493280832724992,Wed Oct 19 03:02:02 +0000 2011,Recent study of #Google CTR reveals that top three positions in #GoogleSearch receive 35% of traffic.... http://t.co/IHts3PyW,Neutral,recent study google ctr reveals top three position googlesearch receive traffic
google,neutral,126493225811841024,Wed Oct 19 03:01:49 +0000 2011,"Hey, #google!  You lied.  #android 4.0 platform is not up as a link yet.  But I found it. http://t.co/v5WG698V #ics #sdk",Neutral,hey google lied android platform link yet found ic sdk
google,neutral,126493189254291457,Wed Oct 19 03:01:41 +0000 2011,"#google #yahoo #bing Ballmer on Bing, Xbox, Apple...oh, and Yahoo, too http://t.co/CfHu4jBP #seo #serps",Neutral,google yahoo bing ballmer bing xbox appleoh yahoo seo serps
google,neutral,126493174477758464,Wed Oct 19 03:01:37 +0000 2011,So is the #galaxynexus coming to @sprint any info @android #google #android,Neutral,galaxynexus coming info google android
google,neutral,126493155855052800,Wed Oct 19 03:01:33 +0000 2011,#Google Google Event: Vorstellung des Samsung Galaxy Nexus (Caschys Blog): o3:30 klingelte mein Wecker. Googles ... http://t.co/QnVDVcMX,Neutral,google google event vorstellung de samsung galaxy nexus caschys blog klingelte mein wecker google
google,neutral,126493015907897344,Wed Oct 19 03:00:59 +0000 2011,That was good but when is it coming out? What carriers? What pricepoints? #android #google,Neutral,good coming carrier pricepoints android google
google,neutral,126492985834733568,Wed Oct 19 03:00:52 +0000 2011,Welcome Ice Cream Sandwich! #android #google #icecreamsandwich http://t.co/IFlB5EhJ,Neutral,welcome ice cream sandwich android google icecreamsandwich
google,neutral,126492945057718272,Wed Oct 19 03:00:42 +0000 2011,@YoungBasedSonic #Google,Neutral,google
google,neutral,126492886517809152,Wed Oct 19 03:00:28 +0000 2011,"RT @tiffanyk: [#Infographic] #Google+ cost half a billion to build, driving users to #1 most followed user: Mark Zuckerberg. http://t.co ...",Neutral,rt infographic google cost half billion build driving user followed user mark zuckerberg
google,neutral,126492864174755841,Wed Oct 19 03:00:23 +0000 2011,#ai #google #ai #samsung,Neutral,ai google ai samsung
google,neutral,126492839998783488,Wed Oct 19 03:00:17 +0000 2011,"What? No ""one more thing!"" ? #Samsung #Google #Nexus",Neutral,one thing samsung google nexus
google,neutral,126492795027456000,Wed Oct 19 03:00:07 +0000 2011,For all the bookworms out there! http://t.co/Mx2bMy3o #Google’s Infinite Bookcase: An Abstract Browser For Limitless Libraries #technews,Neutral,bookworm google infinite bookcase abstract browser limitless library technews
google,neutral,126492775930798080,Wed Oct 19 03:00:02 +0000 2011,"Can Bill Gross Take On #Facebook, #Twitter & #Google+ With Chime.in? - Forbes http://t.co/pG5uHrmI #socialmedia",Neutral,bill gross take facebook twitter google chimein forbes socialmedia
google,neutral,126492775842713600,Wed Oct 19 03:00:02 +0000 2011,RT @NeowinFeed: Ice Cream Sandwich to stop carriers bullying smartphone users #google #android http://t.co/HHfJbBHU #neowin,Neutral,rt ice cream sandwich stop carrier bullying smartphone user google android neowin
google,neutral,126492759262633984,Wed Oct 19 02:59:58 +0000 2011,Just wonder how much time it will take throw an update of #android ICS on Nexus S !!! Please #google make it quick this time,Neutral,wonder much time take throw update android ic nexus please google make quick time
google,neutral,126492737766834177,Wed Oct 19 02:59:53 +0000 2011,Ice Cream Sandwich to stop carriers bullying smartphone users #google #android http://t.co/a0wncHmI,Neutral,ice cream sandwich stop carrier bullying smartphone user google android
google,neutral,126492735598366720,Wed Oct 19 02:59:52 +0000 2011,Ice Cream Sandwich to stop carriers bullying smartphone users #google #android http://t.co/HHfJbBHU #neowin,Neutral,ice cream sandwich stop carrier bullying smartphone user google android neowin
google,neutral,126492726601584640,Wed Oct 19 02:59:50 +0000 2011,How much house can i afford #Google,Neutral,much house afford google
google,neutral,126492719987179520,Wed Oct 19 02:59:49 +0000 2011,#google #icecreamsandwich event featured #minecraft,Neutral,google icecreamsandwich event featured minecraft
google,neutral,126492692984238080,Wed Oct 19 02:59:42 +0000 2011,#Android Ice Cream Sandwich #Gmail reminds me a lot of #iOS mail app #CopyAndPaste #Google,Neutral,android ice cream sandwich gmail reminds lot io mail app copyandpaste google
google,neutral,126492604799004672,Wed Oct 19 02:59:21 +0000 2011,"Samsung Galaxy Nexus Official, Launches Worldwide November - http://t.co/UX1CiB6A #galaxynexus #samsung #google #ics",Neutral,samsung galaxy nexus official launch worldwide november galaxynexus samsung google ic
google,neutral,126492471759867904,Wed Oct 19 02:58:50 +0000 2011,@eboyee S tim da http://t.co/hX21e1JK daje Server Error :)  #Google #IceCreamSandwich,Neutral,tim da daje server error google icecreamsandwich
google,neutral,126492440914956290,Wed Oct 19 02:58:42 +0000 2011,Engadget following #android #galaxy #nexus event #google #samsung #ICS http://t.co/vZx25ht8,Neutral,engadget following android galaxy nexus event google samsung ic
google,neutral,126492364138221569,Wed Oct 19 02:58:24 +0000 2011,RT: Collobrate and present. New version of Google presentations. http://t.co/xmF34T27 VIA @googledownunder #google #googlepresentations,Neutral,rt collobrate present new version google presentation via google googlepresentations
google,neutral,126492325219278848,Wed Oct 19 02:58:15 +0000 2011,"Sdk available now, so you can develop apps for the phone and tablets right now. #Android4.0 #Google",Neutral,sdk available develop apps phone tablet right android google
google,neutral,126492310866362368,Wed Oct 19 02:58:11 +0000 2011,Great hardware and great new version of Android. I want it now. API is available now at least. #Google #Android #ICS #Development,Neutral,great hardware great new version android want api available least google android ic development
google,neutral,126492274766004226,Wed Oct 19 02:58:03 +0000 2011,@notch Minecraft Mobile was just mentioned by #Google while they were demoing ICS on the Nexus Prime!,Neutral,minecraft mobile mentioned google demoing ic nexus prime
google,neutral,126492105026703360,Wed Oct 19 02:57:22 +0000 2011,#Google unveils Android 4.0 ‘Ice Cream Sandwich’ http://t.co/dciffpI1 via @BGR,Neutral,google unveils android ice cream sandwich via
google,neutral,126492088270454785,Wed Oct 19 02:57:18 +0000 2011,"Hey #google ,when unveiling a new product,use a backdrop w/ lots of spatial-temporal high resolution activity. Video codecs will love it. ;)",Neutral,hey google unveiling new productuse backdrop lot spatialtemporal high resolution activity video codecs love
google,neutral,126492059308785664,Wed Oct 19 02:57:11 +0000 2011,"Android beam, share any piece of information.from.one Android device to another by simply touching the devices.  #Android4.0 #Google",Neutral,android beam share piece informationfromone android device another simply touching device android google
google,neutral,126491876860755969,Wed Oct 19 02:56:28 +0000 2011,New Galaxy Nexus: App Improvements -  Beam - sharing using NFC #nexus #samsung #google #android bit.ly/nEJbyE,Neutral,new galaxy nexus app improvement beam sharing using nfc nexus samsung google android bitlynejbye
google,neutral,126491752260575232,Wed Oct 19 02:55:58 +0000 2011,"@jcmwright we are a going over to #Google right now, and we are in Maryland (#MICA). Catch up with us this week sometime #edu11",Neutral,going google right maryland mica catch u week sometime edu
google,neutral,126491726276853760,Wed Oct 19 02:55:52 +0000 2011,"Mashable! - Google Ice Cream Sandwich, Nexus Prime Launch [LIVE BLOG] #google #android #ice http://t.co/jtE7VuDK",Neutral,mashable google ice cream sandwich nexus prime launch live blog google android ice
google,neutral,126491658341715969,Wed Oct 19 02:55:36 +0000 2011,The new #google phone. Yoooo http://t.co/sr4sCat7,Neutral,new google phone yoooo
google,neutral,126491610199490560,Wed Oct 19 02:55:24 +0000 2011,"New Galaxy Nexus: App Improvements -  Quick Response to unwanted calls, predefined SMS's #nexus #samsung #google #android bit.ly/nEJbyE",Neutral,new galaxy nexus app improvement quick response unwanted call predefined smss nexus samsung google android bitlynejbye
google,neutral,126491517924810752,Wed Oct 19 02:55:02 +0000 2011,RT @jcmwright: Would love to hear from other small colleges who went #Google recently. Particularly interested in the learning tech prep ...,Neutral,rt would love hear small college went google recently particularly interested learning tech prep
google,neutral,126491513038442496,Wed Oct 19 02:55:01 +0000 2011,Many new features for Android. #NexusPrime #Google,Neutral,many new feature android nexusprime google
google,neutral,126491459078729728,Wed Oct 19 02:54:48 +0000 2011,#Samsung and #Google's Ice Cream Sandwich event #liveblog! http://t.co/iG3Gi4qd #android #icecreamsandwich,Neutral,samsung google ice cream sandwich event liveblog android icecreamsandwich
google,neutral,126491255436881920,Wed Oct 19 02:54:00 +0000 2011,"Phone app redesigned to be unified with google voice, etc. Has fast forward and rewind capabilities as well. #Google #Android #ICS",Neutral,phone app redesigned unified google voice etc fast forward rewind capability well google android ic
google,neutral,126491202810953728,Wed Oct 19 02:53:47 +0000 2011,New Galaxy Nexus: App Improvements -  New visual voicemail within the phone app #nexus #samsung #google #android bit.ly/nEJbyE,Neutral,new galaxy nexus app improvement new visual voicemail within phone app nexus samsung google android bitlynejbye
google,neutral,126490806315008000,Wed Oct 19 02:52:12 +0000 2011,RT @thedroidguy: #Google announces dates for 2012 IO http://t.co/90xoKyQN,Neutral,rt google announces date io
google,neutral,126490801982275584,Wed Oct 19 02:52:11 +0000 2011,#Android #Google Google officially announces Ice Cream Sandwich http://t.co/Ij292Ye3 #DhilipSiva,Neutral,android google google officially announces ice cream sandwich dhilipsiva
google,neutral,126490797225934850,Wed Oct 19 02:52:10 +0000 2011,"#Android #Google Samsung Galaxy Nexus launching in US, Europe and Asia this November http://t.co/NLdTU5oY #DhilipSiva",Neutral,android google samsung galaxy nexus launching u europe asia november dhilipsiva
google,neutral,126490763151421440,Wed Oct 19 02:52:02 +0000 2011,#Google's open source search to end: http://t.co/h8PYttyr,Neutral,google open source search end
google,neutral,126490712299675649,Wed Oct 19 02:51:50 +0000 2011,Google officially announces Ice Cream Sandwich http://t.co/u702sosO  #android #google,Neutral,google officially announces ice cream sandwich android google
google,neutral,126490709921497088,Wed Oct 19 02:51:49 +0000 2011,"Samsung Galaxy Nexus launching in US, Europe and Asia this November http://t.co/SzchgKIf  #android #google",Neutral,samsung galaxy nexus launching u europe asia november android google
google,neutral,126490662416826369,Wed Oct 19 02:51:38 +0000 2011,Hugo is buddies with 50 Cent? #google #android,Neutral,hugo buddy cent google android
google,neutral,126490566837026817,Wed Oct 19 02:51:15 +0000 2011,New Galaxy Nexus: App Improvements -  New People App to improve contact information #nexus #samsung #google #android bit.ly/nEJbyE,Neutral,new galaxy nexus app improvement new people app improve contact information nexus samsung google android bitlynejbye
google,neutral,126490278143082496,Wed Oct 19 02:50:07 +0000 2011,@5in_n_the_Air #GOOGLE time kml,Neutral,google time kml
google,neutral,126490265463701504,Wed Oct 19 02:50:04 +0000 2011,#Google announces dates for 2012 IO http://t.co/90xoKyQN,Neutral,google announces date io
google,neutral,126490235877081088,Wed Oct 19 02:49:56 +0000 2011,I'm thinking about Google http://t.co/ACjRL4FO @GetGlue #Google,Neutral,im thinking google google
google,neutral,126490166897541120,Wed Oct 19 02:49:40 +0000 2011,"Samsung Galaxy Nexus announced, full specs available  http://t.co/VNGazg48  #samsung #galaxy #nexus #google #android #ics #thetechcheck",Neutral,samsung galaxy nexus announced full spec available samsung galaxy nexus google android ic thetechcheck
google,neutral,126490158815125504,Wed Oct 19 02:49:38 +0000 2011,"Samsung Galaxy Nexus announced, full specs available  http://t.co/0Nd3LiwV  #samsung #galaxy #nexus #google #android #ics #thetechcheck",Neutral,samsung galaxy nexus announced full spec available samsung galaxy nexus google android ic thetechcheck
google,neutral,126490134869852161,Wed Oct 19 02:49:32 +0000 2011,"#google #galaxy #nexus, I WANT A PHONE PLEASE TALK ABOUT OTHER FEATURES NOW THE CAMERA IS ONLY ONE PART!",Neutral,google galaxy nexus want phone please talk feature camera one part
google,neutral,126490118050684928,Wed Oct 19 02:49:28 +0000 2011,Funny how #samsung didn't have the #facebook app on their #galaxynexus demo but instead had #google+ LOOL.,Neutral,funny samsung didnt facebook app galaxynexus demo instead google lool
google,neutral,126490034865045504,Wed Oct 19 02:49:09 +0000 2011,On Google+ then go here http://t.co/86xwWN2d #GPlus #Googleplus #Google #teamfollowback #socialnetwork,Neutral,google go gplus googleplus google teamfollowback socialnetwork
google,neutral,126490011901231104,Wed Oct 19 02:49:03 +0000 2011,New Galaxy Nexus: Hardware Improvements -  Camera captures 1080p video #nexus #samsung #google #android bit.ly/nEJbyE,Neutral,new galaxy nexus hardware improvement camera capture video nexus samsung google android bitlynejbye
google,neutral,126489950614073345,Wed Oct 19 02:48:48 +0000 2011,Video of livestream of the Google/Samsung announcement froze. Damn my slow internet connection. #Google #Samsung,Neutral,video livestream googlesamsung announcement froze damn slow internet connection google samsung
google,neutral,126489908998176769,Wed Oct 19 02:48:39 +0000 2011,"1080p video recording, continuous focus, zoom while recording and time lapse included in Android 4.0. #Google #Android #ICS",Neutral,video recording continuous focus zoom recording time lapse included android google android ic
google,neutral,126489751325908992,Wed Oct 19 02:48:01 +0000 2011,The new panorama feature in #Android Ice Cream Sandwich is pretty cool. Saw a glitch in the live presentation though. #Google,Neutral,new panorama feature android ice cream sandwich pretty cool saw glitch live presentation though google
google,neutral,126489719012990976,Wed Oct 19 02:47:53 +0000 2011,Built in panorama in camera app #Android 4.0 #ICS #Google,Neutral,built panorama camera app android ic google
google,neutral,126489665116192768,Wed Oct 19 02:47:40 +0000 2011,"Google, Samsung unveil Galaxy Nexus phone running Android 4.0 http://t.co/C4elM79o"" via:@appleinsider #tech #google #Dubai #beirut",Neutral,google samsung unveil galaxy nexus phone running android via tech google dubai beirut
google,neutral,126489609889783808,Wed Oct 19 02:47:27 +0000 2011,"Panorama

#icecreamsandwich #googland #google #android #ics",Neutral,panorama icecreamsandwich googland google android ic
google,neutral,126489523776536576,Wed Oct 19 02:47:07 +0000 2011,No face tagging in the new #Android gallery? #Google,Neutral,face tagging new android gallery google
google,neutral,126489506672160768,Wed Oct 19 02:47:03 +0000 2011,did he just say hipster filters? #google #android,Neutral,say hipster filter google android
google,neutral,126489489328705536,Wed Oct 19 02:46:58 +0000 2011,"how come when #google talks about their #android camera app it's boring, but when #apple does it's ZOMG!!!1",Neutral,come google talk android camera app boring apple zomg
google,neutral,126489300828307456,Wed Oct 19 02:46:14 +0000 2011,"Ballmer: 70% Of The Time, #Google & #Bing Are The Same, So Try Bing! by @dannysullivan http://t.co/9eudwSAD",Neutral,ballmer time google bing try bing
google,neutral,126489263490596864,Wed Oct 19 02:46:05 +0000 2011,#Google WebGL Bookcase: Google WebGL Bookcase. Google developed a WebGL app that shows a 3D model of a bookcase ... http://t.co/y8HC6kzB,Neutral,google webgl bookcase google webgl bookcase google developed webgl app show model bookcase
google,neutral,126489146029129729,Wed Oct 19 02:45:37 +0000 2011,Tap to focus and face recognition #ics #galaxynexus #google,Neutral,tap focus face recognition ic galaxynexus google
google,neutral,126489064319881216,Wed Oct 19 02:45:17 +0000 2011,"[#Infographic] #Google+ cost half a billion to build, driving users to #1 most followed user: Mark Zuckerberg. http://t.co/CzMfvnLQ #irony",Neutral,infographic google cost half billion build driving user followed user mark zuckerberg irony
google,neutral,126489048717074432,Wed Oct 19 02:45:13 +0000 2011,http://t.co/18xg3ivo! #Google’s Ice Cream Sandwich Official http://t.co/7h5YdQCN #android #icecreamsandwich,Neutral,google ice cream sandwich official android icecreamsandwich
google,neutral,126488983164289026,Wed Oct 19 02:44:58 +0000 2011,Watching ice cream sandwich. So far it only melted when attempting facial recognition during unlock :) YouTube.com/android #Samsung #google,Neutral,watching ice cream sandwich far melted attempting facial recognition unlock youtubecomandroid samsung google
google,neutral,126488935026266112,Wed Oct 19 02:44:46 +0000 2011,#SamsungGalaxyNexus #google #android #IceCreamSandwich. New browser http://t.co/Zx6pIo6f,Neutral,samsunggalaxynexus google android icecreamsandwich new browser
google,neutral,126488912037289984,Wed Oct 19 02:44:41 +0000 2011,now watching live stream of  #Google new mobile #Nexus,Neutral,watching live stream google new mobile nexus
google,neutral,126488727315943425,Wed Oct 19 02:43:57 +0000 2011,Damn group meeting disturbin me from watchin the #google event,Neutral,damn group meeting disturbin watchin google event
google,neutral,126488649905864705,Wed Oct 19 02:43:38 +0000 2011,New tools giving the user the ability to restrict mobile data usage. #Google #Android #ICS,Neutral,new tool giving user ability restrict mobile data usage google android ic
google,neutral,126488582218203136,Wed Oct 19 02:43:22 +0000 2011,Article discussing how the four great tech companies will compete in the marketplace: http://t.co/YFWF9iye #Apple #Google #Facebook #Amazon,Neutral,article discussing four great tech company compete marketplace apple google facebook amazon
google,neutral,126488561888399360,Wed Oct 19 02:43:17 +0000 2011,#Google releases an Infinite Digital Bookcase RT @VentureBeat http://t.co/YWtVgwJY by @MeghanKel,Neutral,google release infinite digital bookcase rt
google,neutral,126488352135450625,Wed Oct 19 02:42:27 +0000 2011,#SamsungGalaxyNexus #google #android #Face Unlock.Ice Cream Sandwich literally knows your face. http://t.co/vUyxwrxW,Neutral,samsunggalaxynexus google android face unlockice cream sandwich literally know face
google,neutral,126487924043821057,Wed Oct 19 02:40:45 +0000 2011,"#Android Ice Cream Sandwich features face-recognition to unlock your phone, no more entering a pin or password #fb #google",Neutral,android ice cream sandwich feature facerecognition unlock phone entering pin password fb google
google,neutral,126487912433975297,Wed Oct 19 02:40:43 +0000 2011,"Email with 2 line preview, offline search of any amount of emails you want. #Android4.0 #Google",Neutral,email line preview offline search amount email want android google
google,neutral,126487846038147073,Wed Oct 19 02:40:27 +0000 2011,"Can search the last 30 days of Gmail, whether connected or not. #Google #Android #ICS",Neutral,search last day gmail whether connected google android ic
google,neutral,126487807156944899,Wed Oct 19 02:40:17 +0000 2011,"Ha! The demo fail is still resonating.. Kinda funny, but on a global scale. Cool feature, though! #android #google #galaxynexus",Neutral,ha demo fail still resonating kinda funny global scale cool feature though android google galaxynexus
google,neutral,126487788433584129,Wed Oct 19 02:40:13 +0000 2011,Are these guests on Samsung and Google event mostly Chinese? Wow! They're boring. #Google #Samsung,Neutral,guest samsung google event mostly chinese wow theyre boring google samsung
google,neutral,126487744787660800,Wed Oct 19 02:40:03 +0000 2011,"#ICS show-off froze my browser. Well, time for sleep I guess. #Android #Google #Samsung",Neutral,ic showoff froze browser well time sleep guess android google samsung
google,neutral,126487541569433600,Wed Oct 19 02:39:14 +0000 2011,RT @VentureBeat: #Google releases an Infinite Digital Bookcase http://t.co/BfFAEApW by @MeghanKel,Neutral,rt google release infinite digital bookcase
google,neutral,126487465203736576,Wed Oct 19 02:38:56 +0000 2011,RT @adamdince: #Google might reverse its new data encryption policy if big brands threaten to cut their PPC spend. @Google biting the ha ...,Neutral,rt google might reverse new data encryption policy big brand threaten cut ppc spend biting ha
google,neutral,126487372039847937,Wed Oct 19 02:38:34 +0000 2011,#Google thinks your digital books belong on a digital bookcase - a #WebGL #Chrome experiment http://t.co/2LqpqF6F,Neutral,google think digital book belong digital bookcase webgl chrome experiment
google,neutral,126487167823388673,Wed Oct 19 02:37:45 +0000 2011,Demo crime for #google dude in white suit. Face recognition for unlocking doesn't work if you wear make up apparently :-),Neutral,demo crime google dude white suit face recognition unlocking doesnt work wear make apparently
google,neutral,126487043462266880,Wed Oct 19 02:37:15 +0000 2011,But does request desktop site work with hulu?!?!? #ICS #Google,Neutral,request desktop site work hulu ic google
google,neutral,126486964408033280,Wed Oct 19 02:36:56 +0000 2011,#SamsungGalaxyNexus #google #android #IceCreamSandwich http://t.co/z2uzAnHD,Neutral,samsunggalaxynexus google android icecreamsandwich
google,neutral,126486941364527104,Wed Oct 19 02:36:51 +0000 2011,"Addicted to this new game #tripletown on #Google+,",Neutral,addicted new game tripletown google
google,neutral,126486926827065344,Wed Oct 19 02:36:48 +0000 2011,RT @VentureBeat: #Google releases an Infinite Digital Bookcase http://t.co/DNwy6mqx by @MeghanKel,Neutral,rt google release infinite digital bookcase
google,neutral,126486798640754688,Wed Oct 19 02:36:17 +0000 2011,#SamsungGalaxyNexus #google #android #IceCreamSandwich http://t.co/6YidLr0N,Neutral,samsunggalaxynexus google android icecreamsandwich
google,neutral,126486616343724032,Wed Oct 19 02:35:34 +0000 2011,The lock screen now has facial recognition capability! #Google #Android #ICS,Neutral,lock screen facial recognition capability google android ic
google,neutral,126486384902017024,Wed Oct 19 02:34:38 +0000 2011,"here comes facial recognition!  Face unlock 
#icecreamsandwich #googland #google #android #ics",Neutral,come facial recognition face unlock icecreamsandwich googland google android ic
google,neutral,126486348713570304,Wed Oct 19 02:34:30 +0000 2011,#Google and #Samsung Reveals Galaxy Nexus Phone http://t.co/REnJ0C0Z #mobile #software #android #mobiledevice,Neutral,google samsung reveals galaxy nexus phone mobile software android mobiledevice
google,neutral,126486111689256960,Wed Oct 19 02:33:33 +0000 2011,#Google Google’s Infinite Bookcase: An Abstract Browser For Limitless Libraries http://t.co/MyLzFMRq,Neutral,google google infinite bookcase abstract browser limitless library
google,neutral,126486051530354689,Wed Oct 19 02:33:19 +0000 2011,#Measure your #Marketing.Get the FREE Analytics Campaign Tagger sheet for #Google #Analytics now! http://t.co/8WC3Y5kK,Neutral,measure marketingget free analytics campaign tagger sheet google analytics
google,neutral,126485712836112384,Wed Oct 19 02:31:58 +0000 2011,#Samsung and #Google introduce #GALAXY #Nexus http://t.co/2rvF0tZp via @androidcentral #Android,Neutral,samsung google introduce galaxy nexus via android
google,neutral,126485684113522689,Wed Oct 19 02:31:51 +0000 2011,"""Kanye West has added you to his circles."" yeah, right. #galaxynexus #google #ics",Neutral,kanye west added circle yeah right galaxynexus google ic
google,neutral,126485085942845440,Wed Oct 19 02:29:29 +0000 2011,Launching November in Japan #SamsungGalaxyNexus #google #android,Neutral,launching november japan samsunggalaxynexus google android
google,neutral,126484200269426688,Wed Oct 19 02:25:57 +0000 2011,#SamsungGalaxyNexus #google #android http://t.co/GIhTHeIJ,Neutral,samsunggalaxynexus google android
google,neutral,126484162302586880,Wed Oct 19 02:25:49 +0000 2011,#google +1 Stickers came with this month's Adsense cheque . http://t.co/AOFYoJmE,Neutral,google sticker came month adsense cheque
google,neutral,126484021369778177,Wed Oct 19 02:25:15 +0000 2011,#Android #Google Samsung Galaxy Nexus Gallery http://t.co/wUnmSQL6 #DhilipSiva,Neutral,android google samsung galaxy nexus gallery dhilipsiva
google,neutral,126484018211454976,Wed Oct 19 02:25:14 +0000 2011,#Android #Google Samsung and Google introduce GALAXY Nexus http://t.co/KkuepMVW #DhilipSiva,Neutral,android google samsung google introduce galaxy nexus dhilipsiva
microsoft,positive,126803641486163969,Wed Oct 19 23:35:18 +0000 2011,Just participated in another #Microsoft #SQLServer certification test with #TSQL typing instead of multiple choices. Really cool.,Positive,participated another microsoft sqlserver certification test tsql typing instead multiple choice really cool
microsoft,positive,126792129832951808,Wed Oct 19 22:49:34 +0000 2011,#Microsoft #Opens The Door To Two #Spanish #Entrepreneurs With #Medical #Project ! http://t.co/c97sNizT,Positive,microsoft open door two spanish entrepreneur medical project
microsoft,positive,126788430679113728,Wed Oct 19 22:34:52 +0000 2011,"#Buffalo, #Intel, #Microsoft, #IBM are the best pavilions at #SMAU",Positive,buffalo intel microsoft ibm best pavilion smau
microsoft,positive,126780006964805632,Wed Oct 19 22:01:23 +0000 2011,Windows Phone 7.5 Mango Update Process Ahead of Schedule. http://t.co/p1hwo73x  #Microsoft #WindowsPhone #Mango,Positive,window phone mango update process ahead schedule microsoft windowsphone mango
microsoft,positive,126779403605770241,Wed Oct 19 21:58:59 +0000 2011,WP7 is getting there: #Microsoft Claws Back to Smartphone Relevance: Rich Jaroslovsky - Bloomberg http://t.co/JIMML4RC via @BloombergNews,Positive,wp getting microsoft claw back smartphone relevance rich jaroslovsky bloomberg via
microsoft,positive,126779217911349248,Wed Oct 19 21:58:15 +0000 2011,On #Microsoft Excel making functions like it's my job #Productive,Positive,microsoft excel making function like job productive
microsoft,positive,126774092274741248,Wed Oct 19 21:37:53 +0000 2011,RT @Logic2020: Why I love #Microsoft &gt; Microsoft hosting Kids TechFest to encourage careers in tech  http://t.co/fmzFWgYv #babygeeks  ...,Positive,rt love microsoft gt microsoft hosting kid techfest encourage career tech babygeeks
microsoft,positive,126768366345138176,Wed Oct 19 21:15:08 +0000 2011,#Microsoft word works on my computer again! Yessss,Positive,microsoft word work computer yessss
microsoft,positive,126767508253454336,Wed Oct 19 21:11:43 +0000 2011,"In terms of unified communications giants, really surprised to see how underrated #Microsoft is",Positive,term unified communication giant really surprised see underrated microsoft
microsoft,positive,126762337087655936,Wed Oct 19 20:51:10 +0000 2011,#Microsoft dishing out free first-gen WP7 handsets at its stores http://t.co/cvfWMvmO,Positive,microsoft dishing free firstgen wp handset store
microsoft,positive,126755785391869954,Wed Oct 19 20:25:08 +0000 2011,"Will watch this one with interest! RT @RossMistry: #Microsoft Codename ""Data Explorer"" CTP Coming ... http://t.co/kvJSerCj via @scottyd99999",Positive,watch one interest rt microsoft codename data explorer ctp coming via
microsoft,positive,126755232393867264,Wed Oct 19 20:22:57 +0000 2011,Lunch today: 19.00  Eating it at #Microsoft while attending #VSLive?  Priceless.,Positive,lunch today eating microsoft attending vslive priceless
microsoft,positive,126754593714606085,Wed Oct 19 20:20:24 +0000 2011,"Will watch this one with interest! RT @RossMistry: #Microsoft Codename ""Data Explorer"" CTP Coming Next Month  http://t.co/vpQOyXWa",Positive,watch one interest rt microsoft codename data explorer ctp coming next month
microsoft,positive,126754500278104064,Wed Oct 19 20:20:02 +0000 2011,"""#Microsoft details Search improvements in Windows 8 Start Screen"" http://t.co/Agv49znJ",Positive,microsoft detail search improvement window start screen
microsoft,positive,126750973329817601,Wed Oct 19 20:06:01 +0000 2011,Mango shows #Microsoft still has the taste for smartphone success http://t.co/AFm8VSMm  #wp7 #mango,Positive,mango show microsoft still taste smartphone success wp mango
microsoft,positive,126749591956762624,Wed Oct 19 20:00:32 +0000 2011,RT @bmann Awesome! @TommyLee is moving to #Vancouver as Dev Evangelist for #Microsoft - we finally get a local,Positive,rt awesome moving vancouver dev evangelist microsoft finally get local
microsoft,positive,126748497096622080,Wed Oct 19 19:56:11 +0000 2011,Awesome! @TommyLee is moving to #Vancouver as Dev Evangelist for #Microsoft - we finally get a local,Positive,awesome moving vancouver dev evangelist microsoft finally get local
microsoft,positive,126748156003221504,Wed Oct 19 19:54:49 +0000 2011,Microsoft Stores offer up free Windows Phone 7 devices #microsoft #microsoftstores: Microsoft's retail stores ar... http://t.co/r2RndN6Y,Positive,microsoft store offer free window phone device microsoft microsoftstores microsofts retail store ar
microsoft,positive,126748155021762561,Wed Oct 19 19:54:49 +0000 2011,Microsoft Stores offer up free Windows Phone 7 devices #microsoft #microsoftstores http://t.co/xoLRaueY #microsoft,Positive,microsoft store offer free window phone device microsoft microsoftstores microsoft
microsoft,positive,126748153952206849,Wed Oct 19 19:54:49 +0000 2011,Microsoft Stores offer up free Windows Phone 7 devices #microsoft #microsoftstores http://t.co/F4HwAN6Q,Positive,microsoft store offer free window phone device microsoft microsoftstores
microsoft,positive,126747965393084416,Wed Oct 19 19:54:04 +0000 2011,Microsoft Stores offer up free Windows Phone 7 devices #microsoft #microsoftstores http://t.co/7YvJMHnQ,Positive,microsoft store offer free window phone device microsoft microsoftstores
microsoft,positive,126747962817781760,Wed Oct 19 19:54:03 +0000 2011,Microsoft Stores offer up free Windows Phone 7 devices #microsoft #microsoftstores http://t.co/hJ8qlOC9 #neowin,Positive,microsoft store offer free window phone device microsoft microsoftstores neowin
microsoft,positive,126747960900984832,Wed Oct 19 19:54:03 +0000 2011,Microsoft Stores offer up free Windows Phone 7 devices #microsoft #microsoftstores http://t.co/BpFKyd1O,Positive,microsoft store offer free window phone device microsoft microsoftstores
microsoft,positive,126744770713362432,Wed Oct 19 19:41:22 +0000 2011,#Microsoft store here I come to spend my hard earned cash. #vslive,Positive,microsoft store come spend hard earned cash vslive
microsoft,positive,126743288320491521,Wed Oct 19 19:35:29 +0000 2011,If you didn't know - Free #Microsoft #HTML5 @Webcamps on West Coast MountainView Redmond Portland check them out  http://t.co/L86OWQRE,Positive,didnt know free microsoft html west coast mountainview redmond portland check
microsoft,positive,126742063961214976,Wed Oct 19 19:30:37 +0000 2011,Hey parents!Did you know about the free tools from #Microsoft that help keep your kids safe online?Live Family Safety http://t.co/5pk1et6r,Positive,hey parentsdid know free tool microsoft help keep kid safe onlinelive family safety
microsoft,positive,126741671965769728,Wed Oct 19 19:29:04 +0000 2011,#Microsoft #Cloud Microsoft offers students free access to its technologies to improve employability: Dubbe... http://t.co/rGBHHUQP #TCN,Positive,microsoft cloud microsoft offer student free access technology improve employability dubbe tcn
microsoft,positive,126738939594813440,Wed Oct 19 19:18:12 +0000 2011,Awesome! #Microsoft  #holodeck bit.ly/qpGxle,Positive,awesome microsoft holodeck bitlyqpgxle
microsoft,positive,126736431929507840,Wed Oct 19 19:08:14 +0000 2011,"""#Microsoft details Windows 8 search improvements"" - via @SlashGear http://t.co/JCawWRzQ",Positive,microsoft detail window search improvement via
microsoft,positive,126735438948995072,Wed Oct 19 19:04:17 +0000 2011,Can't wait until I can visit the holodeck! Thanks for sharing. RT @karljuhlke Beam me up #Microsoft! Microsoft has... http://t.co/ZGbk3xnK,Positive,cant wait visit holodeck thanks sharing rt beam microsoft microsoft
microsoft,positive,126734527551913984,Wed Oct 19 19:00:40 +0000 2011,"@SmartKeitai Yeah I saw it, @Google is taking seriously what #Microsoft has done with #Metro UI but yeah looks good Android 4.0",Positive,yeah saw taking seriously microsoft done metro ui yeah look good android
microsoft,positive,126732577301217280,Wed Oct 19 18:52:55 +0000 2011,Why I love #Microsoft &gt; Microsoft hosting Kids TechFest to encourage careers in tech  http://t.co/fmzFWgYv #babygeeks via @Techflash,Positive,love microsoft gt microsoft hosting kid techfest encourage career tech babygeeks via
microsoft,positive,126732240368570369,Wed Oct 19 18:51:35 +0000 2011,Microsoft explains new improvements in Windows 8 Start screen search: http://t.co/cxovk5WW #buildingwindows8 @buildwindows8 #tech #microsoft,Positive,microsoft explains new improvement window start screen search buildingwindows tech microsoft
microsoft,positive,126732148144209920,Wed Oct 19 18:51:13 +0000 2011,Microsoft explains new improvements in Windows 8 Start screen search: http://t.co/pq67GRra #buildingwindows8 @buildwindows8 #tech #microsoft,Positive,microsoft explains new improvement window start screen search buildingwindows tech microsoft
microsoft,positive,126731873517965313,Wed Oct 19 18:50:07 +0000 2011,enjoy  #Microsoft #Search Idea Could Let You Search Like Miley http://t.co/GWOkOCEg great,Positive,enjoy microsoft search idea could let search like miley great
microsoft,positive,126730153454870529,Wed Oct 19 18:43:17 +0000 2011,"#Microsoft Bing is The New King of Search, Tipped #Google Search http://t.co/61OgLIKA",Positive,microsoft bing new king search tipped google search
microsoft,positive,126729713568849920,Wed Oct 19 18:41:32 +0000 2011,#Microsoft #PowerPivot gives users the power to create compelling self-service #BI solutions. #infinitywebinar,Positive,microsoft powerpivot give user power create compelling selfservice bi solution infinitywebinar
microsoft,positive,126725535677157376,Wed Oct 19 18:24:56 +0000 2011,"The Future of #Information: Innovators from #Google, #Microsoft &#Twitter  Nov. 14-18  Info & registration at http://t.co/kJKZ77Zy #UMD",Positive,future information innovator google microsoft twitter nov info registration umd
microsoft,positive,126725332031127552,Wed Oct 19 18:24:08 +0000 2011,"Another Gem from #Microsoft - Curate your personal history with  ""Project Greenwich"".  Available later this month. http://t.co/KgNrbVgp",Positive,another gem microsoft curate personal history project greenwich available later month
microsoft,positive,126721324042305536,Wed Oct 19 18:08:12 +0000 2011,Beam me up #Microsoft! Microsoft has #holoDesk research project: http://t.co/KlMgkh5V,Positive,beam microsoft microsoft holodesk research project
microsoft,positive,126716103123673088,Wed Oct 19 17:47:27 +0000 2011,Thanks to Steffen Krause #Microsoft for a great SQL Server Session @EuropeanSP.,Positive,thanks steffen krause microsoft great sql server session
microsoft,positive,126715314007314434,Wed Oct 19 17:44:19 +0000 2011,This is how charity works these days. http://t.co/839klkFH #billgates #philanthropy #microsoft,Positive,charity work day billgates philanthropy microsoft
microsoft,positive,126714241427312641,Wed Oct 19 17:40:04 +0000 2011,Ballmer Thinks You Have To Be A Computer Scientist To Use Android http://t.co/VKV2TBcj #tech #microsoft (i agree to some extent),Positive,ballmer think computer scientist use android tech microsoft agree extent
microsoft,positive,126709513947594753,Wed Oct 19 17:21:16 +0000 2011,"We have had a great time at #TechEdAfrica thanks to all the sponsors, delegates, #Microsoft and #mimecastsa.",Positive,great time techedafrica thanks sponsor delegate microsoft mimecastsa
microsoft,positive,126705831126384640,Wed Oct 19 17:06:38 +0000 2011,"Validated that #Microsoft #iSCSI target in Win Server 8 works fine with #VMware #vSphere5 / ESXi5, no errors - more: http://t.co/6qnLWFt7",Positive,validated microsoft iscsi target win server work fine vmware vsphere esxi error
microsoft,positive,126695555685560320,Wed Oct 19 16:25:49 +0000 2011,wow - #Microsoft tech turns your body into a touchscreen http://t.co/5hVBC5Bm via @PSFK,Positive,wow microsoft tech turn body touchscreen via
microsoft,positive,126693834846515200,Wed Oct 19 16:18:58 +0000 2011,Love the #Microsoft campus!  Love the feeling of the mixer building.  Thanks #vslive bringing the conference here!,Positive,love microsoft campus love feeling mixer building thanks vslive bringing conference
microsoft,positive,126692533869871106,Wed Oct 19 16:13:48 +0000 2011,#microsoft #research shows #Holodesk. Awesome!!! The holodeck is one step closer! bit.ly/pCMJON #kinect /via @dvroegop,Positive,microsoft research show holodesk awesome holodeck one step closer bitlypcmjon kinect via
microsoft,positive,126691809417113600,Wed Oct 19 16:10:55 +0000 2011,"RT @ralphbin: #Microsoft Research shows #Holodesk - looks like science fiction, but is science fact http://t.co/w5OCrbpm  Cool but  no sound",Positive,rt microsoft research show holodesk look like science fiction science fact cool sound
microsoft,positive,126689578886246400,Wed Oct 19 16:02:04 +0000 2011,"#Microsoft Research shows #Holodesk - looks like science fiction, but is science fact http://t.co/vv6ltkYp",Positive,microsoft research show holodesk look like science fiction science fact
microsoft,positive,126689007512993792,Wed Oct 19 15:59:47 +0000 2011,Zune Music arrives in Canada! http://t.co/CJJ12v4I #microsoft #music #news,Positive,zune music arrives canada microsoft music news
microsoft,positive,126688284343672832,Wed Oct 19 15:56:55 +0000 2011,#Kinect Makes Learning Playful with Help from #SesameStreet and #NationalGeographic #education #microsoft http://t.co/E5uhka8F,Positive,kinect make learning playful help sesamestreet nationalgeographic education microsoft
microsoft,positive,126685198531297281,Wed Oct 19 15:44:39 +0000 2011,Håper #microsoft lager ny releasepartyguide for #mango. #greatsuccess,Positive,hper microsoft lager ny releasepartyguide mango greatsuccess
microsoft,positive,126677986522054657,Wed Oct 19 15:16:00 +0000 2011,Hey parents! Did you know about the free tools from #Microsoft that help keep your kids safe online? Live Family Safety http://t.co/muuWbGPn,Positive,hey parent know free tool microsoft help keep kid safe online live family safety
microsoft,positive,126674853230149632,Wed Oct 19 15:03:33 +0000 2011,“@sinanaral: Check out the new #Microsoft #faculty fellows here: http://t.co/2oeNsVG8 poised to change the world!” Go @jure !,Positive,check new microsoft faculty fellow poised change world go
microsoft,positive,126670032951443456,Wed Oct 19 14:44:23 +0000 2011,"Maybe #apple could use some of it's billions to do some good in the world?...oh wait, that's what #microsoft does.",Positive,maybe apple could use billion good worldoh wait thats microsoft
microsoft,positive,126669652469350401,Wed Oct 19 14:42:53 +0000 2011,#Microsoft @ ISB... watching the new windows 8 in action...pretty impressive! Finally a contender to mac os.. Interesting battle in store,Positive,microsoft isb watching new window actionpretty impressive finally contender mac o interesting battle store
microsoft,positive,126668529046007808,Wed Oct 19 14:38:25 +0000 2011,#Microsoft tries to combine the #Xbox #WindowsPhone and #PC and all of them will share the same neat looking interface. http://t.co/J332zfpO,Positive,microsoft try combine xbox windowsphone pc share neat looking interface
microsoft,positive,126665091381854208,Wed Oct 19 14:24:45 +0000 2011,Check out the new #Microsoft #faculty fellows here: http://t.co/GCicPEX4 poised to change the world!,Positive,check new microsoft faculty fellow poised change world
microsoft,positive,126663720075141121,Wed Oct 19 14:19:18 +0000 2011,I became a #Citizenship #Member at @Microsoft ...Thanks #GOD :) #MSPEgypt #Microsoft,Positive,became citizenship member thanks god mspegypt microsoft
microsoft,positive,126659125751971840,Wed Oct 19 14:01:03 +0000 2011,Blog Post: Cool Tool : Microsoft Mouse Without Borders. http://t.co/uM860jFh #Tools #Utilities #microsoft,Positive,blog post cool tool microsoft mouse without border tool utility microsoft
microsoft,positive,126658961263951873,Wed Oct 19 14:00:24 +0000 2011,"Forget Siri, there is still no beating speech commands on @windowsphone: http://t.co/19GAjSGi #wp7 #mango #tellme #microsoft #siri",Positive,forget siri still beating speech command wp mango tellme microsoft siri
microsoft,positive,126658937155108866,Wed Oct 19 14:00:18 +0000 2011,#Microsoft tests and proves #AppSense enterprise scalability! 78K users on one personalization DB - http://t.co/xtZMPSMT #enterprise,Positive,microsoft test prof appsense enterprise scalability user one personalization db enterprise
microsoft,positive,126658528965439488,Wed Oct 19 13:58:41 +0000 2011,"@RAD_Software Yes good points about #ERP but unfair assessment in saying ""#SAGE, #SAP and #Microsoft Dynamics, are not delivering""",Positive,yes good point erp unfair assessment saying sage sap microsoft dynamic delivering
microsoft,positive,126650473322262529,Wed Oct 19 13:26:40 +0000 2011,"Good dev opportunities at #Microsoft UX Tour, Helsinki Finland http://t.co/hCKJXz4K",Positive,good dev opportunity microsoft ux tour helsinki finland
microsoft,positive,126638821948403712,Wed Oct 19 12:40:22 +0000 2011,@edbott you have sugar-coated the FSF secure boot reaction. This is blatant anti-#Microsoft propaganda.,Positive,sugarcoated fsf secure boot reaction blatant antimicrosoft propaganda
microsoft,positive,126637126010929152,Wed Oct 19 12:33:38 +0000 2011,V. impressed w/ Image Composite Editor from @MSFTresearch for creating panoramas from individual images. http://t.co/SO7W7spn Tx #Microsoft!,Positive,impressed image composite editor creating panorama individual image tx microsoft
microsoft,positive,126633708315873280,Wed Oct 19 12:20:03 +0000 2011,RT @fran_mac_ I have been blown away by technological innovations.... #microsoft should do more #marketing!!,Positive,rt blown away technological innovation microsoft marketing
microsoft,positive,126629320948060161,Wed Oct 19 12:02:37 +0000 2011,I have been blown away by technological innovations.... #microsoft should do more #marketing!!,Positive,blown away technological innovation microsoft marketing
microsoft,positive,126611718376919041,Wed Oct 19 10:52:40 +0000 2011,RT @asherCFO: #Yahoo up 4 sale - again! Yrs back #Microsoft almost bought it & now glad it didn't. This could b deal of the year that do ...,Positive,rt yahoo sale yr back microsoft almost bought glad didnt could deal year
microsoft,positive,126610651916410881,Wed Oct 19 10:48:26 +0000 2011,#Yahoo up 4 sale - again! Yrs back #Microsoft almost bought it & now glad it didn't. This could b deal of the year that dosent happen!,Positive,yahoo sale yr back microsoft almost bought glad didnt could deal year dosent happen
microsoft,positive,126608712407322624,Wed Oct 19 10:40:43 +0000 2011,#Microsoft presents #Omnitouch - http://t.co/ui0aD1FJ - Very impressive and futuristic technology!,Positive,microsoft present omnitouch impressive futuristic technology
microsoft,positive,126605340270788608,Wed Oct 19 10:27:19 +0000 2011,"Is #Google Down? http://t.co/wFrzKYsN via @Ejunkie Good for #Bing, #Microsoft ’s investments paying off",Positive,google via good bing microsoft investment paying
microsoft,positive,126603756971360256,Wed Oct 19 10:21:02 +0000 2011,"RT @bestpantsTen: http://t.co/P4m8xvaz #iPads less desired than #Windows tablets, says study #Apple #Microsoft #MS",Positive,rt ipads less desired window tablet say study apple microsoft m
microsoft,positive,126599751402668032,Wed Oct 19 10:05:07 +0000 2011,RT @DariuszPorowski: RT Me too! @rem8: On my way home from 1st day of #MTS11. Had great time with @alead @DariuszPorowski and others #mv ...,Positive,rt rt way home st day mt great time others mv
microsoft,positive,126596256138137600,Wed Oct 19 09:51:14 +0000 2011,#mango shows #microsoft still has the taste for smartphone success http://t.co/mAOQaplH,Positive,mango show microsoft still taste smartphone success
microsoft,positive,126583935139454976,Wed Oct 19 09:02:17 +0000 2011,#Microsoft details Search improvements in #Windows 8 Start Screen http://t.co/f6AztiaD,Positive,microsoft detail search improvement window start screen
microsoft,positive,126581165636333568,Wed Oct 19 08:51:18 +0000 2011,one more picture of the services provided in the #cloud. I am in love with #Microsoft http://t.co/Q0QLeokZ,Positive,one picture service provided cloud love microsoft
microsoft,positive,126579574921371648,Wed Oct 19 08:44:57 +0000 2011,Windows Runtime and .NET: Better Together http://t.co/z7BBJ1xU #dotnet #dev #WinRT #microsoft,Positive,window runtime net better together dotnet dev winrt microsoft
microsoft,positive,126578340902617088,Wed Oct 19 08:40:02 +0000 2011,Nice talk by @renatmin #KenyaOpenDoor #microsoft #community,Positive,nice talk kenyaopendoor microsoft community
microsoft,positive,126570919513686018,Wed Oct 19 08:10:33 +0000 2011,OMG :) :) #Microsoft #Sharepoint is actually working!  Thanks to my excellent colleague William,Positive,omg microsoft sharepoint actually working thanks excellent colleague william
microsoft,positive,126559269603647488,Wed Oct 19 07:24:15 +0000 2011,#windowsphone #wp7 #Microsoft really @google ? http://t.co/vI0htJRr  #icecreamsandwichfail innovation by imitation sad sad,Positive,windowsphone wp microsoft really icecreamsandwichfail innovation imitation sad sad
microsoft,positive,126555956975910912,Wed Oct 19 07:11:06 +0000 2011,The more i use Office 2010 the more i fall in love it with. #honest #genius #microsoft,Positive,use office fall love honest genius microsoft
microsoft,positive,126553559847288832,Wed Oct 19 07:01:34 +0000 2011,"@guardiantech I love the ""And now it is looking to China:"" Apple funds sweatshops there while Gates funds a foundation #apple #microsoft",Positive,love looking china apple fund sweatshop gate fund foundation apple microsoft
microsoft,positive,126552645497405440,Wed Oct 19 06:57:56 +0000 2011,That was a good one(commercial). #microsoft,Positive,good onecommercial microsoft
microsoft,positive,126532025552347136,Wed Oct 19 05:36:00 +0000 2011,Welcome Skype to the #Microsoft family. We can do amazing things together. http://t.co/YKCHtu8h #welcomeskype,Positive,welcome skype microsoft family amazing thing together welcomeskype
microsoft,positive,126529895923843072,Wed Oct 19 05:27:32 +0000 2011,&lt;3 u #microsoft!!!,Positive,lt microsoft
microsoft,positive,126499160995282944,Wed Oct 19 03:25:24 +0000 2011,"Absolutely loving the ARC mouse, courtesy of the one and only @gregulator0. #inspired #microsoft",Positive,absolutely loving arc mouse courtesy one inspired microsoft
microsoft,positive,126494986983325696,Wed Oct 19 03:08:49 +0000 2011,Not a #Microsoft fan but this is cool. Video: Turn any surface into a #touchscreen http://t.co/yy1hNrbQ,Positive,microsoft fan cool video turn surface touchscreen
microsoft,positive,126492789939765248,Wed Oct 19 03:00:05 +0000 2011,"Wow #android #ics, lots of uh uh uh uh talk going on... forsure not a #microsoft #mango launch were people have public speaking skills",Positive,wow android ic lot uh uh uh uh talk going forsure microsoft mango launch people public speaking skill
microsoft,positive,126479912407273472,Wed Oct 19 02:08:55 +0000 2011,Jus updated my computer to Windows 7 .....I'm on thanks to #microsoft,Positive,jus updated computer window im thanks microsoft
microsoft,negative,126802977813037057,Wed Oct 19 23:32:40 +0000 2011,ICS #android is going to kill both Mango #wmp #microsoft and #rimm.  it already killed webOS and Nokia OS...,Negative,ic android going kill mango wmp microsoft rimm already killed webos nokia o
microsoft,negative,126795554079510528,Wed Oct 19 23:03:10 +0000 2011,Only people with names beginning with 'A' are getting mail this week (a la #Microsoft),Negative,people name beginning getting mail week la microsoft
microsoft,negative,126793207613894659,Wed Oct 19 22:53:51 +0000 2011,#Microsoft #Outlook #2011 for #Mac #sucks… #hate,Negative,microsoft outlook mac suck hate
microsoft,negative,126790861831938048,Wed Oct 19 22:44:31 +0000 2011,#Microsoft freezes some #Xbox accounts after hack reports - http://t.co/w051BfS0  via @CanadaIT,Negative,microsoft freeze xbox account hack report via
microsoft,negative,126789739180326913,Wed Oct 19 22:40:04 +0000 2011,#Update #Microsoft MS11-078 - Critical : Vulnerability in .NET Framework and Microsoft Silverlight Could Allow R... http://t.co/izO0WUNt,Negative,update microsoft m critical vulnerability net framework microsoft silverlight could allow
microsoft,negative,126788223409197058,Wed Oct 19 22:34:02 +0000 2011,#Microsoft #Windows Media Centre GUI #Fail #MajorFail,Negative,microsoft window medium centre gui fail majorfail
microsoft,negative,126786271921184768,Wed Oct 19 22:26:17 +0000 2011,How #Apple eclipsed #Microsoft. http://t.co/WU9bFI1h,Negative,apple eclipsed microsoft
microsoft,negative,126782820709441536,Wed Oct 19 22:12:34 +0000 2011,"@theresamarosy haha k, thought everybody knew #Microsoft sucks.",Negative,haha thought everybody knew microsoft suck
microsoft,negative,126781543879421952,Wed Oct 19 22:07:30 +0000 2011,"@theresamarosy bc #IE , like everything #Microsoft makes is junk and super prone to crashing.",Negative,bc ie like everything microsoft make junk super prone crashing
microsoft,negative,126778114385772548,Wed Oct 19 21:53:52 +0000 2011,"When #Microsoft ""violated U.S. antitrust laws""—leaving #Netscape out of business & #Novell wounded—it played ""dumb"". http://t.co/0WHHmAK4",Negative,microsoft violated u antitrust lawsleaving netscape business novell woundedit played dumb
microsoft,negative,126771575772020736,Wed Oct 19 21:27:53 +0000 2011,#Microsoft Lync crash issue on #Mac OS X 10.7.2 [Fixed] - http://t.co/YZhCdgFP,Negative,microsoft lync crash issue mac o fixed
microsoft,negative,126771575654596608,Wed Oct 19 21:27:53 +0000 2011,#Microsoft Lync crash issue on #Mac OS X 10.7.2 [Fixed] - http://t.co/rzucFejc,Negative,microsoft lync crash issue mac o fixed
microsoft,negative,126771575591665665,Wed Oct 19 21:27:53 +0000 2011,#Microsoft Lync crash issue on #Mac OS X 10.7.2 [Fixed] - http://t.co/Gjiu2zz1,Negative,microsoft lync crash issue mac o fixed
microsoft,negative,126766935634485249,Wed Oct 19 21:09:27 +0000 2011,"RT @schestowitz: When #Microsoft broke the law it played ""victim"". Now it engages in racketeering, calls victims ""outlaws"" (""respect our ...",Negative,rt microsoft broke law played victim engages racketeering call victim outlaw respect
microsoft,negative,126763744557662209,Wed Oct 19 20:56:46 +0000 2011,"#Nokia workers ask, is chief executive a #Microsoft mole? http://t.co/lWJP9GiU",Negative,nokia worker ask chief executive microsoft mole
microsoft,negative,126763108080427009,Wed Oct 19 20:54:14 +0000 2011,RT @idtheftprotect: #Microsoft has frozen some #Xbox Live (XBL) accounts after online gamers report they have been hacked. http://t.co/M ...,Negative,rt microsoft frozen xbox live xbl account online gamers report hacked
microsoft,negative,126761988608098304,Wed Oct 19 20:49:47 +0000 2011,"I gave a try to Windows 8 Dev. Preview and it was good but the UI is way too messy right now, waiting for the Beta #microsoft #windows8",Negative,gave try window dev preview good ui way messy right waiting beta microsoft window
microsoft,negative,126759080860725248,Wed Oct 19 20:38:14 +0000 2011,Six PowerPoint Nightmares (and How to Fix Them) http://t.co/JsQ96NuQ #powerpoint #microsoft #presentations,Negative,six powerpoint nightmare fix powerpoint microsoft presentation
microsoft,negative,126758070176059392,Wed Oct 19 20:34:13 +0000 2011,How #Apple eclipsed #Microsoft http://t.co/1fH0dFGj from @guardian,Negative,apple eclipsed microsoft
microsoft,negative,126754989409452032,Wed Oct 19 20:21:59 +0000 2011,This is kind of really creepy: Use your search engine the same way as @MileyCyrus would http://t.co/a050TG4L . . . #Microsoft,Negative,kind really creepy use search engine way would microsoft
microsoft,negative,126754753697943552,Wed Oct 19 20:21:02 +0000 2011,Great time to be a family? #Microsoft #advertising enrages me. Again. http://t.co/pYT7vKRP,Negative,great time family microsoft advertising enrages
microsoft,negative,126753683630333952,Wed Oct 19 20:16:47 +0000 2011,"With #Windows 8, #Microsoft can't forget past antitrust issues http://t.co/z4jWLQVu",Negative,window microsoft cant forget past antitrust issue
microsoft,negative,126750481069510656,Wed Oct 19 20:04:04 +0000 2011,"#Microsoft is currently paying to produce #swpats propaganda to lobby politicians with -- to make racketeering seem ""acceptable""",Negative,microsoft currently paying produce swpats propaganda lobby politician make racketeering seem acceptable
microsoft,negative,126748219261726721,Wed Oct 19 19:55:05 +0000 2011,There is nothing like sitting in the workshop all day talking to #microsoft and having to talk to them again tomorrow + waiting for parts.,Negative,nothing like sitting workshop day talking microsoft talk tomorrow waiting part
microsoft,negative,126748091083788288,Wed Oct 19 19:54:34 +0000 2011,RT @InformationWeek: Reader 'Tronman' compares #SteveBallmer to an albatross around #Microsoft's neck.  Do you agree?  Join the discu...,Negative,rt reader tronman compare steveballmer albatross around microsofts neck agree join discu
microsoft,negative,126747859960856576,Wed Oct 19 19:53:39 +0000 2011,"When #Microsoft broke the law it played ""victim"". Now it engages in racketeering, calls victims ""outlaws"" (""respect our IP"").",Negative,microsoft broke law played victim engages racketeering call victim outlaw respect ip
microsoft,negative,126747247563112448,Wed Oct 19 19:51:13 +0000 2011,I would be a lot happier if #Microsoft Word didn't freeze every 5 minutes.,Negative,would lot happier microsoft word didnt freeze every minute
microsoft,negative,126746946093330434,Wed Oct 19 19:50:01 +0000 2011,"@Anas_Monaffal LOL , i do both .. and for sure #Microsoft #DotNet is perfect, simple o ay 7aja ;) .. but sorry I HATE WINDOWS PHONES :P",Negative,lol sure microsoft dotnet perfect simple ay aja sorry hate window phone
microsoft,negative,126744670465306624,Wed Oct 19 19:40:58 +0000 2011,#Microsoft took 6 months to recruit Everson and 9 months to lose her to #Faceboook via Adweek http://t.co/l5mTm6Ig,Negative,microsoft took month recruit everson month lose faceboook via adweek
microsoft,negative,126744386137624576,Wed Oct 19 19:39:51 +0000 2011,Comp crash #Microsoft :/ Wouldn't get this with an iMac -__-,Negative,comp crash microsoft wouldnt get imac
microsoft,negative,126744132763910144,Wed Oct 19 19:38:50 +0000 2011,Reader 'Tronman' compares #SteveBallmer to an albatross around #Microsoft's neck.  Do you agree?  Join the discussion! http://t.co/Mn39R2vc,Negative,reader tronman compare steveballmer albatross around microsofts neck agree join discussion
microsoft,negative,126744130784198656,Wed Oct 19 19:38:50 +0000 2011,Reader 'Tronman' compares #SteveBallmer to an albatross around #Microsoft's neck.  Do you agree?  Join the discussion! http://t.co/2iJK0VB3,Negative,reader tronman compare steveballmer albatross around microsofts neck agree join discussion
microsoft,negative,126744129135845377,Wed Oct 19 19:38:49 +0000 2011,Reader 'Tronman' compares #SteveBallmer to an albatross around #Microsoft's neck.  Do you agree?  Join the discussion! http://t.co/DFFkvnSJ,Negative,reader tronman compare steveballmer albatross around microsofts neck agree join discussion
microsoft,negative,126743725677346816,Wed Oct 19 19:37:13 +0000 2011,#WindowsPhone7 would get a lot more blog and review love if #Microsoft provided a tool to grab screenshots. It's nearly impossible #wpt,Negative,windowsphone would get lot blog review love microsoft provided tool grab screenshots nearly impossible wpt
microsoft,negative,126740373883191296,Wed Oct 19 19:23:54 +0000 2011,"RT @Saptha: When u dine with a customer u shoukd never explain abt solutions unless he ask , M$ never lean the concept #microsoft #fail",Negative,rt dine customer shoukd never explain abt solution unless ask never lean concept microsoft fail
microsoft,negative,126738867087884288,Wed Oct 19 19:17:55 +0000 2011,I hate #Microsoft PowerPoint!,Negative,hate microsoft powerpoint
microsoft,negative,126730748882460672,Wed Oct 19 18:45:39 +0000 2011,Is #Microsoft just another evil corporation? Beware when it comes to buying a #Windows8 PC http://t.co/QbgXXJMm,Negative,microsoft another evil corporation beware come buying window pc
microsoft,negative,126730580934135809,Wed Oct 19 18:44:59 +0000 2011,#skype is now part of stupid #microsoft it seems,Negative,skype part stupid microsoft seems
microsoft,negative,126730265551843329,Wed Oct 19 18:43:44 +0000 2011,#Skype is underwhelming: I use skype. It was recently bought by #Microsoft for  $8.5 billion. As such it has a v... http://t.co/Xli2bR42,Negative,skype underwhelming use skype recently bought microsoft billion
microsoft,negative,126727758108823553,Wed Oct 19 18:33:46 +0000 2011,Apple + Microsoft...The Difference: How #Apple Eclipsed #Microsoft @PSFK: http://t.co/Rmi8oSMi #brand #brands #marketing #innovation,Negative,apple microsoftthe difference apple eclipsed microsoft brand brand marketing innovation
microsoft,negative,126726935572262912,Wed Oct 19 18:30:30 +0000 2011,"#Microsoft knows how to kick off an opening, but I don't quite see the #edge for Windows Phone or their tablets #iSorry http://t.co/9XDdXN1w",Negative,microsoft know kick opening dont quite see edge window phone tablet isorry
microsoft,negative,126726458776358913,Wed Oct 19 18:28:36 +0000 2011,"RT @amarsanghera The fact that #Microsoft are using a #QRCode alongside one of their colour code shows the format is failing, opinions…",Negative,rt fact microsoft using qrcode alongside one colour code show format failing opinion
microsoft,negative,126724991495569408,Wed Oct 19 18:22:47 +0000 2011,"If #Apple came out with gaming console (ala Xbox 360) that blew the current players out of water, #Microsoft and #Sony would be in trouble",Negative,apple came gaming console ala xbox blew current player water microsoft sony would trouble
microsoft,negative,126722961381134336,Wed Oct 19 18:14:43 +0000 2011,"The fact that #Microsoft are using a #QRCode alongside one of their colour code shows the format is failing, opinions? http://t.co/BlhHGOpo",Negative,fact microsoft using qrcode alongside one colour code show format failing opinion
microsoft,negative,126722095743893504,Wed Oct 19 18:11:16 +0000 2011,"If #Microsoft had more interoperability between their products (Xbox 360, Windows 7, Windows Phone 7, Zune) I'd be a Windows Phone user.",Negative,microsoft interoperability product xbox window window phone zune id window phone user
microsoft,negative,126720736848117760,Wed Oct 19 18:05:52 +0000 2011,"#Microsoft - We put the ""backwards"" into backwards compatibility. #instantfollowback",Negative,microsoft put backwards backwards compatibility instantfollowback
microsoft,negative,126719328035942400,Wed Oct 19 18:00:16 +0000 2011,"Is #Nokia chief executive a #Microsoft mole? http://t.co/jkOTcrMb
Stephen Elop accused of destroying Nokia so Microsoft can buy it cheap.",Negative,nokia chief executive microsoft mole stephen elop accused destroying nokia microsoft buy cheap
microsoft,negative,126718833493938176,Wed Oct 19 17:58:18 +0000 2011,#Microsoft #Dynamics #NAV is a cesspit. Extreme consultingware. To be avoided...,Negative,microsoft dynamic nav cesspit extreme consultingware avoided
microsoft,negative,126716806688804865,Wed Oct 19 17:50:15 +0000 2011,Wow. Lots of negative comments about #windows8 on the @BuildWindows8 blog. I sure hope #Microsoft is listening #keepthedesktop,Negative,wow lot negative comment window blog sure hope microsoft listening keepthedesktop
microsoft,negative,126714471543619584,Wed Oct 19 17:40:58 +0000 2011,"When u dine with a customer u shoukd never explain abt solutions unless he ask , M$ never lean the concept #microsoft #fail",Negative,dine customer shoukd never explain abt solution unless ask never lean concept microsoft fail
microsoft,negative,126712110095925250,Wed Oct 19 17:31:35 +0000 2011,Distrust and angst amongst #Nokia employees against #Selop #Microsoft fixation. http://t.co/jkOTcrMb,Negative,distrust angst amongst nokia employee selop microsoft fixation
microsoft,negative,126705293055889408,Wed Oct 19 17:04:30 +0000 2011,I am quickly falling in love with #Apple #iCloud. Finally a web-based solution to wave my old #Microsoft Outlook bye-bye,Negative,quickly falling love apple icloud finally webbased solution wave old microsoft outlook byebye
microsoft,negative,126704033779023872,Wed Oct 19 16:59:30 +0000 2011,"""Yeh behatreen samay hay parivar honeka"" says the #microsoft #ad in hindi. Preaching family values to indians? Get a local ad agency guys",Negative,yeh behatreen samay hay parivar honeka say microsoft ad hindi preaching family value indian get local ad agency guy
microsoft,negative,126700315507572736,Wed Oct 19 16:44:43 +0000 2011,"#BOFH excuse #447: According to #Microsoft, it's by design | #IFollowBack #Instantly",Negative,bofh excuse according microsoft design ifollowback instantly
microsoft,negative,126700014385897472,Wed Oct 19 16:43:32 +0000 2011,"I sware to go, #windows and #microsoft will be the death of me...I don't know why I keep giving windows (cont) http://t.co/3rkOchzr",Negative,sware go window microsoft death mei dont know keep giving window cont
microsoft,negative,126692062757269505,Wed Oct 19 16:11:56 +0000 2011,RT @EA_Jorge: I'm on day 80-something of my Xbox LIVE acct being hacked. This is worse than PSN hack. Will I ever get it back? #Microsof ...,Negative,rt im day something xbox live acct hacked worse psn hack ever get back microsof
microsoft,negative,126691815394000896,Wed Oct 19 16:10:57 +0000 2011,Thanks again #microsoft for wasting more of my time. Apple&gt;windows http://t.co/GNy9G07B,Negative,thanks microsoft wasting time applegtwindows
microsoft,negative,126690175656001538,Wed Oct 19 16:04:26 +0000 2011,"Dear #Microsoft, I should only have to hit the Windows update button *once* when manually running updates, not 4 or 5 times. #sysadmin",Negative,dear microsoft hit window update button manually running update time sysadmin
microsoft,negative,126689051960033280,Wed Oct 19 15:59:58 +0000 2011,"Totally unproductive day with no access to #Microsoft Excel or Word, aaargh! Will be working late tonight after hubby fixes. #fingerscrossed",Negative,totally unproductive day access microsoft excel word aaargh working late tonight hubby fix fingerscrossed
microsoft,negative,126686283769712640,Wed Oct 19 15:48:58 +0000 2011,RT @ManelFMartinez: How #Apple eclipsed #Microsoft http://t.co/IJ6XyDp3  #sun rise #in via @guardian,Negative,rt apple eclipsed microsoft sun rise via
microsoft,negative,126686075287642112,Wed Oct 19 15:48:08 +0000 2011,How #Apple eclipsed #Microsoft http://t.co/IJ6XyDp3  #sun rise #in via @guardian,Negative,apple eclipsed microsoft sun rise via
microsoft,negative,126682137972834305,Wed Oct 19 15:32:29 +0000 2011,I don't understand y @Google mail can work seamlessly in all browsers in all platforms and #Microsoft Exchg sucks n says you need IE6.,Negative,dont understand mail work seamlessly browser platform microsoft exchg suck say need ie
microsoft,negative,126681641388216320,Wed Oct 19 15:30:31 +0000 2011,#Microsoft has frozen some #Xbox Live (XBL) accounts after online gamers report they have been hacked. http://t.co/MdQhb6x3,Negative,microsoft frozen xbox live xbl account online gamers report hacked
microsoft,negative,126681389570596865,Wed Oct 19 15:29:31 +0000 2011,"@nicholi57 @yuvalz @MobileBurn lets's wait and see if it interests ppl, #MeeGo does... No one likes #Microsoft, we are just forced fed WPs",Negative,letss wait see interest ppl meego one like microsoft forced fed wps
microsoft,negative,126680630087008257,Wed Oct 19 15:26:30 +0000 2011,I'm on day 80-something of my Xbox LIVE acct being hacked. This is worse than PSN hack. Will I ever get it back? #Microsoft #Xbox #Fail,Negative,im day something xbox live acct hacked worse psn hack ever get back microsoft xbox fail
microsoft,negative,126679134817624066,Wed Oct 19 15:20:33 +0000 2011,Interesting read - How #Apple eclipsed #Microsoft http://t.co/hFWpbMY6 via @guardian (cc: @elcheicon),Negative,interesting read apple eclipsed microsoft via cc
microsoft,negative,126677032837971968,Wed Oct 19 15:12:12 +0000 2011,"So let me get this straight, #microsoft makes windows phone, microsoft owns skype but there's no #skype app for windows phone.",Negative,let get straight microsoft make window phone microsoft owns skype there skype app window phone
microsoft,negative,126675041353076738,Wed Oct 19 15:04:18 +0000 2011,#microsoft update is so slow  :(( http://t.co/37IGhGic,Negative,microsoft update slow
microsoft,negative,126672651459633152,Wed Oct 19 14:54:48 +0000 2011,Fuck #microsoft i love them to death but that red ring and no free xboxlive is killing me. #Sony all day :-\,Negative,fuck microsoft love death red ring free xboxlive killing sony day
microsoft,negative,126671856404144128,Wed Oct 19 14:51:38 +0000 2011,Fixing a pc that thinks it is 1601. I thought #Microsoft had the Y1.6K issue fixed already. #Techsupport,Negative,fixing pc think thought microsoft yk issue fixed already techsupport
microsoft,negative,126668133405696000,Wed Oct 19 14:36:51 +0000 2011,"http://t.co/PUJYV9c0 With friends like #Billgates and #steveballmet at #microsoft, who needs enemies ;-)",Negative,friend like billgates steveballmet microsoft need enemy
microsoft,negative,126666768541421571,Wed Oct 19 14:31:25 +0000 2011,#Microsoft 's latest offering leaves me praying for the Blue Screen of Death. http://t.co/gTqdvfxo #advertising #OhNoNotAgain,Negative,microsoft latest offering leaf praying blue screen death advertising ohnonotagain
microsoft,negative,126666110237032448,Wed Oct 19 14:28:48 +0000 2011,I did the best of everyone who failed - Bill Gate #Microsoft,Negative,best everyone failed bill gate microsoft
microsoft,negative,126662601139695616,Wed Oct 19 14:14:52 +0000 2011,Which planet is he living on? #Microsoft #CEO #Fail #palmface http://t.co/3zcq60SF,Negative,planet living microsoft ceo fail palmface
microsoft,negative,126647829656641536,Wed Oct 19 13:16:10 +0000 2011,"I've seen a couple of iPhone 4S's already, but still no Windows Phone 7's ... ever! #Microsoft not so hot.",Negative,ive seen couple iphone s already still window phone ever microsoft hot
microsoft,negative,126647697800310784,Wed Oct 19 13:15:38 +0000 2011,#Microsoft licensing process is annoying !!!,Negative,microsoft licensing process annoying
microsoft,negative,126647264943943682,Wed Oct 19 13:13:55 +0000 2011,"It baffles me that Steve Ballmer can be a CEO of a company, let alone a giant like #Microsoft - The guys a moron.",Negative,baffle steve ballmer ceo company let alone giant like microsoft guy moron
microsoft,negative,126646630702260224,Wed Oct 19 13:11:24 +0000 2011,#Microsoft arrogance again - Ballmer says you need to be a computer scientist to use #Android http://t.co/6PHh3Jb6,Negative,microsoft arrogance ballmer say need computer scientist use android
microsoft,negative,126645939208327168,Wed Oct 19 13:08:39 +0000 2011,#Microsoft arrogance again - Ballmer says you need to be a computer scientist to use #Android http://t.co/pltitgeI,Negative,microsoft arrogance ballmer say need computer scientist use android
microsoft,negative,126644987474608128,Wed Oct 19 13:04:52 +0000 2011,"Is the sound of compliments that sound
more like obituaries #microsoft",Negative,sound compliment sound like obituary microsoft
microsoft,negative,126643061567668224,Wed Oct 19 12:57:13 +0000 2011,#Nokia co-operation with #Microsoft listed as the 4th riskiest business move of the year: http://t.co/IYo86gVj,Negative,nokia cooperation microsoft listed th riskiest business move year
microsoft,negative,126642517310570497,Wed Oct 19 12:55:03 +0000 2011,[WebProNews Finance] #Yahoo Revenue Drop Attributed to #Microsoft Deal http://t.co/EOrOSstX,Negative,webpronews finance yahoo revenue drop attributed microsoft deal
microsoft,negative,126642328466243584,Wed Oct 19 12:54:18 +0000 2011,"#microsoft still didn't managed access to #metro apps on ""older"" netbooks. #win8 #resolution",Negative,microsoft still didnt managed access metro apps older netbooks win resolution
microsoft,negative,126642036572041216,Wed Oct 19 12:53:09 +0000 2011,#Yahoo Revenue Drop Attributed to #Microsoft Deal http://t.co/yRcKQeIs,Negative,yahoo revenue drop attributed microsoft deal
microsoft,negative,126640632478445568,Wed Oct 19 12:47:34 +0000 2011,[WebProNews Finance] #Yahoo Revenue Drop Attributed to #Microsoft Deal http://t.co/ItdkLRry,Negative,webpronews finance yahoo revenue drop attributed microsoft deal
microsoft,negative,126637450008346624,Wed Oct 19 12:34:55 +0000 2011,Nokia employees still worried that Elop is a Microsoft mole http://t.co/n4Cpu3vj #microsoft #windows,Negative,nokia employee still worried elop microsoft mole microsoft window
microsoft,negative,126636886977556480,Wed Oct 19 12:32:41 +0000 2011,I so wish that #SteveBallmer from #Microsoft would have to swallow his words about #Yahoo: http://t.co/XSJGIfop,Negative,wish steveballmer microsoft would swallow word yahoo
microsoft,negative,126636535813636096,Wed Oct 19 12:31:17 +0000 2011,just upgraded to win 8 on my pc only for it to tell me it failed to install and they dont know what happened thats #microsoft for you!,Negative,upgraded win pc tell failed install dont know happened thats microsoft
microsoft,negative,126635317108289536,Wed Oct 19 12:26:27 +0000 2011,Really hate the #Microsoft #mcp site,Negative,really hate microsoft mcp site
microsoft,negative,126628406258450432,Wed Oct 19 11:58:59 +0000 2011,Screened by RepRisk – #Microsoft will undergo trial for its alleged anti-competitive practices @Microsoft,Negative,screened reprisk microsoft undergo trial alleged anticompetitive practice
microsoft,negative,126622538557177856,Wed Oct 19 11:35:40 +0000 2011,"I have concluded, having used it since March, that Windows 7 Ultimate is a complete catastrophe. Mr Gates, you have lost the plot #Microsoft",Negative,concluded used since march window ultimate complete catastrophe mr gate lost plot microsoft
microsoft,negative,126618374972248064,Wed Oct 19 11:19:07 +0000 2011,How #Apple eclipsed #Microsoft http://t.co/dL9CRCZy,Negative,apple eclipsed microsoft
microsoft,negative,126614764339212288,Wed Oct 19 11:04:46 +0000 2011,Oh how much do I loathe #microsoft??? An hour to 'configure updates' which it is then unable to do so another 20 mins 'reverting changes'...,Negative,oh much loathe microsoft hour configure update unable another min reverting change
microsoft,negative,126603861933817856,Wed Oct 19 10:21:27 +0000 2011,"http://t.co/zBLtZ5MW German Federal #Trojan's got a BigBrother. #Gov spying on its people, #Microsoft's 32bit/64bit #Windows is target",Negative,german federal trojan got bigbrother gov spying people microsofts bitbit window target
microsoft,negative,126602276872794112,Wed Oct 19 10:15:09 +0000 2011,"#Microsoft, #Adobe lose $13.5bn to piracy: Report http://t.co/x4yWfNSV",Negative,microsoft adobe lose bn piracy report
microsoft,negative,126602276805685248,Wed Oct 19 10:15:09 +0000 2011,"#Microsoft, #Adobe lose $13.5bn to piracy: Report http://t.co/wXBC1UUw",Negative,microsoft adobe lose bn piracy report
microsoft,negative,126599337361932288,Wed Oct 19 10:03:28 +0000 2011,"System.IO.File.Delete - You lie! You didn't delete my file, and you didn't throw an exception. WTF!? #microsoft #net",Negative,systemiofiledelete lie didnt delete file didnt throw exception wtf microsoft net
microsoft,negative,126595347198902272,Wed Oct 19 09:47:37 +0000 2011,"Wilth #Accessibility mode on in #SharePoint 2010, it seems that #Workflows sometimes do not start automatically #SP2010 #Workflow #Microsoft",Negative,wilth accessibility mode sharepoint seems workflow sometimes start automatically sp workflow microsoft
microsoft,negative,126594799062102016,Wed Oct 19 09:45:26 +0000 2011,Internet Explorer 9 is the biggest pile of shit ever seriously #Microsoft #IE9,Negative,internet explorer biggest pile shit ever seriously microsoft ie
microsoft,negative,126586083470360576,Wed Oct 19 09:10:48 +0000 2011,I have been seriously slacking with my #mandarin studies these past few months. Blame #Microsoft and #Cisco!! #StudyingWhilstMotivated,Negative,seriously slacking mandarin study past month blame microsoft cisco studyingwhilstmotivated
microsoft,negative,126583473929588736,Wed Oct 19 09:00:26 +0000 2011,sledgehammer maybe! RT @SkandalasGP Office blues *drink?* RT @wuppy: #microsoft fail #notresponding for fcucks sake  http://t.co/lCXa9q8P,Negative,sledgehammer maybe rt office blue drink rt microsoft fail notresponding fcucks sake
microsoft,negative,126579470424473600,Wed Oct 19 08:44:32 +0000 2011,#skype is ruining the friendship with your aggressive #microsoft type selling. If i need something i'll ask. Thank you...,Negative,skype ruining friendship aggressive microsoft type selling need something ill ask thank
microsoft,negative,126579121303207936,Wed Oct 19 08:43:08 +0000 2011,Office blues *drink?* RT @wuppy: #microsoft fail #notresponding for fcucks sake  http://t.co/VtYbqI91,Negative,office blue drink rt microsoft fail notresponding fcucks sake
microsoft,negative,126577595553824770,Wed Oct 19 08:37:05 +0000 2011,@joannejacobs I'd like to criticise #Microsoft's Steve Ballmer face-to-face for all the pain & suffering their products cause. #justsaying,Negative,id like criticise microsofts steve ballmer facetoface pain suffering product cause justsaying
microsoft,negative,126574432159408129,Wed Oct 19 08:24:30 +0000 2011,#microsoft fail #notresponding for fcucks sake  http://t.co/lCXa9q8P,Negative,microsoft fail notresponding fcucks sake
microsoft,negative,126573688941318144,Wed Oct 19 08:21:33 +0000 2011,How #apple eclipsed #microsoft http://t.co/4bWXJaDg by @charlesarthur #business @guardian,Negative,apple eclipsed microsoft business
microsoft,negative,126573680665964544,Wed Oct 19 08:21:31 +0000 2011,"RT @guardiantech: How #Apple eclipsed #Microsoft http://t.co/GK6YjTFY &lt;- Microsoft's future is in the corporate world, not consumer",Negative,rt apple eclipsed microsoft lt microsofts future corporate world consumer
microsoft,negative,126572762411171840,Wed Oct 19 08:17:52 +0000 2011,"♻ @waynp:  Not the MS hate bit tho. &lt; Waddya mean? #microsoft sucks bonobo monkeys' asses... #Linux roolz. For the extremists, there's #BSD",Negative,m hate bit tho lt waddya mean microsoft suck bonobo monkey ass linux roolz extremist there bsd
microsoft,negative,126572362316513280,Wed Oct 19 08:16:17 +0000 2011,"#Microsoft, #Adobe lose $13.5bn to piracy: Report - The Times of India http://t.co/5IbOBNrH",Negative,microsoft adobe lose bn piracy report time india
microsoft,negative,126570851389800448,Wed Oct 19 08:10:17 +0000 2011,"#Skype often crashing: #microsoft, what are you doing?",Negative,skype often crashing microsoft
microsoft,negative,126570732430966785,Wed Oct 19 08:09:48 +0000 2011,"#Microsoft's #SteveBallmer attacks #Android phones ..... well #windows7mobile is gay, you metro! http://t.co/sQnE1iLb via @Telegraph",Negative,microsofts steveballmer attack android phone well windowsmobile gay metro via
microsoft,negative,126570180070481920,Wed Oct 19 08:07:37 +0000 2011,♻ @mariospr: Stand up for your freedom to install free software. Please sign up! http://t.co/YOOTfKTM #gnu #against #microsoft,Negative,stand freedom install free software please sign gnu microsoft
microsoft,negative,126567507350913024,Wed Oct 19 07:56:59 +0000 2011,#Microsoft just bought #Skype officially. So how's the future of #Skype on any other devices/operating systems? :(,Negative,microsoft bought skype officially hows future skype devicesoperating system
microsoft,negative,126566106252062720,Wed Oct 19 07:51:25 +0000 2011,#Google go went gone..server issues! first time since ages...now my faith in Tech. from #RIM to #Microsoft has been completely lifted,Negative,google go went goneserver issue first time since agesnow faith tech rim microsoft completely lifted
microsoft,negative,126565636703924225,Wed Oct 19 07:49:33 +0000 2011,"RT @sander_koers: #Google Apps vs. #Microsoft #Office 365: ""it is clear that Google Apps should be the top choice"" http://t.co/OySZmjVi #in",Negative,rt google apps v microsoft office clear google apps top choice
microsoft,negative,126564844211154944,Wed Oct 19 07:46:24 +0000 2011,Ouch!!! #Microsoft #Azure #fail http://t.co/LJpGVZJT,Negative,ouch microsoft azure fail
microsoft,negative,126560723794010112,Wed Oct 19 07:30:02 +0000 2011,"#Google Apps vs. #Microsoft #Office 365: ""it is clear that Google Apps should be the top choice"" http://t.co/KDTD4zRe",Negative,google apps v microsoft office clear google apps top choice
microsoft,negative,126558437017530368,Wed Oct 19 07:20:57 +0000 2011,#microsoft #SBS 2011 disabling third party software #updates via #gpo,Negative,microsoft sb disabling third party software update via gpo
microsoft,negative,126546665342640128,Wed Oct 19 06:34:10 +0000 2011,How #Apple eclipsed #Microsoft http://t.co/KxboqsKj,Negative,apple eclipsed microsoft
microsoft,negative,126546043193147394,Wed Oct 19 06:31:42 +0000 2011,"Unmindful Ballmer, collects half a billion, doesn't say thank you.  http://t.co/lwtpXejo #android #google #microsoft",Negative,unmindful ballmer collect half billion doesnt say thank android google microsoft
microsoft,negative,126543225501650944,Wed Oct 19 06:20:30 +0000 2011,#Apple eclipsed #Microsoft http://t.co/wEdPbcPx,Negative,apple eclipsed microsoft
microsoft,negative,126525932625334272,Wed Oct 19 05:11:47 +0000 2011,http://t.co/5oK4XcOw Microsoft !! i hate you again !! #microsoft,Negative,microsoft hate microsoft
microsoft,negative,126519630868119552,Wed Oct 19 04:46:45 +0000 2011,"Open Letter: Steve Ballmer, Please Retire - Forbes - Please retweet! #MSFT needs a techie leader. http://t.co/E8uMRmro #microsoft #ballmer",Negative,open letter steve ballmer please retire forbes please retweet msft need techie leader microsoft ballmer
microsoft,negative,126518620095393792,Wed Oct 19 04:42:44 +0000 2011,@MatthewGPhy One Operating System to rule them all and in the darkness bind them.  #Microsoft,Negative,one operating system rule darkness bind microsoft
microsoft,negative,126517164416049152,Wed Oct 19 04:36:57 +0000 2011,"I wonder if I tweet Bill Gates he'll fix my laptop... 

#Microsoft
#vista
#fml",Negative,wonder tweet bill gate hell fix laptop microsoft vista fml
microsoft,negative,126515911321591808,Wed Oct 19 04:31:58 +0000 2011,RT @anup_pillai: How #Apple eclipsed #Microsoft | http://t.co/r6hNEtTu,Negative,rt apple eclipsed microsoft
microsoft,negative,126513363529383937,Wed Oct 19 04:21:51 +0000 2011,"After I don't know how many years, you still can't copy a #microsoft #word document headings to #powerpoint. #justsaying",Negative,dont know many year still cant copy microsoft word document heading powerpoint justsaying
microsoft,negative,126508179281547264,Wed Oct 19 04:01:16 +0000 2011,"#microsoft #careers site is giving errors for any thing i search!! #weird
http://t.co/vJ2JpKtM http://t.co/02dYONXz",Negative,microsoft career site giving error thing search weird
microsoft,negative,126504435227701248,Wed Oct 19 03:46:22 +0000 2011,"Installing .NET framework, this might take very many years. Come back when your unborn child is in college. #microsoft",Negative,installing net framework might take many year come back unborn child college microsoft
microsoft,negative,126488915996721153,Wed Oct 19 02:44:42 +0000 2011,Watching podcast of Steve Jobs & Bill Gates at 07 D5. Gates sucks at tech predictions! All talk #Apple #Microsoft,Negative,watching podcast steve job bill gate gate suck tech prediction talk apple microsoft
microsoft,negative,126485347935862784,Wed Oct 19 02:30:31 +0000 2011,My#Dell comp on shitty #Microsoft vista blue screened i swear this is steve jobs ghost coming back to finish what he started#appledomination,Negative,mydell comp shitty microsoft vista blue screened swear steve job ghost coming back finish startedappledomination
microsoft,negative,126484955047006209,Wed Oct 19 02:28:57 +0000 2011,#WTF #Microsoft #sbs2008 #rww only works in #IE. #browserwars,Negative,wtf microsoft sb rww work ie browserwars
microsoft,neutral,126809228194217984,Wed Oct 19 23:57:30 +0000 2011,"My last day of #Microsoft #SharePoint training: 10175A/Microsoft SharePoint 2010, Application Development - http://t.co/pKMBGsNr",Neutral,last day microsoft sharepoint training amicrosoft sharepoint application development
microsoft,neutral,126808500356644864,Wed Oct 19 23:54:37 +0000 2011,"Following dear #Microsoft CEO's logic, 550,000 #Android devices activated each day NEED to belong to computer scientists. I am enlightened!!",Neutral,following dear microsoft ceo logic android device activated day need belong computer scientist enlightened
microsoft,neutral,126808393892634625,Wed Oct 19 23:54:11 +0000 2011,#EEDAR report: half of HD console owners buying #DLC http://t.co/5tO4bS31 #business #microsoft #pc #playstation,Neutral,eedar report half hd console owner buying dlc business microsoft pc playstation
microsoft,neutral,126805369619087360,Wed Oct 19 23:42:10 +0000 2011,Congrats to #Microsoft's Monica Diaz for being part of @HispanicBizMag 100 Most Influential Hispanics! http://t.co/qj9QDBhA,Neutral,congrats microsofts monica diaz part influential hispanic
microsoft,neutral,126805239209803777,Wed Oct 19 23:41:39 +0000 2011,Windows Phone Mango Update Released to 'Nearly Everyone' http://t.co/SX1NQJJ1 #microsoft #Technology,Neutral,window phone mango update released nearly everyone microsoft technology
microsoft,neutral,126804966491955201,Wed Oct 19 23:40:34 +0000 2011,"RT @WinBetaDotOrg: Microsoft releases developer preview of ""Project Roslyn"" compiler http://t.co/lpb9n510 #Microsoft #beta",Neutral,rt microsoft release developer preview project roslyn compiler microsoft beta
microsoft,neutral,126804937438003200,Wed Oct 19 23:40:27 +0000 2011,#Microsoft We support you. Retweet if u support us or want to.,Neutral,microsoft support retweet support u want
microsoft,neutral,126804497493266433,Wed Oct 19 23:38:42 +0000 2011,@MSPartners can join: Small Business Specialist Community (SBCS) http://t.co/IlQPKEz0! #Microsoft #MPN,Neutral,join small business specialist community sbcs microsoft mpn
microsoft,neutral,126803763603312640,Wed Oct 19 23:35:47 +0000 2011,RT @SAPWorkSmarter: Tomorrow at #SAPTechEd Bangalore: #SAP & #Microsoft Building Apps for Both Worlds w #DuetEnterprise & #SAPGateway. h ...,Neutral,rt tomorrow sapteched bangalore sap microsoft building apps world duetenterprise sapgateway
microsoft,neutral,126803594216341506,Wed Oct 19 23:35:07 +0000 2011,"#Microsoft CEO Steve #Ballmer on Not Buying #Yahoo: “Sometimes, You’re Lucky” http://t.co/7TEtDPP9",Neutral,microsoft ceo steve ballmer buying yahoo sometimes youre lucky
microsoft,neutral,126803513190789121,Wed Oct 19 23:34:48 +0000 2011,"RT @KumarSachi: Another Gem from #Microsoft - Curate your personal history with  ""Project Greenwich"".  Available later this month. http: ...",Neutral,rt another gem microsoft curate personal history project greenwich available later month http
microsoft,neutral,126803044426985472,Wed Oct 19 23:32:56 +0000 2011,"RT @NeowinFeed: Microsoft opens the spigot, Windows Phone Mango available to all #microsoft #windowsphone http://t.co/nwMbseVm #neowin",Neutral,rt microsoft open spigot window phone mango available microsoft windowsphone neowin
microsoft,neutral,126802586178293760,Wed Oct 19 23:31:07 +0000 2011,#microsoft @diggita Microsoft - Macro in Word 2007 (gerardopaolillo) http://t.co/O3M07opC,Neutral,microsoft microsoft macro word gerardopaolillo
microsoft,neutral,126802366996561920,Wed Oct 19 23:30:14 +0000 2011,"#Microsoft CEO Steve Ballmer on Not Buying Yahoo: “Sometimes, You’re Lucky” &lt;http://t.co/rcml9XQR&gt;",Neutral,microsoft ceo steve ballmer buying yahoo sometimes youre lucky lt
microsoft,neutral,126800882477174784,Wed Oct 19 23:24:20 +0000 2011,#Microsoft: #Mango Now Available to Nearly Everyone - http://t.co/vQkJ84AC #windowsphone #wp7,Neutral,microsoft mango available nearly everyone windowsphone wp
microsoft,neutral,126800407585501184,Wed Oct 19 23:22:27 +0000 2011,"If #Microsoft earnings disappoint, blame consumer PC sales -  http://t.co/edXe0xBd via @cnet",Neutral,microsoft earnings disappoint blame consumer pc sale via
microsoft,neutral,126800313029099520,Wed Oct 19 23:22:05 +0000 2011,Microsoft bitchslaps VMware in new paper - #Microsoft calls out #VMware for bogus benchmark numbers - http://t.co/dBsMa1Pb,Neutral,microsoft bitchslaps vmware new paper microsoft call vmware bogus benchmark number
microsoft,neutral,126798908335734785,Wed Oct 19 23:16:30 +0000 2011,Bill Gates to testify in Novel v. #Microsoft antitrust laws#UI t http://t.co/H0GscVZR,Neutral,bill gate testify novel microsoft antitrust lawsui
microsoft,neutral,126798906129526784,Wed Oct 19 23:16:29 +0000 2011,"If #Microsoft earnings disappoint, blame consumer PC sales http://t.co/xEKwTlUg",Neutral,microsoft earnings disappoint blame consumer pc sale
microsoft,neutral,126797598425223169,Wed Oct 19 23:11:17 +0000 2011,"RT @MSAnyWhere: Microsoft opens the spigot, Windows Phone Mango available to all #microsoft #windowsphone http://t.co/Fpv2yDof #microsoft",Neutral,rt microsoft open spigot window phone mango available microsoft windowsphone microsoft
microsoft,neutral,126797364823457792,Wed Oct 19 23:10:22 +0000 2011,"Microsoft opens the spigot, Windows Phone Mango available to all #microsoft #windowsphone: Microsoft has said th... http://t.co/uEpATRzx",Neutral,microsoft open spigot window phone mango available microsoft windowsphone microsoft said th
microsoft,neutral,126797364433387520,Wed Oct 19 23:10:22 +0000 2011,"Microsoft opens the spigot, Windows Phone Mango available to all #microsoft #windowsphone http://t.co/GbKV9pbQ #microsoft",Neutral,microsoft open spigot window phone mango available microsoft windowsphone microsoft
microsoft,neutral,126797363418370048,Wed Oct 19 23:10:21 +0000 2011,"Microsoft opens the spigot, Windows Phone Mango available to all #microsoft #windowsphone http://t.co/S54leHKi",Neutral,microsoft open spigot window phone mango available microsoft windowsphone
microsoft,neutral,126797339758305280,Wed Oct 19 23:10:16 +0000 2011,Should you upgrade to #Microsoft Office 2010. http://t.co/gYGuYr64 #tech #Office2010,Neutral,upgrade microsoft office tech office
microsoft,neutral,126797209244151808,Wed Oct 19 23:09:45 +0000 2011,"Microsoft opens the spigot, Windows Phone Mango available to all #microsoft #windowsphone http://t.co/vyNtU8xW",Neutral,microsoft open spigot window phone mango available microsoft windowsphone
microsoft,neutral,126797207159582720,Wed Oct 19 23:09:44 +0000 2011,"Microsoft opens the spigot, Windows Phone Mango available to all #microsoft #windowsphone http://t.co/nwMbseVm #neowin",Neutral,microsoft open spigot window phone mango available microsoft windowsphone neowin
microsoft,neutral,126797206232645635,Wed Oct 19 23:09:44 +0000 2011,"Microsoft opens the spigot, Windows Phone Mango available to all #microsoft #windowsphone http://t.co/e4LLmmyg",Neutral,microsoft open spigot window phone mango available microsoft windowsphone
microsoft,neutral,126796929366638592,Wed Oct 19 23:08:38 +0000 2011,#Microsoft #Cloud GSA Loses $2.5 Billion Cloud Contract Fight: Google recently dropped a case against the D... http://t.co/cObJRw66 #TCN,Neutral,microsoft cloud gsa loses billion cloud contract fight google recently dropped case tcn
microsoft,neutral,126795614649466880,Wed Oct 19 23:03:24 +0000 2011,"""@MuraineR: #Microsoft launching the OmniTouch, how funny I though that was an @ALUEnterprise solution! #copyright http://t.co/k1kDqz04",Neutral,microsoft launching omnitouch funny though solution copyright
microsoft,neutral,126795256225210368,Wed Oct 19 23:01:59 +0000 2011,"Love the template name #Microsoft... Everyone that does #SharePoint, go to your site's /_layouts/xsl/internal.xsl for a laugh.",Neutral,love template name microsoft everyone sharepoint go site layoutsxslinternalxsl laugh
microsoft,neutral,126795026771607553,Wed Oct 19 23:01:04 +0000 2011,"#Microsoft ’s new “great to be a family” #adverts begin to air, including #Office2010 #Windows7 and #WP7.
http://t.co/L5J2UEEQ
@winrumors",Neutral,microsoft new great family advert begin air including office window wp
microsoft,neutral,126795013752504320,Wed Oct 19 23:01:01 +0000 2011,Club CALUMO was FUN!  See the vidio CALUMO Blog #Denali #Microsoft #SQLServer http://t.co/8THqSRBd via @calumo,Neutral,club calumo fun see vidio calumo blog denali microsoft sqlserver via
microsoft,neutral,126795009986002946,Wed Oct 19 23:01:00 +0000 2011,Club CALUMO was FUN!  See the vidio CALUMO Blog #Denali #Microsoft #SQLServer http://t.co/Hfzf2cJe via @calumo,Neutral,club calumo fun see vidio calumo blog denali microsoft sqlserver via
microsoft,neutral,126794825998663680,Wed Oct 19 23:00:16 +0000 2011,Tomorrow at #SAPTechEd Bangalore: #SAP & #Microsoft Building Apps for Both Worlds w #DuetEnterprise & #SAPGateway. http://t.co/te4NQmxN,Neutral,tomorrow sapteched bangalore sap microsoft building apps world duetenterprise sapgateway
microsoft,neutral,126793516398546945,Wed Oct 19 22:55:04 +0000 2011,TechNet Blogs- Technical Overview of #DuetEnterprise for #Microsoft #SharePoint and #SAP http://t.co/o9V1J49v,Neutral,technet blog technical overview duetenterprise microsoft sharepoint sap
microsoft,neutral,126792687138508801,Wed Oct 19 22:51:46 +0000 2011,"#Microsoft researchers want to turn your hand into a touchscreen
http://t.co/HV2oi81b",Neutral,microsoft researcher want turn hand touchscreen
microsoft,neutral,126792112313352192,Wed Oct 19 22:49:29 +0000 2011,http://t.co/hrkWT2VA #Microsoft #Opens The Door To Two #Spanish #Entrepreneurs With #Medical #Project,Neutral,microsoft open door two spanish entrepreneur medical project
microsoft,neutral,126791726559010816,Wed Oct 19 22:47:57 +0000 2011,Just installed Windows 7 Ultimate Service Pack 1 with IE9. It looks like IE9 is trying to look like Chrome. #windows7 #ie9 #microsoft #ie8,Neutral,installed window ultimate service pack ie look like ie trying look like chrome window ie microsoft ie
microsoft,neutral,126791479925555200,Wed Oct 19 22:46:59 +0000 2011,"Gentle Ballmer meekly suggests the competition is doomed - #Microsoft is winning, winning, winning!: http://t.co/7ntP5MS1 via @thetecheye",Neutral,gentle ballmer meekly suggests competition doomed microsoft winning winning winning via
microsoft,neutral,126790637243740160,Wed Oct 19 22:43:38 +0000 2011,sponsors and supporters at the #ascribeconference include #microsoft #ubisys #zetes #healthinformation #connectingforhealth #emis,Neutral,sponsor supporter ascribeconference include microsoft ubisys zetes healthinformation connectingforhealth emis
microsoft,neutral,126789918826565632,Wed Oct 19 22:40:46 +0000 2011,Ballmer confirms Nokia phone debut; you can quote him on that - http://t.co/Oe9Imdob -  #microsoft  #SteveBallmer,Neutral,ballmer confirms nokia phone debut quote microsoft steveballmer
microsoft,neutral,126789806905769984,Wed Oct 19 22:40:20 +0000 2011,"Microsoft releases developer preview of ""Project Roslyn"" compiler http://t.co/lpb9n510 #Microsoft #beta",Neutral,microsoft release developer preview project roslyn compiler microsoft beta
microsoft,neutral,126789806356303872,Wed Oct 19 22:40:20 +0000 2011,"Microsoft releases developer preview of ""Project Roslyn"" compiler http://t.co/igGyeT9S #Microsoft #beta",Neutral,microsoft release developer preview project roslyn compiler microsoft beta
microsoft,neutral,126789710705213440,Wed Oct 19 22:39:57 +0000 2011,I wish there was #Microsoft #PowerPoint for #iPad.,Neutral,wish microsoft powerpoint ipad
microsoft,neutral,126789040015020033,Wed Oct 19 22:37:17 +0000 2011,Watching this week's episode of Hawaii Five-O. Great use of Windows Phone 7 & SkyDrive. Oh yeah a Dell Inspiron Duo was there too #microsoft,Neutral,watching week episode hawaii fiveo great use window phone skydrive oh yeah dell inspiron duo microsoft
microsoft,neutral,126788856476471296,Wed Oct 19 22:36:33 +0000 2011,@WSPSanDiego Kickoff tomorrow 10/20 at San Diego #Microsoft Store at 6:00pm @wspwest ping me w/questions #in,Neutral,kickoff tomorrow san diego microsoft store pm ping wquestions
microsoft,neutral,126788488183037953,Wed Oct 19 22:35:05 +0000 2011,"On the blog we discuss #Microsoft embracing of #Apache #Hadoop for big data - 

http://t.co/q3YNLQck #opensource #bigdata #IT",Neutral,blog discus microsoft embracing apache hadoop big data opensource bigdata
microsoft,neutral,126786825913245698,Wed Oct 19 22:28:29 +0000 2011,#Microsoft Works Suite 2003 Review http://t.co/Yie1rSSz #windowsxphomesoftware #officesuites #family,Neutral,microsoft work suite review windowsxphomesoftware officesuites family
microsoft,neutral,126786517531242496,Wed Oct 19 22:27:16 +0000 2011,Did a quick video call test between two diff. #Android tablets using #Skype & it worked great! #Microsoft hasn't broken it yet.,Neutral,quick video call test two diff android tablet using skype worked great microsoft hasnt broken yet
microsoft,neutral,126786021340884992,Wed Oct 19 22:25:17 +0000 2011,What was the best device in 90s ? #Apple #Sony #Samsung #Microsoft or other Companies..:),Neutral,best device apple sony samsung microsoft company
microsoft,neutral,126785035599749121,Wed Oct 19 22:21:22 +0000 2011,"Microsoft CEO Steve Ballmer Looks Ahead at Social, Mobile Plans | Adweek http://t.co/jEENZQDw #tech #apple #microsoft",Neutral,microsoft ceo steve ballmer look ahead social mobile plan adweek tech apple microsoft
microsoft,neutral,126784430185521154,Wed Oct 19 22:18:58 +0000 2011,#EvolutionOfIT #cloud event @BenchmarkLearn can any #microsoft or @MSLearning folks help create us a windows azure pass ex. BLAZURE ??,Neutral,evolutionofit cloud event microsoft folk help create u window azure pas ex blazure
microsoft,neutral,126782184748097536,Wed Oct 19 22:10:03 +0000 2011,Creating #Pareto charts using #Microsoft #Excel http://t.co/OFXuNqhY,Neutral,creating pareto chart using microsoft excel
microsoft,neutral,126781699811061760,Wed Oct 19 22:08:07 +0000 2011,#microsoft #volume 1 #microsoft powerpoint #procedural syntax http://t.co/InQbcG68 GO! with Microsoft PowerPoint 2007 Volume 1,Neutral,microsoft volume microsoft powerpoint procedural syntax go microsoft powerpoint volume
microsoft,neutral,126781384600727552,Wed Oct 19 22:06:52 +0000 2011,#Microsoft Pushing out #Mango to more Windows Phones http://t.co/xPIaZ8Xp #wp7 #orange #samsung #lg #optimus7 #htc #dell #msft,Neutral,microsoft pushing mango window phone wp orange samsung lg optimus htc dell msft
microsoft,neutral,126781241423962112,Wed Oct 19 22:02:34 +0000 2011,#Microsoft drops developer preview of its ‘Roslyn’ compiler http://t.co/XgUrXNPa #uncategorized,Neutral,microsoft drop developer preview roslyn compiler uncategorized
microsoft,neutral,126780592036646913,Wed Oct 19 22:03:43 +0000 2011,More Colorful Photos Of Nokia's First Windows Phone Just Leaked!! http://t.co/sU4l744v #nokia #wp7 #microsoft #windowsphone7,Neutral,colorful photo nokias first window phone leaked nokia wp microsoft windowsphone
microsoft,neutral,126779798986047488,Wed Oct 19 22:00:34 +0000 2011,#Microsoft shows 'touch screen' for any surface http://t.co/X7Z87xzt,Neutral,microsoft show touch screen surface
microsoft,neutral,126779783760723968,Wed Oct 19 22:00:30 +0000 2011,#Microsoft learning all day long-For FREE-SpecTECHular San Antonio. Register?uick. November 10 - http://t.co/GinBVlSK,Neutral,microsoft learning day longfor freespectechular san antonio registeruick november
microsoft,neutral,126779778090008576,Wed Oct 19 22:00:29 +0000 2011,#Microsoft learning all day long-For FREE-SpecTECHular San Antonio. Register?uick. November 10 - http://t.co/bVKP5Caq,Neutral,microsoft learning day longfor freespectechular san antonio registeruick november
microsoft,neutral,126779040282587138,Wed Oct 19 21:57:33 +0000 2011,"#SIGSource #Microsoft talent source program boasts a procure-to-pay model to manage temp workforce, concept works for VMS  #Beeline",Neutral,sigsource microsoft talent source program boast procuretopay model manage temp workforce concept work vms beeline
microsoft,neutral,126778210783473665,Wed Oct 19 21:54:15 +0000 2011,@grumbledook still poor central management from Apple then? #microsoft,Neutral,still poor central management apple microsoft
microsoft,neutral,126776771159916546,Wed Oct 19 21:48:32 +0000 2011,"RT @WinRumors: If you missed this earlier, Steve #Ballmer bashes #Android phones [video] http://t.co/NvD7MQVk #microsoft #windows",Neutral,rt missed earlier steve ballmer bash android phone video microsoft window
microsoft,neutral,126775752610942976,Wed Oct 19 21:44:29 +0000 2011,#Nokia 800 Renders Revealed http://t.co/K3txY6JZ #mobilenews #android #gingerbread #microsoft #nokia800 #nokian9,Neutral,nokia render revealed mobilenews android gingerbread microsoft nokia nokian
microsoft,neutral,126774185577021445,Wed Oct 19 21:38:15 +0000 2011,#Microsoft Boxes Up Two New Xbox 360 Holiday Bundles: With the holiday season just around the… http://t.co/cHyXxdI2,Neutral,microsoft box two new xbox holiday bundle holiday season around
microsoft,neutral,126773807875751936,Wed Oct 19 21:36:45 +0000 2011,"RT @KentisG: Agree ! RT @MuraineR: #Microsoft launching the OmniTouch, how funny I though that was an @ALUEnterprise soluti… (cont) http ...",Neutral,rt agree rt microsoft launching omnitouch funny though soluti cont http
microsoft,neutral,126773769262997504,Wed Oct 19 21:36:36 +0000 2011,@JackDavidson95 ill be manager after a week! Yeh joint ownership of #microsoft ahhhhh,Neutral,ill manager week yeh joint ownership microsoft ahhhhh
microsoft,neutral,126773680196947968,Wed Oct 19 21:36:15 +0000 2011,RT @Microsoft_EDU: Quality education is vital. Attend #Microsoft & #Desire2Learn session at #EDUCAUSE http://t.co/hlRxf2dF #EDU11,Neutral,rt quality education vital attend microsoft desirelearn session educause edu
microsoft,neutral,126773504644349954,Wed Oct 19 21:35:33 +0000 2011,#Microsoft To Launch Its Own Version Of #Facebook Timeline Like Web Service Called Project #Greenwich  http://t.co/MmS14pDW,Neutral,microsoft launch version facebook timeline like web service called project greenwich
microsoft,neutral,126773458519605248,Wed Oct 19 21:35:22 +0000 2011,@lukerussell1 #iWantAnAutomaticPromotion and we'll be running #Microsoft before you know it.,Neutral,iwantanautomaticpromotion well running microsoft know
microsoft,neutral,126772660024774656,Wed Oct 19 21:32:12 +0000 2011,#Microsoft drops developer preview of its ‘Roslyn’ compiler http://t.co/niSKSmL4,Neutral,microsoft drop developer preview roslyn compiler
microsoft,neutral,126772118879879169,Wed Oct 19 21:30:03 +0000 2011,Creating #Pareto charts using #Microsoft #Excel http://t.co/B6rYS5gX,Neutral,creating pareto chart using microsoft excel
microsoft,neutral,126771594470232064,Wed Oct 19 21:27:58 +0000 2011,Developers: Let Microsoft Market Your App for Windows Phone http://t.co/QZUqhCxx #wp7 #wp7dev #windowsphone #Microsoft #Marketplace,Neutral,developer let microsoft market app window phone wp wpdev windowsphone microsoft marketplace
microsoft,neutral,126769762452770819,Wed Oct 19 21:20:41 +0000 2011,@ScottShipman1 Glad to hear! Hey @Mckellip thank you for the  #Microsoft #Lync video participation #onthebigscreen :) @CoreBTS #CoreAppTech,Neutral,glad hear hey thank microsoft lync video participation onthebigscreen coreapptech
microsoft,neutral,126768953027608576,Wed Oct 19 21:17:28 +0000 2011,RT @NeowinFeed: Microsoft Stores offer up free Windows Phone 7 devices #microsoft #microsoftstores http://t.co/hJ8qlOC9 #neowin,Neutral,rt microsoft store offer free window phone device microsoft microsoftstores neowin
microsoft,neutral,126768739692720128,Wed Oct 19 21:16:37 +0000 2011,"Google Docs presentation makes PowerPoint weep, beg for mercy http://t.co/9rVHs6jk via @engadget #google #powerpoint #microsoft #haha",Neutral,google doc presentation make powerpoint weep beg mercy via google powerpoint microsoft haha
microsoft,neutral,126768259734315008,Wed Oct 19 21:14:43 +0000 2011,RT @Flipbooks #Microsoft Researchers Want to Turn Your Hand Into a Touchscreen http://t.co/NDpyFvpK rt @TferThomas #Technology #Tech,Neutral,rt microsoft researcher want turn hand touchscreen rt technology tech
microsoft,neutral,126768125386571776,Wed Oct 19 21:14:10 +0000 2011,RT @Flipbooks: #Microsoft Researchers Want to Turn Your Hand Into a Touchscreen http://t.co/HIbjxHVD rt @TferThomas #Technology #Tech,Neutral,rt microsoft researcher want turn hand touchscreen rt technology tech
microsoft,neutral,126768055769513984,Wed Oct 19 21:13:54 +0000 2011,#Microsoft Researchers Want to Turn Your Hand Into a Touchscreen http://t.co/HIbjxHVD rt @TferThomas #Technology #Tech,Neutral,microsoft researcher want turn hand touchscreen rt technology tech
microsoft,neutral,126768000949948416,Wed Oct 19 21:13:41 +0000 2011,Nice comparison w #Microsoft :) RT @google: Watch the live stream of Vic Gundotra & Sergey Brin at #w2s http://t.co/vPxANJtz,Neutral,nice comparison microsoft rt watch live stream vic gundotra sergey brin w
microsoft,neutral,126767824386531329,Wed Oct 19 21:12:59 +0000 2011,.. downloading CTP3 of #Microsoft #SQL2012 to play around ...http://www.microsoft.com/sqlserver/en/us/default.aspx,Neutral,downloading ctp microsoft sql play around
microsoft,neutral,126767467077976065,Wed Oct 19 21:11:34 +0000 2011,"DPR Client: @EvolveTech partnering with #Microsoft on #Office 365 webinar Tuesday, Nov. 1, at 10 a.m. ET. Sign up! http://t.co/hnrzdFk5",Neutral,dpr client partnering microsoft office webinar tuesday nov et sign
microsoft,neutral,126767049312714752,Wed Oct 19 21:09:54 +0000 2011,Because you are what you search: Now everyone wants to customize search #Microsoft as well as #MCHammer #WiredDoo http://t.co/HlicKxPV,Neutral,search everyone want customize search microsoft well mchammer wireddoo
microsoft,neutral,126766670109872128,Wed Oct 19 21:08:24 +0000 2011,RT @techinciter: Suppose Microsoft Had Bought Siri? - Forbes http://t.co/ZRYNdhDi #apple #microsoft #siri #msft,Neutral,rt suppose microsoft bought siri forbes apple microsoft siri msft
microsoft,neutral,126766092629712896,Wed Oct 19 21:06:06 +0000 2011,Windows Phone firmware updates due next week to enable Internet Sharing http://t.co/yPF60YEe #microsoft #windows,Neutral,window phone firmware update due next week enable internet sharing microsoft window
microsoft,neutral,126765064299614209,Wed Oct 19 21:02:01 +0000 2011,"RT @MSFTDynamicsERP: Time to learn, inspire and innovate at the #Microsoft Dynamics #AX2012  EMEA Tech Conference http://t.co/bzX4UE6K # ...",Neutral,rt time learn inspire innovate microsoft dynamic ax emea tech conference
microsoft,neutral,126764662510452736,Wed Oct 19 21:00:25 +0000 2011,@TheZeroOfTime #microsoft,Neutral,microsoft
microsoft,neutral,126764604218028033,Wed Oct 19 21:00:11 +0000 2011,1st public test release for the Roslyn project. http://t.co/0j9ly9Y8 giving APIs to the C# compiler (and visual basic but ..;). #microsoft,Neutral,st public test release roslyn project giving apis compiler visual basic microsoft
microsoft,neutral,126762652402860033,Wed Oct 19 20:52:26 +0000 2011,Updates: Windows Phone 7.5 now available more broadly http://t.co/miMgwgwo #microsoft,Neutral,update window phone available broadly microsoft
microsoft,neutral,126762576557248512,Wed Oct 19 20:52:08 +0000 2011,RT @SAP_MICROSOFT: Follow @whymicrosoft for insight on #Microsoft solutions which drive productivity for people and their organizations,Neutral,rt follow insight microsoft solution drive productivity people organization
microsoft,neutral,126761994098442241,Wed Oct 19 20:49:49 +0000 2011,#Microsoft builds a functioning 'holodesk' to interact with digital items - http://t.co/ougSB108 via @TheNextWeb,Neutral,microsoft build functioning holodesk interact digital item via
microsoft,neutral,126761880801910784,Wed Oct 19 20:49:22 +0000 2011,@nokia Is #Nokia going to release their new #WindowsPhone in Norway this year? #WP7 #Microsoft,Neutral,nokia going release new windowsphone norway year wp microsoft
microsoft,neutral,126761759041265664,Wed Oct 19 20:48:53 +0000 2011,"Ballmer On Not Buying Yahoo: 
http://t.co/ogoaKRBf 

#Microsoft #Yahoo #Skype #Xbox #Google #Bing #Ballmer http://t.co/LwUYs0uP",Neutral,ballmer buying yahoo microsoft yahoo skype xbox google bing ballmer
microsoft,neutral,126761312016547840,Wed Oct 19 20:47:06 +0000 2011,#Microsoft delivers #developer preview of Roslyn compiler as a service http://t.co/nM30ugQQ,Neutral,microsoft delivers developer preview roslyn compiler service
microsoft,neutral,126761103677071362,Wed Oct 19 20:46:16 +0000 2011,RT @ScottRockHill: #MIcrosoft Launches Reseller RewardHub for Resllers http://t.co/scPUl9Yz,Neutral,rt microsoft launch reseller rewardhub resllers
microsoft,neutral,126761034341040128,Wed Oct 19 20:46:00 +0000 2011,#GA-repost: RT @whymicrosoft Are you making the move from #GoogleApps to #Microsoft? &gt;&gt; #Metalogix can migrate y... http://t.co/z3Z3X9pA,Neutral,garepost rt making move googleapps microsoft gtgt metalogix migrate
microsoft,neutral,126758826337771520,Wed Oct 19 20:37:13 +0000 2011,RT @whymicrosoft Are you making the move from #GoogleApps to #Microsoft? &gt;&gt; #Metalogix can migrate you from #GoogleApps to #SharePoint,Neutral,rt making move googleapps microsoft gtgt metalogix migrate googleapps sharepoint
microsoft,neutral,126758715981434881,Wed Oct 19 20:36:47 +0000 2011,#Microsoft builds a functioning ‘holodesk’ to interact with digital items http://t.co/BgrZnNvs #uncategorized,Neutral,microsoft build functioning holodesk interact digital item uncategorized
microsoft,neutral,126756834257285120,Wed Oct 19 20:29:18 +0000 2011,#seguridadparatodos is using #Microsoft #Security #Essentials and you? (thx @msftsecresponse) - Our analysis [Spanish] http://t.co/hUt3FQyA,Neutral,seguridadparatodos using microsoft security essential thx analysis spanish
microsoft,neutral,126755580604981249,Wed Oct 19 20:24:20 +0000 2011,"RT @RossMistry: #Microsoft Codename ""Data Explorer"" CTP Coming Next Month  http://t.co/NkhuoM7U #SQLServer #SQL2012 #SQLAzure",Neutral,rt microsoft codename data explorer ctp coming next month sqlserver sql sqlazure
microsoft,neutral,126755433108082688,Wed Oct 19 20:23:44 +0000 2011,Bill Gates jumps over chairs during interviews http://t.co/dmVtFsVg #BillGates #microsoft #parkour #cheatedabit,Neutral,bill gate jump chair interview billgates microsoft parkour cheatedabit
microsoft,neutral,126755073664618496,Wed Oct 19 20:22:19 +0000 2011,Minority Report-esque interface developed by #Microsoft Research and Carnegie Mellon University http://t.co/0yqEKDzg via @Digg,Neutral,minority reportesque interface developed microsoft research carnegie mellon university via
microsoft,neutral,126754216160145409,Wed Oct 19 20:18:54 +0000 2011,I can't c it as an important invention ... Siri is an incomparable alternative!  -- PocketTouch http://t.co/4DPIoyqT #MicroSoft #Siri,Neutral,cant important invention siri incomparable alternative pockettouch microsoft siri
microsoft,neutral,126753468160540672,Wed Oct 19 20:15:56 +0000 2011,Get rid of that tangled mess behind your computer desk with this #Microsoft Wireless Mouse and Keyboard:  http://t.co/n4LewRAy,Neutral,get rid tangled mess behind computer desk microsoft wireless mouse keyboard
microsoft,neutral,126752950654746624,Wed Oct 19 20:13:53 +0000 2011,#Microsoft delivers developer preview of Roslyn compiler as a service http://t.co/5yup4iMK,Neutral,microsoft delivers developer preview roslyn compiler service
microsoft,neutral,126752714385391616,Wed Oct 19 20:12:56 +0000 2011,RT @nedraallmond: @WSPSanDiego Kickoff tomorrow 10/20 at San Diego #Microsoft Store at 6:00pm @wspwest http://t.co/iuaa4yuE,Neutral,rt kickoff tomorrow san diego microsoft store pm
microsoft,neutral,126752712300826624,Wed Oct 19 20:12:56 +0000 2011,RT @nedraallmond: @WSPSanDiego Kickoff tomorrow 10/20 at San Diego #Microsoft Store at 6:00pm @wspwest http://t.co/GP8tIRXN,Neutral,rt kickoff tomorrow san diego microsoft store pm
microsoft,neutral,126752262281371649,Wed Oct 19 20:11:08 +0000 2011,non conductive #surface become #multitouch. #touch #gestures: #microsoft #windows 7 @ #nui #apps http://t.co/Ygpnusfv,Neutral,non conductive surface become multitouch touch gesture microsoft window nui apps
microsoft,neutral,126751213692792832,Wed Oct 19 20:06:58 +0000 2011,@WesleyBackelant Indeed I survived #sqlpass #sqlkilt and a couple of vendor evenings :-)  I spared #sqlkaraoke my great voice :-) #microsoft,Neutral,indeed survived sqlpass sqlkilt couple vendor evening spared sqlkaraoke great voice microsoft
microsoft,neutral,126751180557778945,Wed Oct 19 20:06:51 +0000 2011,BUILD Windows #Samsung #Slate PC in US #Microsoft Store http://t.co/bm4NeNiT #msdn #bldwin,Neutral,build window samsung slate pc u microsoft store msdn bldwin
microsoft,neutral,126750292212584449,Wed Oct 19 20:03:19 +0000 2011,"CNET » #Microsoft #OmniTouch allows multitouch input on arbitrary, everyday surfaces (via @andretelles) » http://t.co/fEB4uIMr",Neutral,cnet microsoft omnitouch allows multitouch input arbitrary everyday surface via
microsoft,neutral,126749618229878784,Wed Oct 19 20:00:38 +0000 2011,Microsoft Roslyn CTP is finally out...Check it out http://t.co/cSTAnsLF #roslyn #visualstudio #compiler #csharp #net #microsoft,Neutral,microsoft roslyn ctp finally outcheck roslyn visualstudio compiler csharp net microsoft
microsoft,neutral,126749567428468736,Wed Oct 19 20:00:26 +0000 2011,Vertical Solutions is giving away a #microsoft office pro pack at the #2011solutions conference! Stop by their booth for a chance to win!,Neutral,vertical solution giving away microsoft office pro pack solution conference stop booth chance win
microsoft,neutral,126749486545506304,Wed Oct 19 20:00:07 +0000 2011,"#Microsoft Pre-order Call of Duty: Modern Warfare 3 and get $20 off Xbox Live 12M Card, $10 bounce back co.. http://t.co/3ov35Z3R",Neutral,microsoft preorder call duty modern warfare get xbox live card bounce back co
microsoft,neutral,126749360745758722,Wed Oct 19 19:59:37 +0000 2011,Reporting in #Microsoft Dynamics #AX2012 http://t.co/Q4oClJfS,Neutral,reporting microsoft dynamic ax
microsoft,neutral,126749318198730752,Wed Oct 19 19:59:27 +0000 2011,"#Microsoft Codename ""Data Explorer"" CTP Coming Next Month  http://t.co/NkhuoM7U #SQLServer #SQL2012 #SQLAzure",Neutral,microsoft codename data explorer ctp coming next month sqlserver sql sqlazure
microsoft,neutral,126748764869378048,Wed Oct 19 19:57:15 +0000 2011,RT @aislyngreene: #Microsoft wants to transform your hand into a touchscreen: http://t.co/an3bmArc via @AddThis,Neutral,rt microsoft want transform hand touchscreen via
microsoft,neutral,126748146582818816,Wed Oct 19 19:54:47 +0000 2011,http://t.co/gAPEyL5N #Harmonix #Microsoft,Neutral,harmonix microsoft
microsoft,neutral,126747712082292736,Wed Oct 19 19:53:04 +0000 2011,RT @techinciter: Suppose Microsoft Had Bought Siri? - Forbes http://t.co/S19qrDjU #apple #microsoft #siri,Neutral,rt suppose microsoft bought siri forbes apple microsoft siri
microsoft,neutral,126747117120274432,Wed Oct 19 19:50:42 +0000 2011,#Microsoft Hints at Windows Phone #Apps from Indian Publishers and Services http://t.co/VYA3ed6h #wp7 #windowsphone #msft,Neutral,microsoft hint window phone apps indian publisher service wp windowsphone msft
microsoft,neutral,126746786806247424,Wed Oct 19 19:49:23 +0000 2011,"RT @techinciter: Open Letter: Steve Ballmer, Please Retire - Forbes - Please retweet! #MSFT needs a techie leader. http://t.co/E8uMRmro  ...",Neutral,rt open letter steve ballmer please retire forbes please retweet msft need techie leader
microsoft,neutral,126746562062848001,Wed Oct 19 19:48:29 +0000 2011,When are they going to drop the charade and list Steve Ballmer as one of the producers of Hawaii Five-O? #productplacement #microsoft #ftl,Neutral,going drop charade list steve ballmer one producer hawaii fiveo productplacement microsoft ftl
microsoft,neutral,126746140791144448,Wed Oct 19 19:46:49 +0000 2011,"RT @dansaap: At the #VMworld party, looks good but I wonder who are the better dancers; #VMware or #Microsoft employees! ;-)",Neutral,rt vmworld party look good wonder better dancer vmware microsoft employee
microsoft,neutral,126745920967680000,Wed Oct 19 19:45:57 +0000 2011,I'm nowhere near to be a scientst but thks to Steve Balmer 4 declarng me a scientst. Been using #Android frm last 3yrs. #Microsoft #Google,Neutral,im nowhere near scientst thks steve balmer declarng scientst using android frm last yr microsoft google
microsoft,neutral,126745707414691840,Wed Oct 19 19:45:06 +0000 2011,"That Huge AOL, Yahoo, And Microsoft Ad-Selling Deal Isn't Done Yet (AOL, MSFT, YHOO) http://t.co/Vj678HK3 #apple #microsoft",Neutral,huge aol yahoo microsoft adselling deal isnt done yet aol msft yhoo apple microsoft
microsoft,neutral,126745457232846849,Wed Oct 19 19:44:06 +0000 2011,#microsoft announces SP3 for #office2007 and #sharepoint2007.,Neutral,microsoft announces sp office sharepoint
microsoft,neutral,126745293378166784,Wed Oct 19 19:43:27 +0000 2011,#Microsoft wants to transform your hand into a touchscreen: http://t.co/J8FgWWgS via @AddThis,Neutral,microsoft want transform hand touchscreen via
microsoft,neutral,126745275686600705,Wed Oct 19 19:43:23 +0000 2011,@WSPSanDiego Kickoff tomorrow 10/20 at San Diego #Microsoft Store at 6:00pm @wspwest http://t.co/5FiP2vVg or ping me #in,Neutral,kickoff tomorrow san diego microsoft store pm ping
microsoft,neutral,126745248121618434,Wed Oct 19 19:43:16 +0000 2011,Steve #Bullmer says it's hard for him to get excited about #android phones...even though #Microsoft makes loads of money off of their sales.,Neutral,steve bullmer say hard get excited android phoneseven though microsoft make load money sale
microsoft,neutral,126744229912379392,Wed Oct 19 19:39:13 +0000 2011,Suppose Microsoft Had Bought Siri? - Forbes http://t.co/HoJx73Hh #apple #microsoft #siri,Neutral,suppose microsoft bought siri forbes apple microsoft siri
microsoft,neutral,126743926903283713,Wed Oct 19 19:38:01 +0000 2011,Suppose Microsoft Had Bought Siri? - Forbes http://t.co/ZRYNdhDi #apple #microsoft #siri #msft,Neutral,suppose microsoft bought siri forbes apple microsoft siri msft
microsoft,neutral,126743901968150528,Wed Oct 19 19:37:55 +0000 2011,@WSPSanDiego Kickoff tomorrow 10/20 at San Diego #Microsoft Store at 6:00pm @wspwest http://t.co/5FiP2vVg or ping me,Neutral,kickoff tomorrow san diego microsoft store pm ping
microsoft,neutral,126743843348561920,Wed Oct 19 19:37:41 +0000 2011,"#Microsoft to Slash its #Water Impact in Quincy, Washington - http://t.co/0R5LMHZj",Neutral,microsoft slash water impact quincy washington
microsoft,neutral,126743100809945090,Wed Oct 19 19:34:44 +0000 2011,"Good summary of planned updates to #Microsoft #Cloud services in Q4 - #SharePoint Online, #Office365, #CRM, #Azure. http://t.co/o35vv1wt",Neutral,good summary planned update microsoft cloud service sharepoint online office crm azure
microsoft,neutral,126743096896655362,Wed Oct 19 19:34:43 +0000 2011,"Good summary of planned updates to #Microsoft #Cloud services in Q4 - #SharePoint Online, #Office365, #CRM, #Azure. http://t.co/3bL6rh5v",Neutral,good summary planned update microsoft cloud service sharepoint online office crm azure
microsoft,neutral,126742966890004481,Wed Oct 19 19:34:12 +0000 2011,@VSLive What is up with #ATT at #Microsoft?  Full bars in one building and no service in another only 1000 or so feet away?  #vslive,Neutral,att microsoft full bar one building service another foot away vslive
microsoft,neutral,126742062635810817,Wed Oct 19 19:30:37 +0000 2011,#Microsoft researchers want to turn your hand into a touchscreen http://t.co/byYIcRpS,Neutral,microsoft researcher want turn hand touchscreen
microsoft,neutral,126741965915168771,Wed Oct 19 19:30:14 +0000 2011,RT @sb_greenbiz: #Microsoft's supplier #sustainability movement & the effect it could have on #plastics companies http://t.co/m0otPgEm,Neutral,rt microsofts supplier sustainability movement effect could plastic company
microsoft,neutral,126741817365504000,Wed Oct 19 19:29:38 +0000 2011,Watch new technology under development of #Microsoft http://t.co/fQlhyAat,Neutral,watch new technology development microsoft
microsoft,neutral,126741679024783360,Wed Oct 19 19:29:05 +0000 2011,"#Microsoft #Cloud Microsoft, Infosys Partner to Bring Cloud to Enterprises: Speaking to CMSWire before the ... http://t.co/GV1edcvp #TCN",Neutral,microsoft cloud microsoft infosys partner bring cloud enterprise speaking cmswire tcn
microsoft,neutral,126741473726177280,Wed Oct 19 19:28:16 +0000 2011,#Microsoft Eyes A New Approach to Social #Search http://t.co/lh6pRoAM,Neutral,microsoft eye new approach social search
microsoft,neutral,126740991087611904,Wed Oct 19 19:26:21 +0000 2011,Microsoft wants to transform your hand into a touchscreen: http://t.co/Gwi35vtP @TechFlash #microsoft #omnitouch,Neutral,microsoft want transform hand touchscreen microsoft omnitouch
microsoft,neutral,126740408926609409,Wed Oct 19 19:24:02 +0000 2011,Microsoft CEO Looks Ahead at Social and Mobile Plans http://t.co/KFwQ8r4T #Technology #Microsoft #Nokia,Neutral,microsoft ceo look ahead social mobile plan technology microsoft nokia
microsoft,neutral,126740066138722305,Wed Oct 19 19:22:41 +0000 2011,Ufff... after #Microsoft #MTS11 and #MVP meeting. Was great! #MVPBuzz,Neutral,ufff microsoft mt mvp meeting great mvpbuzz
microsoft,neutral,126739377232687105,Wed Oct 19 19:19:56 +0000 2011,Handling Multi-touch and Mouse Input in All Browsers http://t.co/duK6ze2G #microsoft #ie,Neutral,handling multitouch mouse input browser microsoft ie
microsoft,neutral,126737802657402880,Wed Oct 19 19:13:41 +0000 2011,Not even the Durban rain can stop the part. Prime Circle rocking  #Microsoft #techedafrica,Neutral,even durban rain stop part prime circle rocking microsoft techedafrica
microsoft,neutral,126737400658538496,Wed Oct 19 19:12:05 +0000 2011,#Linux Licensing in Conflict with Secure Boot Support http://t.co/vAyDRedn #opensource #uefi #microsoft,Neutral,linux licensing conflict secure boot support opensource uefi microsoft
microsoft,neutral,126737368001683457,Wed Oct 19 19:11:57 +0000 2011,#Microsoft CEO Looks Ahead at Social and Mobile Plans http://t.co/wYmFplCs #marketing,Neutral,microsoft ceo look ahead social mobile plan marketing
microsoft,neutral,126737116049833984,Wed Oct 19 19:10:57 +0000 2011,i see the #microsoft #lync 64-bit installer still tries to install to C:\Program Files (x86),Neutral,see microsoft lync bit installer still try install cprogram file
microsoft,neutral,126736393987817472,Wed Oct 19 19:08:05 +0000 2011,"Listening to Doug Leland #Microsoft  big data guru. Social media impact huge not just data wise, but within tools to manage data #gartnerSYM",Neutral,listening doug leland microsoft big data guru social medium impact huge data wise within tool manage data gartnersym
microsoft,neutral,126735639508037632,Wed Oct 19 19:05:05 +0000 2011,Follow @whymicrosoft for insight on #Microsoft solutions which drive productivity for people and their organizations,Neutral,follow insight microsoft solution drive productivity people organization
microsoft,neutral,126735624299487232,Wed Oct 19 19:05:02 +0000 2011,Doesn't #Microsoft Research's new touch technology resemble a lot the one developed by Pranav Mistry in ~2009? http://t.co/yZ9xGQGM,Neutral,doesnt microsoft research new touch technology resemble lot one developed pranav mistry
microsoft,neutral,126735411811848192,Wed Oct 19 19:04:11 +0000 2011,#Microsoft researchers want to turn your hand into a touchscreen: http://t.co/UoPSyLTO | #Institute #University #accuracy #applications,Neutral,microsoft researcher want turn hand touchscreen institute university accuracy application
microsoft,neutral,126735013667545088,Wed Oct 19 19:02:36 +0000 2011,.@allie_hooker #Microsoft has the edge in its cloud integration across its different platforms. Tablets still definitely lag behind though.,Neutral,microsoft edge cloud integration across different platform tablet still definitely lag behind though
microsoft,neutral,126734632120102912,Wed Oct 19 19:01:05 +0000 2011,#Microsoft Released Camera Codec Pack For Supporting RAW File  #Windows,Neutral,microsoft released camera codec pack supporting raw file window
microsoft,neutral,126734120058490881,Wed Oct 19 18:59:03 +0000 2011,RT @ObinnaOsobalu: How to resolve incorrect file associations in #Microsoft #Office2010 http://t.co/FgbcXyTP,Neutral,rt resolve incorrect file association microsoft office
microsoft,neutral,126733687944515584,Wed Oct 19 18:57:20 +0000 2011,"Undecided how i feel about new #microsoft #searchengine idea, but could be cool minus the whole celebrity impersonation http://t.co/BdfKJGkz",Neutral,undecided feel new microsoft searchengine idea could cool minus whole celebrity impersonation
microsoft,neutral,126733589328048128,Wed Oct 19 18:56:57 +0000 2011,#apple #facebook @facebook  #microsoft hahahahaha http://t.co/XeNSzCjh,Neutral,apple facebook microsoft hahahahaha
microsoft,neutral,126733404870942720,Wed Oct 19 18:56:12 +0000 2011,"RT @UMDNews: The Future of #Information: Innovators from #Google, #Microsoft &#Twitter  Nov. 14-18  Info & registration at http://t.co/k ...",Neutral,rt future information innovator google microsoft twitter nov info registration
microsoft,neutral,126732739083898881,Wed Oct 19 18:53:34 +0000 2011,@bitwizards I'm Chillin in #Microsoft Commons at #CIO Summit  http://t.co/kj890KmF,Neutral,im chillin microsoft common cio summit
microsoft,neutral,126732384602296320,Wed Oct 19 18:52:09 +0000 2011,RT @drkhan: Are you going to #RSNA? Visit #Microsoft at booth 1411 http://t.co/wdHFz7hp #RSNA2011 #RSNA11 #radiology #Amalga #HealthVault,Neutral,rt going rsna visit microsoft booth rsna rsna radiology amalga healthvault
microsoft,neutral,126732343254851584,Wed Oct 19 18:51:59 +0000 2011,"At the #VMworld party, looks good but I wonder who are the better dancers; #VMware or #Microsoft employees! ;-)",Neutral,vmworld party look good wonder better dancer vmware microsoft employee
microsoft,neutral,126732316000264192,Wed Oct 19 18:51:53 +0000 2011,@Brittjje #MICROSOFT,Neutral,microsoft
microsoft,neutral,126731883659804672,Wed Oct 19 18:50:10 +0000 2011,#Microsoft #Search Idea Could Let You Search Like Miley http://t.co/JoMucrMb,Neutral,microsoft search idea could let search like miley
microsoft,neutral,126731759646810113,Wed Oct 19 18:49:40 +0000 2011,"#Microsoft bringing #touchscreens to walls, clothes, and more http://t.co/bmQf5wEx #tech",Neutral,microsoft bringing touchscreen wall clothes tech
microsoft,neutral,126729624217600001,Wed Oct 19 18:41:11 +0000 2011,#HPVirtualSystem 4 #Microsoft is the latest solution from HP & Microsoft’s $250 million I2A initiative http://t.co/4VCIUZGL,Neutral,hpvirtualsystem microsoft latest solution hp microsofts million ia initiative
microsoft,neutral,126729179994656769,Wed Oct 19 18:39:25 +0000 2011,How to install Windows 7 – What to do before start [Part 2]: http://t.co/vvaslUmA via @Pureinfotech #win7 #tech #software #backup #microsoft,Neutral,install window start part via win tech software backup microsoft
microsoft,neutral,126728328358014980,Wed Oct 19 18:36:02 +0000 2011,"#Microsoft Excel Tips: How To Alternate the Color Between Rows #tips http://t.co/WJWREFjJ",Neutral,microsoft excel tip alternate color row tip
microsoft,neutral,126728277896347649,Wed Oct 19 18:35:50 +0000 2011,#pardus SecureBoot'a Karşı Duruyoruz!: http://t.co/Uiwn6fgQ #fsf #secureboot #linux #microsoft,Neutral,pardus secureboota kar duruyoruz fsf secureboot linux microsoft
microsoft,neutral,126727087770963968,Wed Oct 19 18:31:06 +0000 2011,#Microsoft #Office: A #Shortcut To #Find Your #Microsoft #Office #Documents http://t.co/QojWxB50 via @ibad.info,Neutral,microsoft office shortcut find microsoft office document via info
microsoft,neutral,126726863811903488,Wed Oct 19 18:30:13 +0000 2011,Are you going to #RSNA? Visit #Microsoft at booth 1411 http://t.co/wdHFz7hp #RSNA2011 #RSNA11 #radiology #Amalga #HealthVault,Neutral,going rsna visit microsoft booth rsna rsna radiology amalga healthvault
microsoft,neutral,126726826923012096,Wed Oct 19 18:30:04 +0000 2011,Today's #bargain? Check #Microsoft Bluetooth Mobile Keyboard 6000 http://t.co/sXpNubdH  #tech #deals,Neutral,today bargain check microsoft bluetooth mobile keyboard tech deal
microsoft,neutral,126726199123771392,Wed Oct 19 18:27:34 +0000 2011,"Agree ! RT @MuraineR: #Microsoft launching the OmniTouch, how funny I though that was an @ALUEnterprise soluti… (cont) http://t.co/xyWfXsDL",Neutral,agree rt microsoft launching omnitouch funny though soluti cont
microsoft,neutral,126725918629695489,Wed Oct 19 18:26:28 +0000 2011,RT @E2EVC: #Microsoft #SCVMM #2012- Session by @virtualfat - all u need to know about the new 2012 version. #e2evc Register http://t.co/ ...,Neutral,rt microsoft scvmm session need know new version eevc register
microsoft,neutral,126725691059351552,Wed Oct 19 18:25:33 +0000 2011,http://t.co/cBCEFILN - Many-To-Many Control for #Microsoft #LightSwitch,Neutral,manytomany control microsoft lightswitch
microsoft,neutral,126725006729281536,Wed Oct 19 18:22:50 +0000 2011,"MS Access: a database, reporting tool, programmable forms w/ VBA, part of MS Office #Microsoft should add web front end admin console/util",Neutral,m access database reporting tool programmable form vba part m office microsoft add web front end admin consoleutil
microsoft,neutral,126724433791549440,Wed Oct 19 18:20:34 +0000 2011,RT @thomasgoubin: RT @cmaneu: #stage #Toulouse #Microsoft #net #SuperBoîte #Win8 #geeks = http://t.co/kWfptH4P (Please RT ;),Neutral,rt rt stage toulouse microsoft net superbote win geek please rt
microsoft,neutral,126724174378045440,Wed Oct 19 18:19:32 +0000 2011,iCloud Control Panel for Windows: http://t.co/8nJ4VHNL #win7 #windows7 #apple #ipad #iphone #ipod #iphone4s #microsoft #icloud,Neutral,icloud control panel window win window apple ipad iphone ipod iphones microsoft icloud
microsoft,neutral,126723741651714048,Wed Oct 19 18:17:49 +0000 2011,#Microsoft opens a temp #Kinect / Windows Phone Store http://t.co/txnKgFzl #wp7 #windowsphone #xbox360 #wp75 #msft,Neutral,microsoft open temp kinect window phone store wp windowsphone xbox wp msft
microsoft,neutral,126723269326938112,Wed Oct 19 18:15:56 +0000 2011,Hanging out at #Microsoft Commons with @VinceMayfield,Neutral,hanging microsoft common
microsoft,neutral,126723018989907968,Wed Oct 19 18:14:56 +0000 2011,RT @AndroidTopNews: Steve Ballmer: Android is for computer science geeks http://t.co/o7vJl4Tl #News #android #google #microsoft #steve_b ...,Neutral,rt steve ballmer android computer science geek news android google microsoft steveb
microsoft,neutral,126722729444515840,Wed Oct 19 18:13:47 +0000 2011,Windows 8 on a #Tablet? Can #Microsoft put a bruise on the #ipad? - http://t.co/WGRMnyPi #productivity #office,Neutral,window tablet microsoft put bruise ipad productivity office
microsoft,neutral,126722549584379905,Wed Oct 19 18:13:04 +0000 2011,Steve Ballmer: Android is for computer science geeks http://t.co/o7vJl4Tl #News #android #google #microsoft #steve_ballmer,Neutral,steve ballmer android computer science geek news android google microsoft steveballmer
microsoft,neutral,126722463265599488,Wed Oct 19 18:12:44 +0000 2011,@Rich021 Thank you my friend!  Much appreciated and keep up the great work!  I hope you clean house on #Microsoft #Rewards here! #Retail,Neutral,thank friend much appreciated keep great work hope clean house microsoft reward retail
microsoft,neutral,126722284776980480,Wed Oct 19 18:12:01 +0000 2011,Creating #Pareto charts using #Microsoft #Excel http://t.co/dXbKq8q8,Neutral,creating pareto chart using microsoft excel
microsoft,neutral,126722253579763712,Wed Oct 19 18:11:54 +0000 2011,Project Greenwich 2 be released by #Microsoft Research lets people curate their own personal history http://t.co/ocre5FwU,Neutral,project greenwich released microsoft research let people curate personal history
microsoft,neutral,126722158394228736,Wed Oct 19 18:11:31 +0000 2011,#Microsoft researchers want to turn your hand into a #touchscreen http://t.co/WJAB0tMQ via @arstechnica,Neutral,microsoft researcher want turn hand touchscreen via
microsoft,neutral,126722000549974016,Wed Oct 19 18:10:53 +0000 2011,Set up an environment where you get innovation. Share those expectations with your suppliers. #SIGSource #Microsoft,Neutral,set environment get innovation share expectation supplier sigsource microsoft
microsoft,neutral,126721061797629953,Wed Oct 19 18:07:10 +0000 2011,"RT @Surface: PC Podcast 39 (#GITEX, #Microsoft #Surface) | http://t.co/RsccE99M http://t.co/EyLVACYn
Hear the latest with @Surface from  ...",Neutral,rt pc podcast gitex microsoft surface hear latest
microsoft,neutral,126720971515248641,Wed Oct 19 18:06:48 +0000 2011,"PC Podcast 39 (#GITEX, #Microsoft #Surface) | http://t.co/RsccE99M http://t.co/EyLVACYn
Hear the latest with @Surface from GITEX in Dubai.",Neutral,pc podcast gitex microsoft surface hear latest gitex dubai
microsoft,neutral,126719738293391360,Wed Oct 19 18:01:54 +0000 2011,"#Microsoft's plan for bringing its #BI tools to iOS, Android, and Windows 8
devices
http://ww... Read more at http://t.co/bhhgh5QC",Neutral,microsofts plan bringing bi tool io android window device read
microsoft,neutral,126718237252648960,Wed Oct 19 17:55:56 +0000 2011,Join us Wednesday Nov. 2 for a webinar featuring #Microsoft #Lync deployments with #snom #UC. Register today at http://t.co/B1pr1kIX #VAR,Neutral,join u wednesday nov webinar featuring microsoft lync deployment snom uc register today var
microsoft,neutral,126717789829472256,Wed Oct 19 17:54:10 +0000 2011,"RT @jilldyche: Just saw my bud @EdMaguire of Credit Agricole Securities interviewed by @TylerMatheison  @CNBC, covering  #Microsoft. You ...",Neutral,rt saw bud credit agricole security interviewed covering microsoft
microsoft,neutral,126717208557649920,Wed Oct 19 17:51:51 +0000 2011,RT @infamarketplace: Tool  to allow users to apply #DataQuality rules directly from MS Excel. Learn more @infamarketplace. http://t.co/j ...,Neutral,rt tool allow user apply dataquality rule directly m excel learn
microsoft,neutral,126716851706277889,Wed Oct 19 17:50:26 +0000 2011,#Microsoft builds a functioning ‘holodesk’ to interact with digital items http://t.co/otvmQxJ2,Neutral,microsoft build functioning holodesk interact digital item
microsoft,neutral,126716781510410240,Wed Oct 19 17:50:09 +0000 2011,"Just saw my bud @EdMaguire of Credit Agricole Securities interviewed by @TylerMatheison  @CNBC, covering  #Microsoft. You rocked it, Ed! #fb",Neutral,saw bud credit agricole security interviewed covering microsoft rocked ed fb
microsoft,neutral,126716221575004160,Wed Oct 19 17:47:56 +0000 2011,RT @robakk: Start your private cloud fast with the new HP VirtualSystem for Microsoft http://t.co/XEzz42Z2 #HP #Microsoft #HyperV #Syste ...,Neutral,rt start private cloud fast new hp virtualsystem microsoft hp microsoft hyperv syste
microsoft,neutral,126715906096238592,Wed Oct 19 17:46:40 +0000 2011,RT @The_Victor2 HoloDesk: #Microsoft unveils technology that's one step closer to human/digital interaction. http://t.co/oP379ycF #hardware,Neutral,rt holodesk microsoft unveils technology thats one step closer humandigital interaction hardware
microsoft,neutral,126714453105446912,Wed Oct 19 17:40:54 +0000 2011,Start your private cloud fast with the new HP VirtualSystem for Microsoft http://t.co/XEzz42Z2 #HP #Microsoft #HyperV #SystemCenter,Neutral,start private cloud fast new hp virtualsystem microsoft hp microsoft hyperv systemcenter
microsoft,neutral,126713704099221504,Wed Oct 19 17:37:55 +0000 2011,RT @sharepoinTony: @hersheytech @kofax @collabware @avepoint @nintex engaged w &gt;40 customers #SharePoint ECM Summit at the #Microsoft ...,Neutral,rt engaged gt customer sharepoint ecm summit microsoft
microsoft,neutral,126713363689517056,Wed Oct 19 17:36:34 +0000 2011,"RT @TheCloudNetwork: #Microsoft #Cloud Steve Ballmer At Web 2.0: Microsoft CEO Disses Android, iPhone: According to GeekWire, Ba... http ...",Neutral,rt microsoft cloud steve ballmer web microsoft ceo disses android iphone according geekwire ba http
microsoft,neutral,126713356739547136,Wed Oct 19 17:36:33 +0000 2011,@hersheytech @kofax @collabware @avepoint @nintex engaged w &gt;40 customers #SharePoint ECM Summit at the #Microsoft Tech Center Irvine,Neutral,engaged gt customer sharepoint ecm summit microsoft tech center irvine
microsoft,neutral,126713203240607744,Wed Oct 19 17:35:56 +0000 2011,RT @DaveBakerD2L: RT @goVHS: #Microsoft has just released a case study featuring @goVHS and @Desire2Learn. http://t.co/iG4Qm3Sn #goVHS #D2L,Neutral,rt rt microsoft released case study featuring govhs dl
microsoft,neutral,126712975309537280,Wed Oct 19 17:35:02 +0000 2011,"New #HPVirtualSystem 4 #Microsoft enhances development, deployment & mgmnt of IT http://t.co/Q3cbxvKb",Neutral,new hpvirtualsystem microsoft enhances development deployment mgmnt
microsoft,neutral,126711721376235520,Wed Oct 19 17:30:03 +0000 2011,"By 4:30pm: For E-Commerce Times, Erika Morphy seeks experts re: #Microsoft ""Playful Learning"": pros/cons for kids: http://t.co/WPO9l63f",Neutral,pm ecommerce time erika morphy seek expert microsoft playful learning proscons kid
microsoft,neutral,126710782615494657,Wed Oct 19 17:26:19 +0000 2011,"Steve Ballmer At Web 2.0: #Microsoft CEO Disses Android, #iPhone http://t.co/JivkVbAh #sem #mobile",Neutral,steve ballmer web microsoft ceo disses android iphone sem mobile
microsoft,neutral,126710485604237313,Wed Oct 19 17:25:08 +0000 2011,#Microsoft CEO on #Android: You Have to Be a #Computer #Scientist to Use It - huffington post http://t.co/7PDBvauM #tech #mobile,Neutral,microsoft ceo android computer scientist use huffington post tech mobile
microsoft,neutral,126709729924874241,Wed Oct 19 17:22:08 +0000 2011,#microsoft,Neutral,microsoft
microsoft,neutral,126709714565349376,Wed Oct 19 17:22:04 +0000 2011,"With #Holodesk from #Microsoft research, you can manipulate 3-D, virtual images with your hands http://t.co/lTws9xvx",Neutral,holodesk microsoft research manipulate virtual image hand
microsoft,neutral,126708211108683776,Wed Oct 19 17:16:06 +0000 2011,Spend $499 at a Microsoft Store and Get a Free Windows Phone http://t.co/1zRhXnVd #wp7 #wp7dev #windowsphone #Microsoft,Neutral,spend microsoft store get free window phone wp wpdev windowsphone microsoft
microsoft,neutral,126708014081257472,Wed Oct 19 17:15:19 +0000 2011,RT @WinBetaDotOrg: Microsoft giving away free Windows Phones with a $499 purchase http://t.co/K2qYY9ex #Microsoft #Windows_Phone,Neutral,rt microsoft giving away free window phone purchase microsoft windowsphone
microsoft,neutral,126707947744145409,Wed Oct 19 17:15:03 +0000 2011,What’s new in the #Microsoft world after #bldwin? Find out at #DevReach in Europe. Register at,Neutral,whats new microsoft world bldwin find devreach europe register
microsoft,neutral,126707946955616256,Wed Oct 19 17:15:03 +0000 2011,RT @jblank23: #Microsoft Turns Your Body Into A Touchscreen @PSFK: http://t.co/GMT9sLfN via @AddThis,Neutral,rt microsoft turn body touchscreen via
microsoft,neutral,126707601504346112,Wed Oct 19 17:13:40 +0000 2011,"#Microsoft, Steve Ballmer, speaks at Web 2.0 Summit in San Francisco: http://t.co/awtf2xJW #Bing #Android #Google #Apple #Amazon",Neutral,microsoft steve ballmer speaks web summit san francisco bing android google apple amazon
microsoft,neutral,126707418536218624,Wed Oct 19 17:12:57 +0000 2011,#Microsoft Turns Your Body Into A Touchscreen @PSFK: http://t.co/GMT9sLfN via @AddThis,Neutral,microsoft turn body touchscreen via
microsoft,neutral,126707389142544384,Wed Oct 19 17:12:50 +0000 2011,#Microsoft's Ballmer Swipes at #Google http://t.co/Ve3LMoTn,Neutral,microsofts ballmer swipe google
microsoft,neutral,126706701968736256,Wed Oct 19 17:10:06 +0000 2011,Microsoft giving away free Windows Phones with a $499 purchase http://t.co/K2qYY9ex #Microsoft #Windows_Phone,Neutral,microsoft giving away free window phone purchase microsoft windowsphone
microsoft,neutral,126706701306052609,Wed Oct 19 17:10:06 +0000 2011,Microsoft giving away free Windows Phones with a $499 purchase http://t.co/GHPcGCpX #Microsoft #Windows_Phone,Neutral,microsoft giving away free window phone purchase microsoft windowsphone
microsoft,neutral,126706255413772288,Wed Oct 19 17:08:20 +0000 2011,#SIGSource Dawn Evans interviewing #Microsoft's Tim McBride in SIG's Inside Source exec video series. In a new role in financial operations,Neutral,sigsource dawn evans interviewing microsofts tim mcbride sigs inside source exec video series new role financial operation
microsoft,neutral,126705857206562816,Wed Oct 19 17:06:45 +0000 2011,"#Microsoft #Cloud Steve Ballmer At Web 2.0: Microsoft CEO Disses Android, iPhone: According to GeekWire, Ba... http://t.co/5L3vWLZJ #TCN",Neutral,microsoft cloud steve ballmer web microsoft ceo disses android iphone according geekwire ba tcn
microsoft,neutral,126705440640860161,Wed Oct 19 17:05:05 +0000 2011,$4.5B #Nortel #IP Deal Still Under #DOJ Review: #Microsoft Exec (via @IPLaw360) http://t.co/DGIkwyoi #in,Neutral,nortel ip deal still doj review microsoft exec via
microsoft,neutral,126705187942449152,Wed Oct 19 17:04:05 +0000 2011,first steps to holographic user interfaces? http://t.co/XkavtOm9 #microsoft #research,Neutral,first step holographic user interface microsoft research
microsoft,neutral,126705130681794560,Wed Oct 19 17:03:51 +0000 2011,New post: Touch Everywhere http://t.co/KKDup8v1 #microsoft #research #touch,Neutral,new post touch everywhere microsoft research touch
microsoft,neutral,126704776506380288,Wed Oct 19 17:02:27 +0000 2011,Two Extremes of Touch Interaction #Microsoft #future #fb http://t.co/Di9QkGa5,Neutral,two extreme touch interaction microsoft future fb
microsoft,neutral,126704323542523904,Wed Oct 19 17:00:39 +0000 2011,@MSPartners can join: BizSpark http://t.co/YTyl8Wm0  or WebsiteSpark http://t.co/10AzXP9q! #Microsoft #MPN,Neutral,join bizspark websitespark microsoft mpn
microsoft,neutral,126704037738459136,Wed Oct 19 16:59:31 +0000 2011,Ballmer's vision for #Microsoft http://t.co/MWlPnWtM,Neutral,ballmers vision microsoft
microsoft,neutral,126703842732683265,Wed Oct 19 16:58:44 +0000 2011,RT @imason_inc: Search Governance in #SharePoint 2010 http://t.co/dPlbPQHO #microsoft,Neutral,rt search governance sharepoint microsoft
microsoft,neutral,126703823837335552,Wed Oct 19 16:58:40 +0000 2011,"CNET » #Microsoft #OmniTouch allows multitouch input on arbitrary, everyday surfaces » http://t.co/PbwdSTmb http://t.co/0D4xV6D3",Neutral,cnet microsoft omnitouch allows multitouch input arbitrary everyday surface
microsoft,neutral,126703372207271936,Wed Oct 19 16:56:52 +0000 2011,RT @calvinnieh: Learn how to keep Microsoft #Exchange costs low today at 11am Pacific.  Win with #Microsoft and #NetApp Webcast @ http:/ ...,Neutral,rt learn keep microsoft exchange cost low today pacific win microsoft netapp webcast http
microsoft,neutral,126702051001516032,Wed Oct 19 16:51:37 +0000 2011,Search Governance in #SharePoint 2010 http://t.co/xtqv4DW5 #microsoft,Neutral,search governance sharepoint microsoft
microsoft,neutral,126701413907701760,Wed Oct 19 16:49:05 +0000 2011,RT @HersheyTech: @tomcastiglia and @sharepointony now presenting on #SharePoint upgrade planning at our #SharePoint ECM Summit at the #M ...,Neutral,rt presenting sharepoint upgrade planning sharepoint ecm summit
microsoft,neutral,126701318978019328,Wed Oct 19 16:48:43 +0000 2011,New #70-680 #Exam #Questions are available @techxams http://t.co/S0VxsRuU #Microsoft,Neutral,new exam question available microsoft
microsoft,neutral,126701312447496192,Wed Oct 19 16:48:41 +0000 2011,#Microsoft applies for celebrity search #patent. #bing-o http://t.co/vaDvkMSk #HermanCain.co directs you to...#RonPaul http://t.co/8Qgp5J48,Neutral,microsoft applies celebrity search patent bingo hermancainco directs toronpaul
microsoft,neutral,126701230331412480,Wed Oct 19 16:48:21 +0000 2011,"RT @iphone4S_nerd: #Microsoft’s Ballmer: Android phones are boring, overcomplicated http://t.co/xyM8fxD0 via @BGR",Neutral,rt microsofts ballmer android phone boring overcomplicated via
microsoft,neutral,126700724389281792,Wed Oct 19 16:46:21 +0000 2011,Nokia to reveal multiple Windows Phone devices next http://t.co/0CIUtecX #mobile #nokia #microsoft,Neutral,nokia reveal multiple window phone device next mobile nokia microsoft
microsoft,neutral,126700451163942912,Wed Oct 19 16:45:16 +0000 2011,#Microsoft headquarters tomorrow! #Blogalicious @beblogalicious,Neutral,microsoft headquarters tomorrow blogalicious
microsoft,neutral,126699934694129664,Wed Oct 19 16:43:13 +0000 2011,"Microsoft's CEO, Steve Ballmer critics the user friendliness of Android. #Android #Google #Microsoft #WP7 http://t.co/rbEv95eE",Neutral,microsofts ceo steve ballmer critic user friendliness android android google microsoft wp
microsoft,neutral,126699730028855296,Wed Oct 19 16:42:24 +0000 2011,Learn how to keep Microsoft #Exchange costs low today at 11am Pacific.  Win with #Microsoft and #NetApp Webcast @ http://t.co/3NJAayMp,Neutral,learn keep microsoft exchange cost low today pacific win microsoft netapp webcast
microsoft,neutral,126699437711040512,Wed Oct 19 16:41:14 +0000 2011,"#Microsoft launching the OmniTouch, how funny I though that was an @ALUEnterprise solution! #copyright http://t.co/5ExkV0L7 via @l_evenement",Neutral,microsoft launching omnitouch funny though solution copyright via
microsoft,neutral,126699406765465601,Wed Oct 19 16:41:07 +0000 2011,Check out this great Blog w/ Tips from #YouSendIt - what 2 Consider When Migrating 2 #Microsoft Exchange 2010 http://t.co/jw1UbODI @YSI,Neutral,check great blog tip yousendit consider migrating microsoft exchange
microsoft,neutral,126699405356171264,Wed Oct 19 16:41:06 +0000 2011,Check out this great Blog w/ Tips from #YouSendIt - what 2 Consider When Migrating 2 #Microsoft Exchange 2010 http://t.co/eeF3780B @YSI,Neutral,check great blog tip yousendit consider migrating microsoft exchange
microsoft,neutral,126699162879275008,Wed Oct 19 16:40:09 +0000 2011,Survivable Branch Appliances & Basic Hybrid Gateways for #Microsoft #Lync and Office Communications Server http://t.co/MqUojAAf #Audiocodes,Neutral,survivable branch appliance basic hybrid gateway microsoft lync office communication server audiocodes
microsoft,neutral,126698863447916544,Wed Oct 19 16:38:57 +0000 2011,Why do Linux fanatics want to make Windows 8 less secure? http://t.co/OGkaYZO7 #linux #microsoft,Neutral,linux fanatic want make window less secure linux microsoft
microsoft,neutral,126698757503991808,Wed Oct 19 16:38:32 +0000 2011,Microsoft applies for celebrity search patent #microsoft #bing: Microsoft has applied for a new patent that take... http://t.co/4qoQqDCY,Neutral,microsoft applies celebrity search patent microsoft bing microsoft applied new patent take
microsoft,neutral,126698756845481984,Wed Oct 19 16:38:32 +0000 2011,Microsoft applies for celebrity search patent #microsoft #bing http://t.co/5KfqKfgo #microsoft,Neutral,microsoft applies celebrity search patent microsoft bing microsoft
microsoft,neutral,126698755884978177,Wed Oct 19 16:38:32 +0000 2011,Microsoft applies for celebrity search patent #microsoft #bing http://t.co/WABa8K9B,Neutral,microsoft applies celebrity search patent microsoft bing
microsoft,neutral,126698717930717184,Wed Oct 19 16:38:22 +0000 2011,RT @TechZader: Microsoft applies for celebrity search patent #microsoft #bing http://t.co/5LbarN3n,Neutral,rt microsoft applies celebrity search patent microsoft bing
microsoft,neutral,126698707252027392,Wed Oct 19 16:38:20 +0000 2011,Microsoft applies for celebrity search patent #microsoft #bing http://t.co/7kAorRKZ,Neutral,microsoft applies celebrity search patent microsoft bing
microsoft,neutral,126698704290852865,Wed Oct 19 16:38:19 +0000 2011,Microsoft applies for celebrity search patent #microsoft #bing http://t.co/mfgQuZKU #neowin,Neutral,microsoft applies celebrity search patent microsoft bing neowin
microsoft,neutral,126698703410040834,Wed Oct 19 16:38:19 +0000 2011,Microsoft applies for celebrity search patent #microsoft #bing http://t.co/5LbarN3n,Neutral,microsoft applies celebrity search patent microsoft bing
microsoft,neutral,126698504910413827,Wed Oct 19 16:37:32 +0000 2011,Securing #Microsoft Exchange 2010 with #SSL Certificate http://t.co/DAwnAbvX #Exchange2010 #ITSecurity,Neutral,securing microsoft exchange ssl certificate exchange itsecurity
microsoft,neutral,126698182141947904,Wed Oct 19 16:36:15 +0000 2011,Need info - #Microsoft #CRM - then check this out - http://t.co/seRMv1o7,Neutral,need info microsoft crm check
microsoft,neutral,126697870689710080,Wed Oct 19 16:35:00 +0000 2011,"Not sure how I feel about the Black Keys playing at the U-Village Microsoft store. Guess they *are* getting paid, that's good. #Microsoft",Neutral,sure feel black key playing uvillage microsoft store guess getting paid thats good microsoft
microsoft,neutral,126697419953012737,Wed Oct 19 16:33:13 +0000 2011,"http://t.co/J3p3KYHf
#Apple #Google #Microsoft #Blackberry #Nokia #HTC #Samsung #Motorola #WindowsPhone7 #iPhone #Android #Droid #Tablets",Neutral,apple google microsoft blackberry nokia htc samsung motorola windowsphone iphone android droid tablet
microsoft,neutral,126697038187474944,Wed Oct 19 16:31:42 +0000 2011,will be at the London #Microsoft Partner Business Briefing tomorrow - see some of you there :),Neutral,london microsoft partner business briefing tomorrow see
microsoft,neutral,126696856959983616,Wed Oct 19 16:30:59 +0000 2011,Microsoft turns your body into a touchscreen http://t.co/8LbJuq4y #Microsoft,Neutral,microsoft turn body touchscreen microsoft
microsoft,neutral,126696843299135488,Wed Oct 19 16:30:56 +0000 2011,@DaniWeb MS business intelligence development studio. Where u create SSRS reports and SSIS packages. Wonderful world of #microsoft :),Neutral,m business intelligence development studio create ssrs report ssis package wonderful world microsoft
microsoft,neutral,126696759077511168,Wed Oct 19 16:30:35 +0000 2011,Microsoft turns your body into a touchscreen http://t.co/j1T6kHgP #Microsoft,Neutral,microsoft turn body touchscreen microsoft
microsoft,neutral,126696757294927874,Wed Oct 19 16:30:35 +0000 2011,Microsoft turns your body into a touchscreen http://t.co/YE0NZy82 #Microsoft,Neutral,microsoft turn body touchscreen microsoft
microsoft,neutral,126696688046968832,Wed Oct 19 16:30:19 +0000 2011,"Join Brainware in ORLANDO 11/2-discuss financial best practices, automation tech w/speakers from #disney and #microsoft http://t.co/gLYzOXMc",Neutral,join brainware orlando discus financial best practice automation tech wspeakers disney microsoft
microsoft,neutral,126696671894704129,Wed Oct 19 16:30:15 +0000 2011,Did you know there is a #Microsoft Learning facebook page where you can find deals and course info #MCTSummitNA,Neutral,know microsoft learning facebook page find deal course info mctsummitna
microsoft,neutral,126696627955171328,Wed Oct 19 16:30:04 +0000 2011,Tool  to allow users to apply #DataQuality rules directly from MS Excel. Learn more @infamarketplace. http://t.co/jkZqrnO6 #Excel #Microsoft,Neutral,tool allow user apply dataquality rule directly m excel learn excel microsoft
microsoft,neutral,126696501849227264,Wed Oct 19 16:29:34 +0000 2011,@tomcastiglia and @sharepointony now presenting on #SharePoint upgrade planning at our #SharePoint ECM Summit at the #Microsoft Tech Center,Neutral,presenting sharepoint upgrade planning sharepoint ecm summit microsoft tech center
microsoft,neutral,126696344881594368,Wed Oct 19 16:28:57 +0000 2011,#Microsoft are patenting applying personas of celebrities to #Bing results http://t.co/JBmsaU6O,Neutral,microsoft patenting applying persona celebrity bing result
microsoft,neutral,126695550975356928,Wed Oct 19 16:25:47 +0000 2011,Check out this Interesting Blog on Tips from #YouSendIt 4 wht 2 Consider When Migrating 2 #Microsoft Exchange 2010 http://t.co/yLF30h0h,Neutral,check interesting blog tip yousendit wht consider migrating microsoft exchange
microsoft,neutral,126695264487604224,Wed Oct 19 16:24:39 +0000 2011,"RT @sholliman: #SIGSource #Microsoft's Tami Reller says get on the bus and if you don't want to be on the bus, get off the road.",Neutral,rt sigsource microsofts tami reller say get bus dont want bus get road
microsoft,neutral,126694893841158145,Wed Oct 19 16:23:11 +0000 2011,Learn how you can now upload SRS reports to #Microsoft CRM 2011 Online. #CRM2011  http://t.co/RrcF9W2V,Neutral,learn upload sr report microsoft crm online crm
microsoft,neutral,126694267560271872,Wed Oct 19 16:20:41 +0000 2011,"#SIGSource #Microsoft's Tami Reller says get on the bus and if you don't want to be on the bus, get off the road.",Neutral,sigsource microsofts tami reller say get bus dont want bus get road
microsoft,neutral,126693945123147776,Wed Oct 19 16:19:25 +0000 2011,Yahoo! Just received welcome letter to join #TFS Preview. Thanks #Microsoft,Neutral,yahoo received welcome letter join tfs preview thanks microsoft
microsoft,neutral,126693187346632704,Wed Oct 19 16:16:24 +0000 2011,Does anyone out there have some good online training or tips on using InforPath 2010 to build forms with rules?  #Microsoft #SharePoint,Neutral,anyone good online training tip using inforpath build form rule microsoft sharepoint
microsoft,neutral,126693021365452800,Wed Oct 19 16:15:44 +0000 2011,Check out our newly revamped Testimonials page for more information on how #Microsoft #Dynamics #CRM can work fo... http://t.co/nnvy8NP2,Neutral,check newly revamped testimonial page information microsoft dynamic crm work fo
microsoft,neutral,126692888741548032,Wed Oct 19 16:15:13 +0000 2011,Print Ads Dead ? Not with #Microsoft #TAG on your ad learn more here - http://t.co/vfZRTkaa,Neutral,print ad dead microsoft tag ad learn
microsoft,neutral,126692854981595136,Wed Oct 19 16:15:05 +0000 2011,#Microsoft Is Getting More Serious About Daily (#Bing) #Deals http://t.co/yt8AW0gK,Neutral,microsoft getting serious daily bing deal
microsoft,neutral,126692811859963904,Wed Oct 19 16:14:54 +0000 2011,Nokia 800 “Searay” Windows Phone press shots leak http://t.co/HwZzIEKk #microsoft #windows,Neutral,nokia searay window phone press shot leak microsoft window
microsoft,neutral,126692357277102080,Wed Oct 19 16:13:06 +0000 2011,A Child’s-Eye View Of #Microsoft’s #Kinect For Kids: http://t.co/xW1ACTtj | #solutions #Kasper,Neutral,childseye view microsofts kinect kid solution kasper
microsoft,neutral,126691842736668673,Wed Oct 19 16:11:03 +0000 2011,Microsoft CEO Steve Ballmer confirms Nokia Windows Phone devices due next week http://t.co/rDTzumtZ #Microsoft #Nokia,Neutral,microsoft ceo steve ballmer confirms nokia window phone device due next week microsoft nokia
microsoft,neutral,126691830774505472,Wed Oct 19 16:11:00 +0000 2011,#microsoft 1st ever global ad campaign:great full circle focus on integrated product connectivity and global relevance http://t.co/ZCevlB1a,Neutral,microsoft st ever global ad campaigngreat full circle focus integrated product connectivity global relevance
microsoft,neutral,126691604839927808,Wed Oct 19 16:10:07 +0000 2011,#Breakfast at #Microsoft with #PMs in SF 10/25: http://t.co/JXpUVecS,Neutral,breakfast microsoft pm sf
microsoft,neutral,126691578361298945,Wed Oct 19 16:10:00 +0000 2011,Check out our newly revamped Testimonials page for more information on how #Microsoft #Dynamics #CRM can work for you!  http://t.co/hmT51bdf,Neutral,check newly revamped testimonial page information microsoft dynamic crm work
microsoft,neutral,126691206976643072,Wed Oct 19 16:08:32 +0000 2011,#HTC Arrive #Windows Phone (#Sprint) Review http://t.co/CdkPyjZV #windowsphone7 #xboxlive #mobile #cdma #microsoft,Neutral,htc arrive window phone sprint review windowsphone xboxlive mobile cdma microsoft
microsoft,neutral,126691146209558528,Wed Oct 19 16:08:17 +0000 2011,What to Consider When Migrating to #Microsoft Exchange 2010: http://t.co/jmyt6myL #yousendit booth 624 #gartnersym,Neutral,consider migrating microsoft exchange yousendit booth gartnersym
microsoft,neutral,126691006207893505,Wed Oct 19 16:07:44 +0000 2011,RT @NeowinFeed: Steve Ballmer slams Android #microsoft #steveballmer http://t.co/GQqyQbaG #neowin,Neutral,rt steve ballmer slam android microsoft steveballmer neowin
microsoft,neutral,126690823306870784,Wed Oct 19 16:07:00 +0000 2011,#Microsoft Explains and Refines the #Windows 8 Start Screen - http://t.co/IIlXENKI #ux #ixd,Neutral,microsoft explains refines window start screen ux ixd
microsoft,neutral,126690446872297473,Wed Oct 19 16:05:30 +0000 2011,Steve Ballmer slams Android #microsoft #steveballmer: Microsoft CEO Steve Ballmer was highly critical of Google'... http://t.co/dgNBSbuJ,Neutral,steve ballmer slam android microsoft steveballmer microsoft ceo steve ballmer highly critical google
microsoft,neutral,126690445119070210,Wed Oct 19 16:05:30 +0000 2011,Steve Ballmer slams Android #microsoft #steveballmer http://t.co/iYTWIZzv #microsoft,Neutral,steve ballmer slam android microsoft steveballmer microsoft
microsoft,neutral,126690443588153345,Wed Oct 19 16:05:30 +0000 2011,Steve Ballmer slams Android #microsoft #steveballmer http://t.co/fD1m8vN1,Neutral,steve ballmer slam android microsoft steveballmer
microsoft,neutral,126690396720988160,Wed Oct 19 16:05:19 +0000 2011,Steve Ballmer slams Android #microsoft #steveballmer http://t.co/rVTTHD7P,Neutral,steve ballmer slam android microsoft steveballmer
microsoft,neutral,126690392568639488,Wed Oct 19 16:05:18 +0000 2011,Steve Ballmer slams Android #microsoft #steveballmer http://t.co/GQqyQbaG #neowin,Neutral,steve ballmer slam android microsoft steveballmer neowin
microsoft,neutral,126690357042884608,Wed Oct 19 16:05:09 +0000 2011,Check out our podacst regarding Sugar's Edge In Tems Of Database Structure http://t.co/Qv4DAw7A #Microsoft CRM,Neutral,check podacst regarding sugar edge tems database structure microsoft crm
microsoft,neutral,126690074946568192,Wed Oct 19 16:04:02 +0000 2011,Steve Ballmer slams Android #microsoft #steveballmer http://t.co/wfSSexks,Neutral,steve ballmer slam android microsoft steveballmer
microsoft,neutral,126689592832294913,Wed Oct 19 16:02:07 +0000 2011,#Microsoft Stores offering a free Windows Phone with a $499 purchase http://t.co/nfpvegDK #wp7 #windowsphone #wp75 #mango #msft,Neutral,microsoft store offering free window phone purchase wp windowsphone wp mango msft
microsoft,neutral,126689002114924544,Wed Oct 19 15:59:46 +0000 2011,The Great Tech War Of 2012 : http://t.co/RbEvrtfz #Tech #Mobile #2012 #Wireless #Apple #Google #Microsoft,Neutral,great tech war tech mobile wireless apple google microsoft
microsoft,neutral,126688055691190274,Wed Oct 19 15:56:00 +0000 2011,New #snom Webinar Nov. 2: Accelerate #Microsoft #Lync Deployments with snom #UC. Register here http://t.co/FYyIIMIX #VARs #phones,Neutral,new snom webinar nov accelerate microsoft lync deployment snom uc register var phone
microsoft,neutral,126687847762771970,Wed Oct 19 15:55:11 +0000 2011,#Europe Approves #Microsoft Takeover of #Skype -http://mrkt.ms/r9CGEO #UK #London,Neutral,europe approves microsoft takeover skype uk london
microsoft,neutral,126686806585520128,Wed Oct 19 15:51:03 +0000 2011,"Isn't this a little too much?
http://t.co/ILWPs3f9 #xbox #microsoft #technology",Neutral,isnt little much xbox microsoft technology
microsoft,neutral,126686450019344384,Wed Oct 19 15:49:38 +0000 2011,"@allyfish87 leaning that way for battery. Have #Microsoft xbox, media pc and zune so would a Droid fit better? #idk thanks tho :)",Neutral,leaning way battery microsoft xbox medium pc zune would droid fit better idk thanks tho
microsoft,neutral,126686367479631872,Wed Oct 19 15:49:18 +0000 2011,RT @Microsoft_EDU: Quality #education is vital. Attend #Microsoft & #Desire2Learn session at #EDUCAUSE http://t.co/Gym6pUUx #EDU11,Neutral,rt quality education vital attend microsoft desirelearn session educause edu
microsoft,neutral,126686111656448000,Wed Oct 19 15:48:17 +0000 2011,#Microsoft should follow suit with #Bing and #Windows Live http://t.co/9s0f4SNn,Neutral,microsoft follow suit bing window live
microsoft,neutral,126686012884787200,Wed Oct 19 15:47:53 +0000 2011,Esse prof acha que ninguém sabe mexer no #microsoft word,Neutral,esse prof acha que ningum sabe mexer microsoft word
microsoft,neutral,126685318899449856,Wed Oct 19 15:45:08 +0000 2011,#TonyBates on #Microsoft Acquisition of #Skype via Microsoft - http://t.co/GtoJxLhH,Neutral,tonybates microsoft acquisition skype via microsoft
microsoft,neutral,126685194278289408,Wed Oct 19 15:44:38 +0000 2011,Check this video out -- Steve Ballmer: We were lucky not to buy Yahoo! ALALUYA http://t.co/V9rmRAUh #microsoft #yahoo #SteveBallmer,Neutral,check video steve ballmer lucky buy yahoo alaluya microsoft yahoo steveballmer
microsoft,neutral,126685077823422466,Wed Oct 19 15:44:10 +0000 2011,Ballmer says you need to be a computer scientist to use Android http://t.co/TlKWhOsd #android #android #microsoft,Neutral,ballmer say need computer scientist use android android android microsoft
microsoft,neutral,126684141306650625,Wed Oct 19 15:40:27 +0000 2011,Geek Fact for October 19th - 1998: U.S. Department of Justice antitrust case against #Microsoft began. #geekfact,Neutral,geek fact october th u department justice antitrust case microsoft began geekfact
microsoft,neutral,126683940764401665,Wed Oct 19 15:39:39 +0000 2011,A Child’s-Eye View Of #Microsoft’s #Kinect For #Kids http://t.co/mnamu0xF,Neutral,childseye view microsofts kinect kid
microsoft,neutral,126683909722357760,Wed Oct 19 15:39:32 +0000 2011,A Child’s-Eye View Of #Microsoft’s #Kinect For #Kids http://t.co/nzhbzzW3 via @TechCrunch,Neutral,childseye view microsofts kinect kid via
microsoft,neutral,126683288239751169,Wed Oct 19 15:37:04 +0000 2011,Nokia 800 aka Nokia Searay renders http://t.co/NwI63GhB #wp7 #nokia #microsoft #mango,Neutral,nokia aka nokia searay render wp nokia microsoft mango
microsoft,neutral,126683225123852288,Wed Oct 19 15:36:49 +0000 2011,As mainly a #Microsoft #business user is it OK to like #IBM #ibmconnections ?,Neutral,mainly microsoft business user ok like ibm ibmconnections
microsoft,neutral,126681783222808578,Wed Oct 19 15:31:05 +0000 2011,"RT @FierceWireless: #Microsoft's Ballmer promises #Nokia Windows phones next week, slams #Android.  http://t.co/OH8Btu2e #WP7 #Window...",Neutral,rt microsofts ballmer promise nokia window phone next week slam android wp window
microsoft,neutral,126680710403719168,Wed Oct 19 15:26:49 +0000 2011,"#Microsoft’s Ballmer: Android phones are boring, overcomplicated http://t.co/xyM8fxD0 via @BGR",Neutral,microsofts ballmer android phone boring overcomplicated via
microsoft,neutral,126680178196877312,Wed Oct 19 15:24:42 +0000 2011,"@gsmarena_com Talk, talk, talk... release the phone already, before they are completely obsolete #Nokia #Microsoft",Neutral,talk talk talk release phone already completely obsolete nokia microsoft
microsoft,neutral,126680085959942144,Wed Oct 19 15:24:20 +0000 2011,"#Microsoft's Ballmer promises #Nokia Windows phones next week, slams #Android.  http://t.co/5DOmls5e #WP7 #WindowsPhone",Neutral,microsofts ballmer promise nokia window phone next week slam android wp windowsphone
microsoft,neutral,126679050742800385,Wed Oct 19 15:20:13 +0000 2011,#Microsoft is working with local Thai partner to show how to apply a location-based IT system to address flood crisis (Bangkok Post),Neutral,microsoft working local thai partner show apply locationbased system address flood crisis bangkok post
microsoft,neutral,126678934237626368,Wed Oct 19 15:19:46 +0000 2011,"""Metro (design language)"" http://t.co/r7RdW1PH Microsoft took inspiration from King County Metro! #microsoft #metro #windows8 #bus",Neutral,metro design language microsoft took inspiration king county metro microsoft metro window bus
microsoft,neutral,126678725491294209,Wed Oct 19 15:18:56 +0000 2011,"Microsoft's Ballmer Trashes Android, Touts Skype http://t.co/VkFnwmTJ #microsoft #skype #android",Neutral,microsofts ballmer trash android tout skype microsoft skype android
microsoft,neutral,126678690334638080,Wed Oct 19 15:18:48 +0000 2011,"RT @gkumaran: #EMC White paper on Automated Perf Optimization for #Microsoft Applications with EMC #VMAX, FAST VP and #HyperV #SCVMM htt ...",Neutral,rt emc white paper automated perf optimization microsoft application emc vmax fast vp hyperv scvmm htt
microsoft,neutral,126678683393081344,Wed Oct 19 15:18:46 +0000 2011,"The NEW #Microsoft Action Pack gives @MSPartners access to software, development tools, training and market visibility!",Neutral,new microsoft action pack give access software development tool training market visibility
microsoft,neutral,126678622449831937,Wed Oct 19 15:18:31 +0000 2011,RT @PacktEnterprise: Book Published! #Microsoft #SharePoint 2010 Power User Cookbook: http://t.co/A8ZqMpYP @spmentor http://t.co/v0mO0VkQ,Neutral,rt book published microsoft sharepoint power user cookbook
microsoft,neutral,126678454639927297,Wed Oct 19 15:17:51 +0000 2011,"VIDEO: #Microsoft CEO Steve Ballmer talks at #Web2.0Summit about #Yahoo, Bing, and more.  http://t.co/YEAXVP1V",Neutral,video microsoft ceo steve ballmer talk websummit yahoo bing
microsoft,neutral,126677913058820097,Wed Oct 19 15:15:42 +0000 2011,Microsoft's Steve Ballmer attacks Android phones http://t.co/bkgep6zm #Android #Microsoft #SteveBallmer #Google,Neutral,microsofts steve ballmer attack android phone android microsoft steveballmer google
microsoft,neutral,126677721647554561,Wed Oct 19 15:14:57 +0000 2011,Blessing in disguise. Ballmer feels lucky #Microsoft didn't buy #Yahoo in 2008 http://t.co/2Acd5GOz #business,Neutral,blessing disguise ballmer feel lucky microsoft didnt buy yahoo business
microsoft,neutral,126677403480231937,Wed Oct 19 15:13:41 +0000 2011,Are you an digital expert? Or an online amateur? - http://t.co/oizGNXGT #Microsoft,Neutral,digital expert online amateur microsoft
microsoft,neutral,126676455936622593,Wed Oct 19 15:09:55 +0000 2011,A Web service developed by #Microsoft Research lets people curate their own personal history | http://t.co/TYAdzHQx,Neutral,web service developed microsoft research let people curate personal history
microsoft,neutral,126676302873899008,Wed Oct 19 15:09:18 +0000 2011,@Cyruss1989 @wpcentral I think they're referring to the obvious  partnership between #Microsoft and #Nokia aka #Bing and #Navteq.,Neutral,think theyre referring obvious partnership microsoft nokia aka bing navteq
microsoft,neutral,126675994378637312,Wed Oct 19 15:08:05 +0000 2011,"RT @SymonPerriman: Sign up for online #Microsoft #HyperV #Virtualization 70-659 training on Nov. 2. It is $99, has a $150 exam voucher!  ...",Neutral,rt sign online microsoft hyperv virtualization training nov exam voucher
microsoft,neutral,126675231896117248,Wed Oct 19 15:05:03 +0000 2011,#Ballmer: We're Lucky #Microsoft Didn't Buy #Yahoo: http://t.co/oHbevXdP | #CEO #John #Steve #Web #acquisition #comment #conference,Neutral,ballmer lucky microsoft didnt buy yahoo ceo john steve web acquisition comment conference
microsoft,neutral,126674948671545344,Wed Oct 19 15:03:55 +0000 2011,"""You don't have to be a computer scientist to use a Windows Phone,"" said #Microsoft 's #SteveBallmer, ""but you do to use an Android phone.""",Neutral,dont computer scientist use window phone said microsoft steveballmer use android phone
microsoft,neutral,126674919969923072,Wed Oct 19 15:03:49 +0000 2011,RT @Startpack_en: Guys from #Microsoft tell #Startpack developers about how to integrates with #SystemCenter via web services. http://t. ...,Neutral,rt guy microsoft tell startpack developer integrates systemcenter via web service
microsoft,neutral,126674748674547712,Wed Oct 19 15:03:08 +0000 2011,"Sign up for online #Microsoft #HyperV #Virtualization 70-659 training on Nov. 2. It is $99, has a $150 exam voucher! 
http://t.co/zcHV6TaC",Neutral,sign online microsoft hyperv virtualization training nov exam voucher
microsoft,neutral,126673949907107840,Wed Oct 19 14:59:58 +0000 2011,Guys from #Microsoft tell #Startpack developers about how to integrates with #SystemCenter via web services. http://t.co/yziwv1wd,Neutral,guy microsoft tell startpack developer integrates systemcenter via web service
microsoft,neutral,126673753680773122,Wed Oct 19 14:59:11 +0000 2011,"#Microsoft quarterly earnings out tomorrow, here's what to expect: http://t.co/YpTCBeON",Neutral,microsoft quarterly earnings tomorrow here expect
microsoft,neutral,126673364231270400,Wed Oct 19 14:57:38 +0000 2011,#Windows8 #Microsoft please implement a UAC prompt when a non elevated process drops on elevated process instead of failing silently.,Neutral,window microsoft please implement uac prompt non elevated process drop elevated process instead failing silently
microsoft,neutral,126672797731790848,Wed Oct 19 14:55:23 +0000 2011,#Microsoft #Cloud Microsoft launches Virtual Academy in Kenya: Microsoft East and Southern Africa launched ... http://t.co/GllUQiTJ #TCN,Neutral,microsoft cloud microsoft launch virtual academy kenya microsoft east southern africa launched tcn
microsoft,neutral,126671949320556544,Wed Oct 19 14:52:00 +0000 2011,#MICROSOFT MULTIMEDIA STRAVINSKY : THE RITE OF SPRING (CD-ROM) [VERSION 1.0] Review: MICROSOFT MULTIMEDIA STRAVI... http://t.co/iX4FEcM2,Neutral,microsoft multimedia stravinsky rite spring cdrom version review microsoft multimedia stravi
microsoft,neutral,126671882211692545,Wed Oct 19 14:51:44 +0000 2011,#Microsoft Service Pack installer want's my notebook to be plugged in. Why? Plugged it in to start installation and plugged it out. Worked.,Neutral,microsoft service pack installer want notebook plugged plugged start installation plugged worked
microsoft,neutral,126671654540677122,Wed Oct 19 14:50:50 +0000 2011,"#Microsoft's Ballmer Trashes Android, Touts Skype
 http://t.co/96BMOxv4",Neutral,microsofts ballmer trash android tout skype
microsoft,neutral,126671006302617600,Wed Oct 19 14:48:15 +0000 2011,RT @TheStreet: Ballmer: #Microsoft Beating #Google in the Cloud - http://t.co/rfiaNud0 via @gigaom,Neutral,rt ballmer microsoft beating google cloud via
microsoft,neutral,126669870090829824,Wed Oct 19 14:43:45 +0000 2011,"Listening to this, how much do #Microsoft miss Bill Gates? http://t.co/H4OuzdOk He is a genius, as was Jobs. Bill saw it, but Steve made it.",Neutral,listening much microsoft miss bill gate genius job bill saw steve made
microsoft,neutral,126669451369263106,Wed Oct 19 14:42:05 +0000 2011,White Paper: EMC Automated Performance Optimization for #Microsoft Applications http://t.co/aIK3EjWT #EMC #powerlink credential needed,Neutral,white paper emc automated performance optimization microsoft application emc powerlink credential needed
microsoft,neutral,126668947503325184,Wed Oct 19 14:40:05 +0000 2011,Ballmer: #Microsoft Beating #Google in the Cloud - http://t.co/rfiaNud0 via @gigaom,Neutral,ballmer microsoft beating google cloud via
microsoft,neutral,126668764199665664,Wed Oct 19 14:39:21 +0000 2011,High Tech Director of Business Development *selling consulting services* #Oracle #Microsoft #SAP #SanFrancisco #jobs http://t.co/OWf25yJB,Neutral,high tech director business development selling consulting service oracle microsoft sap sanfrancisco job
microsoft,neutral,126668119354781696,Wed Oct 19 14:36:47 +0000 2011,"What the world needs is an ""IT/Programmers"" channel/web feed 24 hours a day - tune in to watch people coding/discussing IT #Microsoft",Neutral,world need itprogrammers channelweb feed hour day tune watch people codingdiscussing microsoft
microsoft,neutral,126667815116750848,Wed Oct 19 14:35:35 +0000 2011,#Microsoft HOY What’s Next Stream: Windows PC http://t.co/2MQ0I0Cm ➨ @MicrosoftLatam,Neutral,microsoft hoy whats next stream window pc
microsoft,neutral,126667274080894976,Wed Oct 19 14:33:26 +0000 2011,MindTree Introduces 'mPromo' Trade Promotion Solution on #Microsoft #Azure for the Consumer Packaged Goods industry. http://t.co/H1A3V7zv,Neutral,mindtree introduces mpromo trade promotion solution microsoft azure consumer packaged good industry
microsoft,neutral,126666679785766914,Wed Oct 19 14:31:04 +0000 2011,@markcullum1 - Because it's #microsoft.....,Neutral,microsoft
microsoft,neutral,126666425715798016,Wed Oct 19 14:30:03 +0000 2011,#Microsoft's First Global Multi-Product Holiday Campaign  http://t.co/6nUFdiBN,Neutral,microsofts first global multiproduct holiday campaign
microsoft,neutral,126665951172243456,Wed Oct 19 14:28:10 +0000 2011,Take time to sign this and also please pass it on. Thank You : http://t.co/euW1RSnb R.I.P Jeremey Latiola. #steve jobs #microsoft,Neutral,take time sign also please pas thank rip jeremey latiola steve job microsoft
microsoft,neutral,126665581519835136,Wed Oct 19 14:26:42 +0000 2011,First time a technology company is in the running for marketer of the year. Vote David: http://t.co/xT2SWSxg #Microsoft @getitdone,Neutral,first time technology company running marketer year vote david microsoft
microsoft,neutral,126664658651332608,Wed Oct 19 14:23:02 +0000 2011,RT @KnowYourMobile Steve Ballmer says new Windows Phones will launch at Nokia World event | http://t.co/uQghSamj #WP7 #microsoft,Neutral,rt steve ballmer say new window phone launch nokia world event wp microsoft
microsoft,neutral,126664524156764160,Wed Oct 19 14:22:30 +0000 2011,Dear #Microsoft - seize the moment - focus on developing Windows7 phones for enterprise solutions. Succeed where #RIM is failing.,Neutral,dear microsoft seize moment focus developing window phone enterprise solution succeed rim failing
microsoft,neutral,126664410029764608,Wed Oct 19 14:22:03 +0000 2011,#Infosys kicks off its #cloud drive with #Microsoft partnership,Neutral,infosys kick cloud drive microsoft partnership
microsoft,neutral,126664404891746304,Wed Oct 19 14:22:02 +0000 2011,"#Microsoft CEO Steve Ballmer on Not Buying Yahoo: “Sometimes, You’re Lucky” » http://t.co/pxHqdSav",Neutral,microsoft ceo steve ballmer buying yahoo sometimes youre lucky
microsoft,neutral,126663746767699969,Wed Oct 19 14:19:25 +0000 2011,RT @MobileTechWorld: Jet Car Stunts Xbox Live game for Windows Phone released http://t.co/O3hYxBxh #wp7 #xbox #microsoft,Neutral,rt jet car stunt xbox live game window phone released wp xbox microsoft
microsoft,neutral,126662968434900992,Wed Oct 19 14:16:19 +0000 2011,"Ballmer On Not Buying Yahoo: 
http://t.co/ypM4GXf9 

#Microsoft #Yahoo #Skype #Xbox #Google #Bing #Ballmer",Neutral,ballmer buying yahoo microsoft yahoo skype xbox google bing ballmer
microsoft,neutral,126662905084129280,Wed Oct 19 14:16:04 +0000 2011,"#Google ##Mobile Boss Andy Rubin on #Apple, #Microsoft and #Tablets http://t.co/rSnSG5nt #techgadgets #android",Neutral,google mobile bos andy rubin apple microsoft tablet techgadgets android
microsoft,neutral,126661971566264320,Wed Oct 19 14:12:21 +0000 2011,You are welcome to join our LIVE free webinar right now. It's about #Citrix monitoring through #Microsoft #SCOM: http://t.co/Sr7pIP9B,Neutral,welcome join live free webinar right citrix monitoring microsoft scom
microsoft,neutral,126660704496402433,Wed Oct 19 14:07:19 +0000 2011,#Occupy #Microsoft nyc! windows phone camp,Neutral,occupy microsoft nyc window phone camp
microsoft,neutral,126659682076082176,Wed Oct 19 14:03:16 +0000 2011,"RT @mashable: #Microsoft CEO Steve Ballmer on Not Buying #Yahoo: ""Sometimes, You're Lucky"" - http://t.co/afWazWOy",Neutral,rt microsoft ceo steve ballmer buying yahoo sometimes youre lucky
microsoft,neutral,126659577033928704,Wed Oct 19 14:02:51 +0000 2011,RT @TechEd_NA: Join #Microsoft Experts in 1 hr for a live technical chat on #WindowsPhone #Mango Live Tiles http://t.co/YPzLTs50 #wpdev  ...,Neutral,rt join microsoft expert hr live technical chat windowsphone mango live tile wpdev
microsoft,neutral,126659465985536000,Wed Oct 19 14:02:24 +0000 2011,Join #Microsoft Experts in 1 hr for a live technical chat on #WindowsPhone #Mango Live Tiles http://t.co/YPzLTs50 #wpdev #wp7 #msteched,Neutral,join microsoft expert hr live technical chat windowsphone mango live tile wpdev wp msteched
microsoft,neutral,126659266315698177,Wed Oct 19 14:01:36 +0000 2011,Microsoft's Kinect brings 'playful learning' to the Xbox 360 http://t.co/AoOj8CaI #microsoft #kinect #xbox #socialmedia,Neutral,microsofts kinect brings playful learning xbox microsoft kinect xbox socialmedia
microsoft,neutral,126658871363239936,Wed Oct 19 14:00:02 +0000 2011,Skype and Microsoft Team Up - A match made in heaven? - http://t.co/lsFTp8RL #microsoft #skype # videoconferencing #socialmedia,Neutral,skype microsoft team match made heaven microsoft skype videoconferencing socialmedia
microsoft,neutral,126658110084489216,Wed Oct 19 13:57:01 +0000 2011,#itasum11 - Gadgeteer http://t.co/ecWX3Ajl - The New Way to make inspire and stimulate learning #edugeek #kinext #microsoft,Neutral,itasum gadgeteer new way make inspire stimulate learning edugeek kinext microsoft
microsoft,neutral,126657343965507584,Wed Oct 19 13:53:59 +0000 2011,Book Published! #Microsoft #SharePoint 2010 Power User Cookbook: http://t.co/A8ZqMpYP @spmentor http://t.co/v0mO0VkQ,Neutral,book published microsoft sharepoint power user cookbook
microsoft,neutral,126656580715429888,Wed Oct 19 13:50:56 +0000 2011,Gartner BI 2011: Microsoft and Oracle! http://t.co/ujN5j8dW #Gartner #BI # Oracle #Microsoft,Neutral,gartner bi microsoft oracle gartner bi oracle microsoft
microsoft,neutral,126656236157538304,Wed Oct 19 13:49:34 +0000 2011,"#Microsoft Zune - Digital player - HDD 30 GB - WMA, AAC, #MP3 - video playback - display: 3… http://t.co/qgzHlLpv",Neutral,microsoft zune digital player hdd gb wma aac mp video playback display
microsoft,neutral,126656052971323393,Wed Oct 19 13:48:50 +0000 2011,"Early cloud #Microsoft partners will be rewarded w/ a Cloud Accelerate badge, & additional internal use rights! http://t.co/pjkyf0gf",Neutral,early cloud microsoft partner rewarded cloud accelerate badge additional internal use right
microsoft,neutral,126655887740903424,Wed Oct 19 13:48:11 +0000 2011,RT @Newsweek: The 30 Greenest Tech Companies in the World http://t.co/0xzsUR0K #GreenRankings #IBM #Intel #Cisco #Microsoft #Apple #Goog ...,Neutral,rt greenest tech company world greenrankings ibm intel cisco microsoft apple goog
microsoft,neutral,126655887178870784,Wed Oct 19 13:48:11 +0000 2011,FreeSoftwareFoundation publicly warns of danger of implementing #Microsoft #Restrictedboot w/o #UEFI http://t.co/NASQbmaT #anonymous #USDOR,Neutral,freesoftwarefoundation publicly warns danger implementing microsoft restrictedboot wo uefi anonymous usdor
microsoft,neutral,126655373015924736,Wed Oct 19 13:46:08 +0000 2011,New #snom Webinar Nov. 2: Accelerate #Microsoft #Lync Deployments with snom #UC. Register here http://t.co/B1pr1kIX #VARs #phones,Neutral,new snom webinar nov accelerate microsoft lync deployment snom uc register var phone
microsoft,neutral,126654466735878144,Wed Oct 19 13:42:32 +0000 2011,Why Ice Cream Sandwich Might Make Things Worse - '#Google needs to look to #Microsoft as an example' http://t.co/7UXWvH6h via @pcmag,Neutral,ice cream sandwich might make thing worse google need look microsoft example via
microsoft,neutral,126653861371973632,Wed Oct 19 13:40:08 +0000 2011,TODAY! Come along to #Microsoft Office & #ECDL Open Evening at #Pitman #Training #Cheltenham from 4pm to 7.30pm - http://t.co/fBoej2vd,Neutral,today come along microsoft office ecdl open evening pitman training cheltenham pm pm
microsoft,neutral,126653619327082496,Wed Oct 19 13:39:10 +0000 2011,MS Outlook Quick Access Toolbar - How to customize - http://t.co/VzkEdZaC #tips #microsoft,Neutral,m outlook quick access toolbar customize tip microsoft
microsoft,neutral,126653015754149888,Wed Oct 19 13:36:46 +0000 2011,Beware phone #scam calls pretending to be #Microsoft who claim your machine has a #virus - http://t.co/5F2p4XcB,Neutral,beware phone scam call pretending microsoft claim machine virus
microsoft,neutral,126652714804461569,Wed Oct 19 13:35:34 +0000 2011,"#EMC White paper on Automated Perf Optimization for #Microsoft Applications with EMC #VMAX, FAST VP and #HyperV #SCVMM http://t.co/kAHnFla7",Neutral,emc white paper automated perf optimization microsoft application emc vmax fast vp hyperv scvmm
microsoft,neutral,126652661251571712,Wed Oct 19 13:35:22 +0000 2011,The Cloud Offers the Ultimate Music Choice &lt;http://t.co/wd05MHPU&gt; #Microsoft #Emp #CloudComputing,Neutral,cloud offer ultimate music choice lt microsoft emp cloudcomputing
microsoft,neutral,126652256404779008,Wed Oct 19 13:33:45 +0000 2011,Exciting news: #Microsoft Names @Metalogix a Managed Partner in the High Potential ISV Group http://t.co/rHkqYXo2 #sharepoint,Neutral,exciting news microsoft name managed partner high potential isv group sharepoint
microsoft,neutral,126651931287498752,Wed Oct 19 13:32:28 +0000 2011,New innotive IT program coming to #Dubai featuring @comptia and #Microsoft qualifications http://t.co/a6fLlkgE RT please,Neutral,new innotive program coming dubai featuring microsoft qualification rt please
microsoft,neutral,126651497718095873,Wed Oct 19 13:30:44 +0000 2011,CE-Oh no he didn't: Steve Ballmer lays into Android http://t.co/uTmHyIFD #microsoft #ballmer #android,Neutral,ceoh didnt steve ballmer lay android microsoft ballmer android
microsoft,neutral,126651446589526016,Wed Oct 19 13:30:32 +0000 2011,RT @cmaneu: #stage #Toulouse #Microsoft #net #SuperBoîte #Win8 #geeks = http://t.co/7UHSLQII (Please RT ;),Neutral,rt stage toulouse microsoft net superbote win geek please rt
microsoft,neutral,126651412443693057,Wed Oct 19 13:30:24 +0000 2011,Read how SunGard #IntelliMatch achieved 53% ^ in performance (50 mill transactions in &lt;25 mins) #Intel #HP #Microsoft http://t.co/2i1k64wx,Neutral,read sungard intellimatch achieved performance mill transaction lt min intel hp microsoft
microsoft,neutral,126651402549346304,Wed Oct 19 13:30:22 +0000 2011,#Microsoft #Cloud windows+server - RT @WesleyBackelant: Announcing the Microsoft ...: WindowsAzure : @Wesle... http://t.co/NaPViOT8 #TCN,Neutral,microsoft cloud windowsserver rt announcing microsoft windowsazure tcn
microsoft,neutral,126651401010028544,Wed Oct 19 13:30:21 +0000 2011,"#Microsoft #Cloud Oracle, Windows Garner Different Views over Multitenant Cloud ...: Microsoft's cloud appr... http://t.co/lVzJNRPs #TCN",Neutral,microsoft cloud oracle window garner different view multitenant cloud microsofts cloud appr tcn
microsoft,neutral,126651399730769922,Wed Oct 19 13:30:21 +0000 2011,#Microsoft #Cloud Getting Started with Microsoft's Windows Azure Cloud: The Lay of ...: Good tools integrat... http://t.co/2luPCfho #TCN,Neutral,microsoft cloud getting started microsofts window azure cloud lay good tool integrat tcn
microsoft,neutral,126651360602112000,Wed Oct 19 13:30:12 +0000 2011,How to use search folders to organise your emails in #Microsoft #Outlook - http://t.co/NuMm5N3U,Neutral,use search folder organise email microsoft outlook
microsoft,neutral,126650859290501121,Wed Oct 19 13:28:12 +0000 2011,RT @MobileTechWorld: Jet Car Stunts Xbox Live game for Windows Phone released http://t.co/csUC7hVH #wp7 #xbox #microsoft,Neutral,rt jet car stunt xbox live game window phone released wp xbox microsoft
microsoft,neutral,126650839279476736,Wed Oct 19 13:28:07 +0000 2011,Jet Car Stunts Xbox Live game for Windows Phone released http://t.co/O3hYxBxh #wp7 #xbox #microsoft,Neutral,jet car stunt xbox live game window phone released wp xbox microsoft
microsoft,neutral,126650651370467328,Wed Oct 19 13:27:22 +0000 2011,#stage #Toulouse #Microsoft #net #SuperBoîte #Win8 #geeks = http://t.co/7UHSLQII (Please RT ;),Neutral,stage toulouse microsoft net superbote win geek please rt
microsoft,neutral,126649108202143744,Wed Oct 19 13:21:15 +0000 2011,#Silver &#GOLD #Apple tumbles no matter how many sold #Microsoft buys them 4 a nice price so get in there show #justsayin #Droid rules inend,Neutral,silver gold apple tumble matter many sold microsoft buy nice price get show justsayin droid rule inend
microsoft,neutral,126647567877541889,Wed Oct 19 13:15:07 +0000 2011,#Microsoft shows 'touch screen' for any surface http://t.co/sNaPW5tl,Neutral,microsoft show touch screen surface
microsoft,neutral,126647558469722112,Wed Oct 19 13:15:05 +0000 2011,#Microsoft Community Blogs The 7/365 Review - The Cloud's Impact on Business http://t.co/gPB2MjFW,Neutral,microsoft community blog review cloud impact business
microsoft,neutral,126646015863427072,Wed Oct 19 13:08:57 +0000 2011,@nand_krish007 #Microsoft arrogance again - Ballmer says you need to be a computer scientist to use #Android http://t.co/pltitgeI,Neutral,microsoft arrogance ballmer say need computer scientist use android
microsoft,neutral,126645991947513857,Wed Oct 19 13:08:52 +0000 2011,I gave @RyannosaurusRex +K about Microsoft Windows on @klout http://t.co/Y33v8wVr #klout #microsoft #windows,Neutral,gave microsoft window klout microsoft window
microsoft,neutral,126645459568705536,Wed Oct 19 13:06:45 +0000 2011,#Microsoft's Steve Ballmer attacks #Android phones: http://t.co/x2YmWESs,Neutral,microsofts steve ballmer attack android phone
microsoft,neutral,126644332177530880,Wed Oct 19 13:02:16 +0000 2011,See how you can save 40% on dozens of #Microsoft #certification practice exams http://t.co/KojQrE1q via @EricLigman,Neutral,see save dozen microsoft certification practice exam via
microsoft,neutral,126644191299252224,Wed Oct 19 13:01:42 +0000 2011,RT @elearnnet: #microsoft #edu Microsoft's Kinect brings 'playful learning' to the Xbox 360 - The Guardian http://t.co/MW22MJOG,Neutral,rt microsoft edu microsofts kinect brings playful learning xbox guardian
microsoft,neutral,126643947190759425,Wed Oct 19 13:00:44 +0000 2011,Changing the past and organizing the future with #Microsoft http://t.co/bYYFhtpZ,Neutral,changing past organizing future microsoft
microsoft,neutral,126642779064504320,Wed Oct 19 12:56:06 +0000 2011,RT @HealthVault: Learn how to create and use your emergency profile on #Microsoft #HealthVault - #PHR #healthit - Step by step #Docs htt ...,Neutral,rt learn create use emergency profile microsoft healthvault phr healthit step step doc htt
microsoft,neutral,126642612412227585,Wed Oct 19 12:55:26 +0000 2011,#microsoft #edu Microsoft's Kinect brings 'playful learning' to the Xbox 360 - The Guardian http://t.co/MW22MJOG,Neutral,microsoft edu microsofts kinect brings playful learning xbox guardian
microsoft,neutral,126642611598540801,Wed Oct 19 12:55:26 +0000 2011,#microsoft #edu UD School Board seats up for grabs - Delaware County Daily Times http://t.co/YCXCo5kK,Neutral,microsoft edu ud school board seat grab delaware county daily time
microsoft,neutral,126642532863049728,Wed Oct 19 12:55:07 +0000 2011,#OmniTouch Projector (which is supported by #Microsoft ) Turns Anything Into a Touchscreen http://t.co/9yt5Y9Ab aracılığıyla @geekosystem,Neutral,omnitouch projector supported microsoft turn anything touchscreen araclyla
microsoft,neutral,126642137424076800,Wed Oct 19 12:53:33 +0000 2011,"2 hours south of Richmond, VA --&gt; #Microsoft Builds Two-Headed Data Center in Feds’ Backyard http://t.co/aWwVVoDR #cloud #tech",Neutral,hour south richmond va gt microsoft build twoheaded data center fed backyard cloud tech
microsoft,neutral,126641727254695937,Wed Oct 19 12:51:55 +0000 2011,"#SteveBallmer just called me a ""Computer Scientist"" :) http://t.co/u1zmU9Ih #Microsoft #Android",Neutral,steveballmer called computer scientist microsoft android
microsoft,neutral,126641223229386752,Wed Oct 19 12:49:55 +0000 2011,RT @AppSense: “@Simon_townsend: #Microsoft tests and proves #AppSense enterprise scalability! 78K users on one personalization DB - http ...,Neutral,rt microsoft test prof appsense enterprise scalability user one personalization db http
microsoft,neutral,126640775730700288,Wed Oct 19 12:48:08 +0000 2011,RT @AppSenseTechie: #Microsoft tests and proves #AppSense enterprise scalability! 78K users on one personalization DB - http://t.co/fCXdU7mA,Neutral,rt microsoft test prof appsense enterprise scalability user one personalization db
microsoft,neutral,126640203828969472,Wed Oct 19 12:45:52 +0000 2011,Can you add multiple queues to the workspace in MS CRM Online 2011? ..and how? #microsoft #crm #queues #customerservice,Neutral,add multiple queue workspace m crm online microsoft crm queue customerservice
microsoft,neutral,126638865971806209,Wed Oct 19 12:40:33 +0000 2011,"Infosys, has tied up with Microsoft to provide cloud-based offerings to clients... http://t.co/zwqwpdQ4 #cloud #infosys #microsoft #technews",Neutral,infosys tied microsoft provide cloudbased offering client cloud infosys microsoft technews
microsoft,neutral,126638751307931648,Wed Oct 19 12:40:05 +0000 2011,#Microsoft details #Windows8's new Start Screen Search http://t.co/Z6X5rE5q,Neutral,microsoft detail windows new start screen search
microsoft,neutral,126638261421613056,Wed Oct 19 12:38:09 +0000 2011,"#Google #Mobile Boss Andy Rubin on #Apple, #Microsoft and Tablets, Live at AsiaD - Ina Fried - #Mobile - AllThingsD http://t.co/S0jkqPwn",Neutral,google mobile bos andy rubin apple microsoft tablet live asiad ina fried mobile allthingsd
microsoft,neutral,126637865550618624,Wed Oct 19 12:36:34 +0000 2011,"RT @MichaelKroker: Steve Ballmer: #Nokia to reveal multiple #Windows Phone devices next week, #Microsoft may make their own - http://t.c ...",Neutral,rt steve ballmer nokia reveal multiple window phone device next week microsoft may make
microsoft,neutral,126637677335429121,Wed Oct 19 12:35:49 +0000 2011,"Steve Ballmer: #Nokia to reveal multiple #Windows Phone devices next week, #Microsoft may make their own - http://t.co/KnmpXSW0",Neutral,steve ballmer nokia reveal multiple window phone device next week microsoft may make
microsoft,neutral,126637437953900546,Wed Oct 19 12:34:52 +0000 2011,“@Simon_townsend: #Microsoft tests and proves #AppSense enterprise scalability! 78K users on one personalization DB - http://t.co/gyGE5SCa”,Neutral,microsoft test prof appsense enterprise scalability user one personalization db
microsoft,neutral,126637411114553344,Wed Oct 19 12:34:46 +0000 2011,“@AppSenseTechie: #Microsoft tests and proves #AppSense enterprise scalability! 78K users on one personalization DB - http://t.co/jXhFHPTJ”,Neutral,microsoft test prof appsense enterprise scalability user one personalization db
microsoft,neutral,126636379479343106,Wed Oct 19 12:30:40 +0000 2011,#Microsoft's Ballmer: We're Building Windows Server 8 Around Cloud - well I guess thats makes sense!,Neutral,microsofts ballmer building window server around cloud well guess thats make sense
microsoft,neutral,126636379324170240,Wed Oct 19 12:30:40 +0000 2011,RT @Simon_Townsend: #Microsoft tests and proves #AppSense enterprise scalability! 78K users on one personalization DB - http://t.co/LwFLXASL,Neutral,rt microsoft test prof appsense enterprise scalability user one personalization db
microsoft,neutral,126636194653147136,Wed Oct 19 12:29:56 +0000 2011,New #microsoft #WindowsLiveBook V2 Mobile Video + #GraphicsWorkstation http://t.co/LcUvLvAd,Neutral,new microsoft windowslivebook mobile video graphicsworkstation
microsoft,neutral,126635954520854528,Wed Oct 19 12:28:58 +0000 2011,"Apple’ cash balance = $75.9 billion, surpassing the total operating balance of the U.S. government  #rich #apple #google #microsoft  #money",Neutral,apple cash balance billion surpassing total operating balance u government rich apple google microsoft money
microsoft,neutral,126635633245564928,Wed Oct 19 12:27:42 +0000 2011,"Learned a new word ""BLOB"" regarding to #Microsoft #SharePoint moving .docs from the database to a fileserver. #vmworld #VMworld2011",Neutral,learned new word blob regarding microsoft sharepoint moving doc database fileserver vmworld vmworld
microsoft,neutral,126635573921316864,Wed Oct 19 12:27:28 +0000 2011,"hmm, that should have read 'the milky white film of busyness' :D #vs2010 #microsoft",Neutral,hmm read milky white film busyness v microsoft
microsoft,neutral,126635080100757504,Wed Oct 19 12:25:30 +0000 2011,RT @technabob: Using a #Touchscreen Through Your Pocket Made Possible by #Microsoft #PocketTouch: Have you… http://t.co/PJpFeyTF,Neutral,rt using touchscreen pocket made possible microsoft pockettouch
microsoft,neutral,126635053139763200,Wed Oct 19 12:25:24 +0000 2011,“@Simon_townsend: #Microsoft tests and proves #AppSense enterprise scalability! 78K users on one personalization DB - http://t.co/xtZMPSMT”,Neutral,microsoft test prof appsense enterprise scalability user one personalization db
microsoft,neutral,126634784326828032,Wed Oct 19 12:24:20 +0000 2011,#Microsoft tests and proves #AppSense enterprise scalability! 78K users on one personalization DB - http://t.co/fCXdU7mA,Neutral,microsoft test prof appsense enterprise scalability user one personalization db
microsoft,neutral,126634780954595328,Wed Oct 19 12:24:19 +0000 2011,#Microsoft tests and proves #AppSense enterprise scalability! 78K users on one personalization DB - http://t.co/LwFLXASL,Neutral,microsoft test prof appsense enterprise scalability user one personalization db
microsoft,neutral,126634396773130240,Wed Oct 19 12:22:47 +0000 2011,does anyone else get the 'milky white film of business' with Visual Studio? #vs2010 #microsoft,Neutral,anyone else get milky white film business visual studio v microsoft
microsoft,neutral,126632917643427841,Wed Oct 19 12:16:54 +0000 2011,Using a #Touchscreen Through Your Pocket Made Possible by #Microsoft #PocketTouch: Have you… http://t.co/PJpFeyTF,Neutral,using touchscreen pocket made possible microsoft pockettouch
microsoft,neutral,126632860386988033,Wed Oct 19 12:16:41 +0000 2011,"After years of failures, #Microsoft is finally making money in the handheld market -- but not in the way you’d think",Neutral,year failure microsoft finally making money handheld market way youd think
microsoft,neutral,126632280985845760,Wed Oct 19 12:14:23 +0000 2011,#Microsoft #Dynamics GP soon to offer 64-bit Hyper-V images only : http://t.co/82CFFcHZ,Neutral,microsoft dynamic gp soon offer bit hyperv image
microsoft,neutral,126631882149474305,Wed Oct 19 12:12:48 +0000 2011,"Annie: has just had a look at our downloaded #Windows8 op sys.  Where #AppleMacs go, #Microsoft follows!!",Neutral,annie look downloaded window op sys applemacs go microsoft follows
microsoft,neutral,126631805288849408,Wed Oct 19 12:12:29 +0000 2011,"Seeking a Manager of IT for Immediate Hire in Sterling, VA! Send resumes to julia.snik@rht.com for consideration! #dcjobs #cisco #microsoft",Neutral,seeking manager immediate hire sterling va send resume juliasnikcom consideration dcjobs cisco microsoft
microsoft,neutral,126631188394811392,Wed Oct 19 12:10:02 +0000 2011,Ballmer: We’re beating Google in the cloud http://t.co/YFAmguRF #ballmer #google #microsoft #cloud,Neutral,ballmer beating google cloud ballmer google microsoft cloud
microsoft,neutral,126631077468049408,Wed Oct 19 12:09:36 +0000 2011,Good luck to #CPG team RT @MindTree_PR: #MindTree Introduces mPromo #TradePromotion Solution on #Microsoft #Azure http://t.co/aTNnITtt  #CGT,Neutral,good luck cpg team rt mindtree introduces mpromo tradepromotion solution microsoft azure cgt
microsoft,neutral,126630800413310976,Wed Oct 19 12:08:30 +0000 2011,#MindTree Introduces mPromo #TradePromotion Solution on #Microsoft #Azure http://t.co/LkjHqrnR #CPG #CGT,Neutral,mindtree introduces mpromo tradepromotion solution microsoft azure cpg cgt
microsoft,neutral,126630728690704384,Wed Oct 19 12:08:13 +0000 2011,Open Virtualization Format adopted by #VMware #Microsoft and #Citrix. How come no mention for open source leader #RedHat? #vmworld #SEC1802,Neutral,open virtualization format adopted vmware microsoft citrix come mention open source leader redhat vmworld sec
microsoft,neutral,126628957566156800,Wed Oct 19 12:01:11 +0000 2011,Database sizing #Microsoft #SharePoint 2010 #VMware #VMworld http://t.co/ZcdTjyrp,Neutral,database sizing microsoft sharepoint vmware vmworld
microsoft,neutral,126628527155052544,Wed Oct 19 11:59:28 +0000 2011,RT @VentureBeat: #Ballmer: “We’ve picked our play” in #social with #Skype deal http://t.co/03IHBOgj #microsoft #xbox #in,Neutral,rt ballmer weve picked play social skype deal microsoft xbox
microsoft,neutral,126626502937812992,Wed Oct 19 11:51:25 +0000 2011,#JaccuseDZ RT @zeggar-@amaboura the entreprise version of #Microsoft #office365 is not available yet in #Algeria... http://t.co/BuWiL76A,Neutral,jaccusedz rt entreprise version microsoft office available yet algeria
microsoft,neutral,126626166261022720,Wed Oct 19 11:50:05 +0000 2011,M10135 Microsoft Course. RRP £1640 + VAT. Our Price = £1148 + VAT http://t.co/vOTLSnfX #ittraining #microsoft,Neutral,microsoft course rrp vat price vat ittraining microsoft
microsoft,neutral,126625578567729152,Wed Oct 19 11:47:45 +0000 2011,CEO Steve Ballmer says that #Microsoft dodged a bullet when it failed to acquire #Yahoo! in 2008 http://t.co/nlCxoCUz,Neutral,ceo steve ballmer say microsoft dodged bullet failed acquire yahoo
microsoft,neutral,126625418118832128,Wed Oct 19 11:47:06 +0000 2011,Technology 4 StartUp Britain Week: Attracting Customers With SEO and PPC http://t.co/o7tHRXPr #microsoft,Neutral,technology startup britain week attracting customer seo ppc microsoft
microsoft,neutral,126625193786490881,Wed Oct 19 11:46:13 +0000 2011,@amaboura the entreprise version of #Microsoft #office365 is not available yet in #Algeria i guess,Neutral,entreprise version microsoft office available yet algeria guess
microsoft,neutral,126622411587190784,Wed Oct 19 11:35:10 +0000 2011,#Microsoft Takes a Shot at the #Wii in Their Newest #DanceCentral 2 Ad [Video] http://t.co/A8tlwr3o #Kinect #games,Neutral,microsoft take shot wii newest dancecentral ad video kinect game
microsoft,neutral,126622356817981440,Wed Oct 19 11:34:57 +0000 2011,"@WonderLaura, Please cld u send me steps on how to add a custom .master files through SPD 2010. i just downloaded some files from #Microsoft",Neutral,please cld send step add custom master file spd downloaded file microsoft
microsoft,neutral,126622297917374464,Wed Oct 19 11:34:43 +0000 2011,#VisualStudio 11 Developer Preview Training Kit released: start learning - http://t.co/d6meZBZv #Microsoft,Neutral,visualstudio developer preview training kit released start learning microsoft
microsoft,neutral,126621573271650304,Wed Oct 19 11:31:50 +0000 2011,#Microsoft news: #SQLServer licensing will be different from december2011 | #Office365 and #Azure will be available in #Algeria in 2013,Neutral,microsoft news sqlserver licensing different december office azure available algeria
microsoft,neutral,126621144177577984,Wed Oct 19 11:30:07 +0000 2011,How to oranise and sort your emails with the categories feature in #Microsoft #Outlook - http://t.co/NSpqbzFZ,Neutral,oranise sort email category feature microsoft outlook
microsoft,neutral,126621142743138305,Wed Oct 19 11:30:07 +0000 2011,#Microsoft Announces New “Playful Learning” Titles - Wired News : http://t.co/nN8oietT #av,Neutral,microsoft announces new playful learning title wired news av
microsoft,neutral,126619580096462848,Wed Oct 19 11:23:55 +0000 2011,Ballmer Feels Lucky Microsoft Didn't Buy Yahoo in 2008 http://t.co/MK8pv0TN #gdapps #ballmer #microsoft #yahoo,Neutral,ballmer feel lucky microsoft didnt buy yahoo gdapps ballmer microsoft yahoo
microsoft,neutral,126619293977812992,Wed Oct 19 11:22:46 +0000 2011,@cloudnewsindia The War of #Email #Cloud Computing: #Google vs. #Microsoft http://t.co/zu9pSwSG,Neutral,war email cloud computing google v microsoft
microsoft,neutral,126619258099744768,Wed Oct 19 11:22:38 +0000 2011,#Microsoft chief admits lucky escape from buying Yahoo! http://t.co/xOqL8Wqh,Neutral,microsoft chief admits lucky escape buying yahoo
microsoft,neutral,126619256015167488,Wed Oct 19 11:22:37 +0000 2011,#Microsoft's Kinect brings 'playful learning' to the Xbox 360 http://t.co/1KAi853k,Neutral,microsofts kinect brings playful learning xbox
microsoft,neutral,126617626435780608,Wed Oct 19 11:16:09 +0000 2011,"#HEUTE - #Microsoft #Office #2010 Home & Student Product Key Card [1 User] - statt 149€ nur 89,99€ - http://t.co/3QXy2Zo4",Neutral,heute microsoft office home student product key card user statt nur
microsoft,neutral,126617142761230337,Wed Oct 19 11:14:13 +0000 2011,"RT @mattimooz: I'm at #microsoft and been served #cake for lunch, ok not just cake but its definitely involved. You live a good life @bennuk",Neutral,rt im microsoft served cake lunch ok cake definitely involved live good life
microsoft,neutral,126616809079193600,Wed Oct 19 11:12:54 +0000 2011,"@MrRobinson ""hard for"" balms ""to get excited over Android phones"" because #Microsoft isn't collecting enough royalties yet. #isaidit",Neutral,hard balm get excited android phone microsoft isnt collecting enough royalty yet isaidit
microsoft,neutral,126616636621996032,Wed Oct 19 11:12:13 +0000 2011,“@GeeCloud: Congratulations to Softline Pastel (@SageGroupZA) for winning #ISV of the Year at #Microsoft #partnersummit” @SoftlinePastel,Neutral,congratulation softline pastel winning isv year microsoft partnersummit
microsoft,neutral,126615565673570305,Wed Oct 19 11:07:57 +0000 2011,"#HEUTE - #Microsoft #Office #2010 Home & Student Product Key Card [1 User] - statt 149€ nur 89,99€ - http://t.co/YLlITFAt",Neutral,heute microsoft office home student product key card user statt nur
microsoft,neutral,126615350916816896,Wed Oct 19 11:07:06 +0000 2011,#Microsoft #Cloud Getting Physical with Virtual Servers: Q. Is it important that Windows Server and Microso... http://t.co/n8ky79pQ #TCN,Neutral,microsoft cloud getting physical virtual server important window server microso tcn
microsoft,neutral,126614792092909568,Wed Oct 19 11:04:53 +0000 2011,"Build once, scale to many: #Microsoft allows creators to extend experiences to multiple touchpoints like xBox, Windows Mobile. #ULforthewin",Neutral,build scale many microsoft allows creator extend experience multiple touchpoints like xbox window mobile ulforthewin
microsoft,neutral,126614365280542720,Wed Oct 19 11:03:11 +0000 2011,@cloudnewsindia New Version of #Cloud InTune is Available: Posted on #Windows 7 News...#Microsoft has just..http://bit.ly/pY0hlZ,Neutral,new version cloud intune available posted window newsmicrosoft
microsoft,neutral,126614116927422464,Wed Oct 19 11:02:12 +0000 2011,@cloudnewsindia New Version of #Cloud InTune is Available: Posted on #Windows 7 News...#Microsoft has just released..http://bit.ly/pY0hlZ,Neutral,new version cloud intune available posted window newsmicrosoft released
microsoft,neutral,126614037608935424,Wed Oct 19 11:01:53 +0000 2011,#Ballmer On Not Buying #Yahoo: “Sometimes You’re Lucky” via @techcrunch http://t.co/MrjkOXnO #Microsoft,Neutral,ballmer buying yahoo sometimes youre lucky via microsoft
microsoft,neutral,126613919623159808,Wed Oct 19 11:01:25 +0000 2011,Microsoft's Steve Ballmer attacks Android phones http://t.co/ExByurKL #windows #android #microsoft #google,Neutral,microsofts steve ballmer attack android phone window android microsoft google
microsoft,neutral,126613753499353088,Wed Oct 19 11:00:45 +0000 2011,#Microsoft Windows Server 2008 R2 Enterprise OEM #preisvergleich http://t.co/0jWsfMQn Bewertung softline24 #test #Microsoft,Neutral,microsoft window server enterprise oem preisvergleich bewertung softline test microsoft
microsoft,neutral,126613640278315008,Wed Oct 19 11:00:18 +0000 2011,#Microsoft announces official SQL Server driver for #Linux - http://t.co/lgTx40UM #SqlServer,Neutral,microsoft announces official sql server driver linux sqlserver
microsoft,neutral,126613630551719936,Wed Oct 19 11:00:16 +0000 2011,There is a chance? #Microsoft and #Mobile http://t.co/p4ChgGwg,Neutral,chance microsoft mobile
microsoft,neutral,126613275331919872,Wed Oct 19 10:58:51 +0000 2011,"#Job #ICT System Administrator Windows: GSI Consultants, Zug http://t.co/96Vi7GIu #Microsoft #IT",Neutral,job ict system administrator window gsi consultant zug microsoft
microsoft,neutral,126611886979555328,Wed Oct 19 10:53:20 +0000 2011,Steve Ballmer: Bunch of new Nokia Windows Phones coming next week http://t.co/8F2FVygU via @esphoneblog #wp7 #nokia #microsoft,Neutral,steve ballmer bunch new nokia window phone coming next week via wp nokia microsoft
microsoft,neutral,126611785666134016,Wed Oct 19 10:52:56 +0000 2011,RT @qmatteoq: Leaving for #smau : I'll be at the #Microsoft stand as a trainer for the #wpdev labs. Meet me there!,Neutral,rt leaving smau ill microsoft stand trainer wpdev lab meet
microsoft,neutral,126611604925194240,Wed Oct 19 10:52:13 +0000 2011,#microsoft ‘People-Centric’ Windows Phone 7.5 Update Released http://t.co/oImNAkVf,Neutral,microsoft peoplecentric window phone update released
microsoft,neutral,126611557370183681,Wed Oct 19 10:52:02 +0000 2011,Microsoft Stores giving away free Windows Phone devices with $499 spend #microsoft #wp7 #free #msftstore http://t.co/QbYUm2Ce,Neutral,microsoft store giving away free window phone device spend microsoft wp free msftstore
microsoft,neutral,126611372552355841,Wed Oct 19 10:51:18 +0000 2011,Leaving for #smau : I'll be at the #Microsoft stand as a trainer for the #wpdev labs. Meet me there!,Neutral,leaving smau ill microsoft stand trainer wpdev lab meet
microsoft,neutral,126610800382181376,Wed Oct 19 10:49:01 +0000 2011,Just walked in the door of the #Microsoft #kenyaopendoor conference...,Neutral,walked door microsoft kenyaopendoor conference
microsoft,neutral,126610131671715840,Wed Oct 19 10:46:22 +0000 2011,A New Landscape for Retail Banking: New report from #Efma with #Microsoft http://t.co/2XNz3F9C,Neutral,new landscape retail banking new report efma microsoft
microsoft,neutral,126610091855192064,Wed Oct 19 10:46:12 +0000 2011,Windows 7 Roadmap = #Windows #8 Roadmap: M3 final 6.1.6801 (7) and 6.2.8102 (8). #Beta at #CES? :O #Microsoft,Neutral,window roadmap window roadmap final beta ce microsoft
microsoft,neutral,126610035655704577,Wed Oct 19 10:45:59 +0000 2011,Microsoft Stores giving away free Windows Phone devices with $499 spend http://t.co/YEVwfL4N #microsoft #windows,Neutral,microsoft store giving away free window phone device spend microsoft window
microsoft,neutral,126609904298491904,Wed Oct 19 10:45:28 +0000 2011,Big Data and the Cloud - More Hype or a Real Workload? http://t.co/WA0bP7Mx #azure #hpc #microsoft,Neutral,big data cloud hype real workload azure hpc microsoft
microsoft,neutral,126609815278592000,Wed Oct 19 10:45:06 +0000 2011,#Microsoft acquisition of #Skype has closed. http://t.co/Vbr0CPKr Will it be integrated this with #technology like #Exchange and #Outlook?,Neutral,microsoft acquisition skype closed integrated technology like exchange outlook
microsoft,neutral,126608763456200704,Wed Oct 19 10:40:56 +0000 2011,Novidade #Microsoft: RT @Cibereconomia: This New Microsoft Technology Turns Anything Into A Touchscreen (MSFT) http://t.co/yqh20Z0u,Neutral,novidade microsoft rt new microsoft technology turn anything touchscreen msft
microsoft,neutral,126607853640364032,Wed Oct 19 10:37:19 +0000 2011,"#Infosys, #Microsoft team up to offer #cloud #services - http://t.co/9dEVf9Tz",Neutral,infosys microsoft team offer cloud service
microsoft,neutral,126607793280126976,Wed Oct 19 10:37:04 +0000 2011,#Microsoft India Webcast LIVE on Cloud Management with System Center App Controller Codename “Concero” http://t.co/TSYXWdKh  #Cloud,Neutral,microsoft india webcast live cloud management system center app controller codename concero cloud
microsoft,neutral,126607106953580546,Wed Oct 19 10:34:21 +0000 2011,#Microsoft's Steve Ballmer attacks #Android phones http://t.co/cuoW78du,Neutral,microsofts steve ballmer attack android phone
microsoft,neutral,126606671874228225,Wed Oct 19 10:32:37 +0000 2011,Microsoft Excel: How To Alternate the Color Between Rows - http://t.co/x7TZk9sG #microsoft,Neutral,microsoft excel alternate color row microsoft
microsoft,neutral,126606546556829696,Wed Oct 19 10:32:07 +0000 2011,RT @guardiantech: #Microsoft Kinect brings 'playful learning' to the Xbox 360 http://t.co/ys79quRD #Gaming,Neutral,rt microsoft kinect brings playful learning xbox gaming
microsoft,neutral,126606023174791168,Wed Oct 19 10:30:02 +0000 2011,#OmniTouch #Microsoft  http://t.co/qwk0YUrH via @youtube,Neutral,omnitouch microsoft via
microsoft,neutral,126604925881954305,Wed Oct 19 10:25:41 +0000 2011,Get #Microsoft #http://t.co/TMUrucvW certified now!! http://t.co/3Qr7XoCy,Neutral,get microsoft certified
microsoft,neutral,126604903408869378,Wed Oct 19 10:25:35 +0000 2011,Early cloud #Microsoft partners can qualify for Microsoft Cloud Accelerate! http://t.co/pjkyf0gf,Neutral,early cloud microsoft partner qualify microsoft cloud accelerate
microsoft,neutral,126604828150480896,Wed Oct 19 10:25:17 +0000 2011,RT @MahimaKurra: @CloudNewsIndia #Microsoft Announces #Open Source based #Cloud Service http://t.co/MtK3XZ2l,Neutral,rt microsoft announces open source based cloud service
microsoft,neutral,126604631894790144,Wed Oct 19 10:24:31 +0000 2011,"Great, now #Skype is a part of #Microsoft stack http://t.co/vZfUv9OI.",Neutral,great skype part microsoft stack
microsoft,neutral,126604425832837120,Wed Oct 19 10:23:41 +0000 2011,"#Microsoft CEO #Steve_Ballmer on Not Buying #Yahoo: “Sometimes, You’re Lucky” http://t.co/YgISO7xt",Neutral,microsoft ceo steveballmer buying yahoo sometimes youre lucky
microsoft,neutral,126604425635692545,Wed Oct 19 10:23:41 +0000 2011,"#Microsoft CEO #Steve_Ballmer on Not Buying #Yahoo: “Sometimes, You’re Lucky” http://t.co/D0u2o9nZ",Neutral,microsoft ceo steveballmer buying yahoo sometimes youre lucky
microsoft,neutral,126604152536178688,Wed Oct 19 10:22:36 +0000 2011,#Microsoft idea: Search the Internet like a celebrity (Todd Bishop/GeekWire) http://t.co/WhROX8KA,Neutral,microsoft idea search internet like celebrity todd bishopgeekwire
microsoft,neutral,126602212511203328,Wed Oct 19 10:14:54 +0000 2011,► #Job #IT #Projekt #Management #Microsoft  | Projekt für Freelancer: Programm Manager (m/w) in Berlin » http://t.co/MO4jtpTL,Neutral,job projekt management microsoft projekt fr freelancer programm manager mw berlin
microsoft,neutral,126601735417499648,Wed Oct 19 10:13:00 +0000 2011,thinking thinking thinking thinking #dotnet #asp #microsoft,Neutral,thinking thinking thinking thinking dotnet asp microsoft
microsoft,neutral,126600989150158849,Wed Oct 19 10:10:02 +0000 2011,Creating #Pareto charts using #Microsoft #Excel http://t.co/B59lPyCS,Neutral,creating pareto chart using microsoft excel
microsoft,neutral,126600074825445376,Wed Oct 19 10:06:24 +0000 2011,#Microsoft Changes The Yet Known# Design of #Windows Eight http://t.co/EGa3wrr4,Neutral,microsoft change yet known design window eight
microsoft,neutral,126599980847869952,Wed Oct 19 10:06:02 +0000 2011,#Google sets alternative to #Microsoft http://t.co/EqAzzbcz,Neutral,google set alternative microsoft
microsoft,neutral,126599671400497153,Wed Oct 19 10:04:48 +0000 2011,Watch short video on #Microsoft #Lync End User Adoption. A practical solution for users http://t.co/Qpk5DHEn #ITPro #UCOMS #OCS #WhyMSFT,Neutral,watch short video microsoft lync end user adoption practical solution user itpro ucoms ocs whymsft
microsoft,neutral,126599087389806592,Wed Oct 19 10:02:29 +0000 2011,"#HEUTE - #Microsoft #Office #2010 Home & Student Product Key Card [1 User] - statt 149€ nur 89,99€ - http://t.co/tdMFe0nI",Neutral,heute microsoft office home student product key card user statt nur
microsoft,neutral,126598871760642048,Wed Oct 19 10:01:37 +0000 2011,Funny #BillGates #Aprons w/Google #1 ranked #LTCartoon “Got #Microsoft“? http://t.co/CStd8cPM #humor #foodie #microsoft,Neutral,funny billgates apron wgoogle ranked ltcartoon got microsoft humor foodie microsoft
microsoft,neutral,126598867847348224,Wed Oct 19 10:01:36 +0000 2011,Funny #BillGates #Aprons w/Google #1 ranked #LTCartoon “Got #Microsoft“? http://t.co/DRvKSVF6 #humor #foodie #microsoft,Neutral,funny billgates apron wgoogle ranked ltcartoon got microsoft humor foodie microsoft
microsoft,neutral,126598515248992257,Wed Oct 19 10:00:12 +0000 2011,#Kinect Makes Learning Playful with Help from Sesame Street and National Geographic http://t.co/xQXP2uWx Genius idea ;) #Microsoft,Neutral,kinect make learning playful help sesame street national geographic genius idea microsoft
microsoft,neutral,126597883477762048,Wed Oct 19 09:57:42 +0000 2011,"Windows Phone Tango and Apollo rumors suggest new screen specs
#microsoft #wp7",Neutral,window phone tango apollo rumor suggest new screen spec microsoft wp
microsoft,neutral,126597538794057728,Wed Oct 19 09:56:19 +0000 2011,"Steve Ballmer, #Microsoft's chief executive believes that #Google's #Android mobile phones for being too complicated. What do you...",Neutral,steve ballmer microsofts chief executive belief google android mobile phone complicated
microsoft,neutral,126596825875611648,Wed Oct 19 09:53:30 +0000 2011,#Kinect -projector makes all surfaces touchscreen #ar #touch #microsoft #xbox360 #gaming #games  http://t.co/67CMvCki,Neutral,kinect projector make surface touchscreen ar touch microsoft xbox gaming game
microsoft,neutral,126596045575684096,Wed Oct 19 09:50:23 +0000 2011,"Ballmer On Not Buying Yahoo: “Sometimes You’re Lucky”: Speaking today at Web 2.0, #Microsoft… http://t.co/KOt83DxF",Neutral,ballmer buying yahoo sometimes youre lucky speaking today web microsoft
microsoft,neutral,126595447455367168,Wed Oct 19 09:48:01 +0000 2011,"This coming from a guy who is #Microsoft PC, Mug, pen, everything RT @GiuseppePietta: @1Ngare both fail phones.windows phone 7 to the rescue",Neutral,coming guy microsoft pc mug pen everything rt fail phoneswindows phone rescue
microsoft,neutral,126595014846459904,Wed Oct 19 09:46:18 +0000 2011,Steve Ballmer people need to be computer scientists to figure out how to use #Android phones | @Telegraph http://t.co/B5X0SDgp #Microsoft,Neutral,steve ballmer people need computer scientist figure use android phone microsoft
microsoft,neutral,126593877321842690,Wed Oct 19 09:41:47 +0000 2011,Windows Phone Tango and Apollo rumors suggest new screen specs http://t.co/8X30jQAH #microsoft #windows,Neutral,window phone tango apollo rumor suggest new screen spec microsoft window
microsoft,neutral,126593450253623297,Wed Oct 19 09:40:05 +0000 2011,#Microsoft to Require yearly #Sustainability Reporting by Vendors http://t.co/71Rm0QOT via @CaelusGreenRoom #CSR #GMIC,Neutral,microsoft require yearly sustainability reporting vendor via csr gmic
microsoft,neutral,126592300070608896,Wed Oct 19 09:35:30 +0000 2011,CLOUD NEWS - Infosys boosts its cloud solution with Microsoft partnership - http://t.co/RNHzqjGR - @Infosys #cloud #microsoft #azure,Neutral,cloud news infosys boost cloud solution microsoft partnership cloud microsoft azure
microsoft,neutral,126592158802264064,Wed Oct 19 09:34:57 +0000 2011,"#Microsoft discontinued product named #ENSEMBLE STUDIOS on October 14, 2011. Review and comment: http://t.co/eJ8a2Msm",Neutral,microsoft discontinued product named ensemble studio october review comment
microsoft,neutral,126592000395984896,Wed Oct 19 09:34:19 +0000 2011,"#Microsoft #Cloud Windows Intune: Microsoft Offers Cloud Partners New Incentive ...: ... calendar year, whi... http://t.co/ufI0YlL7 #TCN",Neutral,microsoft cloud window intune microsoft offer cloud partner new incentive calendar year whi tcn
microsoft,neutral,126591072884359168,Wed Oct 19 09:30:38 +0000 2011,#Microsoft #SCVMM #2012- Session by @virtualfat - all u need to know about the new 2012 version. #e2evc Register http://t.co/eZBtVm9Z,Neutral,microsoft scvmm session need know new version eevc register
microsoft,neutral,126591029993406464,Wed Oct 19 09:30:28 +0000 2011,This New Microsoft Technology Turns Anything Into A Touchscreen (MSFT) http://t.co/Qcih8fjg #apple #microsoft,Neutral,new microsoft technology turn anything touchscreen msft apple microsoft
microsoft,neutral,126590959290032128,Wed Oct 19 09:30:11 +0000 2011,... and we were just told what a #microsoft minute is: it is 95 sconds + 1 second which is from 1 to 10 minutes. :),Neutral,told microsoft minute sconds second minute
microsoft,neutral,126590231137886209,Wed Oct 19 09:27:17 +0000 2011,#Microsoft and #Nokia Announce suite of ‘Microsoft Apps’ for Nokia’s Symbian Belle Platform http://t.co/c1YryIFh #WP7 #WP75,Neutral,microsoft nokia announce suite microsoft apps nokias symbian belle platform wp wp
microsoft,neutral,126588750628257792,Wed Oct 19 09:21:24 +0000 2011,"SeNews : Ballmer: 70% Of The Time, Google & Bing Are The Same, So Try Bing! #Microsoft #Bing : http://t.co/6RmJ9Bgn",Neutral,senews ballmer time google bing try bing microsoft bing
microsoft,neutral,126588693577338881,Wed Oct 19 09:21:11 +0000 2011,SeNews : Microsoft extends revenue guarantees to Yahoo #Yahoo #Microsoft : http://t.co/bR3MHHVg,Neutral,senews microsoft extends revenue guarantee yahoo yahoo microsoft
microsoft,neutral,126588643782574080,Wed Oct 19 09:20:59 +0000 2011,SeNews : Ballmer on not buying Yahoo: 'Sometimes you're lucky' #Microsoft #Yahoo : http://t.co/E0kvSTj4,Neutral,senews ballmer buying yahoo sometimes youre lucky microsoft yahoo
microsoft,neutral,126588145549574144,Wed Oct 19 09:19:00 +0000 2011,"RT @InternetBH: #Microsoft shows 'touch screen' for any surface

http://t.co/rT9g3pUH",Neutral,rt microsoft show touch screen surface
microsoft,neutral,126586994536091648,Wed Oct 19 09:14:26 +0000 2011,"Financial Services track at partner summit, 9 people in the room. And yet FS is such a lucrative channel #Microsoft #PartnerSummit",Neutral,financial service track partner summit people room yet f lucrative channel microsoft partnersummit
microsoft,neutral,126586306464727041,Wed Oct 19 09:11:41 +0000 2011,Find & give information about software bugs & help improve #Microsoft products. Apply to become a #Beta Tester http://t.co/OSWEfixz #ITPro,Neutral,find give information software bug help improve microsoft product apply become beta tester itpro
microsoft,neutral,126585952394166272,Wed Oct 19 09:10:17 +0000 2011,#Teamfollowback -Microsoft expands Windows Phone Marketplace to India #microsoft #windowsphone #india,Neutral,teamfollowback microsoft expands window phone marketplace india microsoft windowsphone india
microsoft,neutral,126585097297199104,Wed Oct 19 09:06:53 +0000 2011,Check this video out -- Sesame Street and Nat Geo TV coming to Kinect http://t.co/iw7kjQ81 #xbox #kinect #microsoft,Neutral,check video sesame street nat geo tv coming kinect xbox kinect microsoft
microsoft,neutral,126584640453611521,Wed Oct 19 09:05:04 +0000 2011,Cerulean is the most advanced ERP cloud for hosted dynamics #microsoft #dynamics - http://t.co/4J53yJwd,Neutral,cerulean advanced erp cloud hosted dynamic microsoft dynamic
microsoft,neutral,126583805229285376,Wed Oct 19 09:01:45 +0000 2011,RT @Pocketlint: Ballmer on Nokia: Really looking forward to bunch of new devices next week http://t.co/xjUwssZs #wp7 #nokia #Microsoft,Neutral,rt ballmer nokia really looking forward bunch new device next week wp nokia microsoft
microsoft,neutral,126582210420674560,Wed Oct 19 08:55:25 +0000 2011,#Microsoft announces two new Xbox 360 holiday bundles http://t.co/GgLwTSlT,Neutral,microsoft announces two new xbox holiday bundle
microsoft,neutral,126582173787619328,Wed Oct 19 08:55:16 +0000 2011,"Omni Touch Screen System: going beyond the ""touch screens"" http://t.co/aROkfnOS  #Featured #Tech&amp;Gadgets #Microsoft #Omnitouch",Neutral,omni touch screen system going beyond touch screen featured techampgadgets microsoft omnitouch
microsoft,neutral,126581768529788929,Wed Oct 19 08:53:40 +0000 2011,"Rumor: New screen sizes, specs coming to Windows Phones #windowsphone #microsoft http://t.co/kHTDQSHo",Neutral,rumor new screen size spec coming window phone windowsphone microsoft
microsoft,neutral,126581659612094464,Wed Oct 19 08:53:14 +0000 2011,#Teamfollowback #Microsoft investigating Windows Phone Mango Zune freezing problems,Neutral,teamfollowback microsoft investigating window phone mango zune freezing problem
microsoft,neutral,126581308158779392,Wed Oct 19 08:51:50 +0000 2011,Check this video out -- OmniTouch - Demo Video #Microsoft demonstrates touch screen for any surface http://t.co/NL9E08Q7,Neutral,check video omnitouch demo video microsoft demonstrates touch screen surface
microsoft,neutral,126581270435201024,Wed Oct 19 08:51:41 +0000 2011,OmniTouch from #Microsoft makes every surface a #Touchscreen | #gadgets http://t.co/sSUrPnve,Neutral,omnitouch microsoft make every surface touchscreen gadget
microsoft,neutral,126580539636449281,Wed Oct 19 08:48:47 +0000 2011,"we are authorized test center PJ, Selangor, for IT #exams (#Cisco #CCNA, #Microsoft #MCSE, Red Hat #RHCE, etc.) http://t.co/16LPfctH",Neutral,authorized test center pj selangor exam cisco ccna microsoft mcse red hat rhce etc
microsoft,neutral,126580273965047810,Wed Oct 19 08:47:45 +0000 2011,ToWhat technological extensivity #Microsoft willProvide the #CloudComputing ? Thanks #MS for Bein aPart ofMy generation http://t.co/bsnbAhBp,Neutral,towhat technological extensivity microsoft willprovide cloudcomputing thanks m bein apart ofmy generation
microsoft,neutral,126580014819983360,Wed Oct 19 08:46:41 +0000 2011,#Microsoft anuncia SQL Server ODBC Driver para Linux! http://t.co/kDbNjYyB  #MS #Linux #Opensource #SQL #Softwarelibre,Neutral,microsoft anuncia sql server odbc driver para linux m linux opensource sql softwarelibre
microsoft,neutral,126579602524082176,Wed Oct 19 08:45:03 +0000 2011,#Teamfollowback Microsoft Q1 2012 earnings results due on Thursday #microsoft,Neutral,teamfollowback microsoft earnings result due thursday microsoft
microsoft,neutral,126579169646751744,Wed Oct 19 08:43:20 +0000 2011,Congratulations to Softline Pastel (@SageGroupZA) for winning #ISV of the Year at #Microsoft #partnersummit,Neutral,congratulation softline pastel winning isv year microsoft partnersummit
microsoft,neutral,126579166589108224,Wed Oct 19 08:43:19 +0000 2011,Vincent Mugambi #Microsoft takes us through #WP app,Neutral,vincent mugambi microsoft take u wp app
microsoft,neutral,126577845421096960,Wed Oct 19 08:38:04 +0000 2011,#Microsoft #Cloud Infosys kicks off its cloud drive with Microsoft partnership: Infosys has accelerated its... http://t.co/utU4mwjK #TCN,Neutral,microsoft cloud infosys kick cloud drive microsoft partnership infosys accelerated tcn
microsoft,neutral,126577204078456832,Wed Oct 19 08:35:31 +0000 2011,#Microsoft #Wireless #Keyboard 3000 Review http://t.co/C4GOy04V #wirelesskeyboardandmouse #mousecombos,Neutral,microsoft wireless keyboard review wirelesskeyboardandmouse mousecombos
microsoft,neutral,126577114005782528,Wed Oct 19 08:35:10 +0000 2011,#Free Genuine Copy #Microsoft #Windows 8 Pre-Beta #OS: I don’t know how long it’s been out… http://t.co/EY8GOIrk,Neutral,free genuine copy microsoft window prebeta o dont know long
microsoft,neutral,126577085081849856,Wed Oct 19 08:35:03 +0000 2011,http://t.co/VgMYdlDS found article on  http://t.co/UAWHbOLz  Fake #Microsoft scammers lure users into #granting remote access to PCs,Neutral,found article fake microsoft scammer lure user granting remote access pc
microsoft,neutral,126576350067818497,Wed Oct 19 08:32:08 +0000 2011,"Omni Touch Screen System: going beyond the ""touch screens"" http://t.co/SH2fCwuS  #Featured #Tech&amp;Gadgets #Microsoft #Omnitouch",Neutral,omni touch screen system going beyond touch screen featured techampgadgets microsoft omnitouch
microsoft,neutral,126576121784442880,Wed Oct 19 08:31:13 +0000 2011,Pinball FX2 offers free 'Paranormal' table starting next Wednesday http://t.co/vYXqUbJg #microsoft #pinball_fx_2,Neutral,pinball fx offer free paranormal table starting next wednesday microsoft pinballfx
microsoft,neutral,126573645421228032,Wed Oct 19 08:21:23 +0000 2011,"RT @NeowinFeed: Rumor: New screen sizes, specs coming to Windows Phones #windowsphone #microsoft http://t.co/Ja9sEesh #neowin",Neutral,rt rumor new screen size spec coming window phone windowsphone microsoft neowin
microsoft,neutral,126573265178202112,Wed Oct 19 08:19:52 +0000 2011,RT @TCMagazine: Microsoft talks about the Start menu search in Windows 8 http://t.co/P8Go0gkS #microsoft #search #start #windows8,Neutral,rt microsoft talk start menu search window microsoft search start window
microsoft,neutral,126573186774089728,Wed Oct 19 08:19:34 +0000 2011,"Rumor: New screen sizes, specs coming to Windows Phones #windowsphone #microsoft http://t.co/Ja9sEesh #neowin",Neutral,rumor new screen size spec coming window phone windowsphone microsoft neowin
microsoft,neutral,126572513483436032,Wed Oct 19 08:16:53 +0000 2011,RT @kalezo: we strongly recommend students that are following us to sign up for the #imaginecup 2012 contest! http://t.co/ytn5OHym #micr ...,Neutral,rt strongly recommend student following u sign imaginecup contest micr
microsoft,neutral,126572384126894080,Wed Oct 19 08:16:22 +0000 2011,we strongly recommend students that are following us to sign up for the #imaginecup 2012 contest! http://t.co/ytn5OHym #microsoft,Neutral,strongly recommend student following u sign imaginecup contest microsoft
microsoft,neutral,126572306230288385,Wed Oct 19 08:16:04 +0000 2011,#Microsoft's Steve Ballmer attacks #Android phones - #Telegraph http://t.co/EvkkeA8l via @Telegraph,Neutral,microsofts steve ballmer attack android phone telegraph via
microsoft,neutral,126572275876106240,Wed Oct 19 08:15:56 +0000 2011,"Rumor: New screen sizes, specs coming to Windows Phones #windowsphone #microsoft: A rumor has surfaced that sugg... http://t.co/wHDrAQO4",Neutral,rumor new screen size spec coming window phone windowsphone microsoft rumor surfaced sugg
microsoft,neutral,126572275016286208,Wed Oct 19 08:15:56 +0000 2011,"Rumor: New screen sizes, specs coming to Windows Phones #windowsphone #microsoft http://t.co/gOQgJvvb #microsoft",Neutral,rumor new screen size spec coming window phone windowsphone microsoft microsoft
microsoft,neutral,126570339105914881,Wed Oct 19 08:08:15 +0000 2011,RT @FierceCIO: What happens to #Skype now that it is officially #Microsoft's? http://t.co/9FzSH0RY $MSFT,Neutral,rt happens skype officially microsofts msft
microsoft,neutral,126569564963217408,Wed Oct 19 08:05:10 +0000 2011,Any #Microsoft trainers in Oxfordshire who offer free training to local charities? Unfortunately out of my catchment area @Makethatlink,Neutral,microsoft trainer oxfordshire offer free training local charity unfortunately catchment area
microsoft,neutral,126569115082166273,Wed Oct 19 08:03:23 +0000 2011,If you missed it : #Microsoft working on ‘PocketTouch’ device input through clothing http://t.co/eqz4HkNk,Neutral,missed microsoft working pockettouch device input clothing
microsoft,neutral,126568785921572864,Wed Oct 19 08:02:04 +0000 2011,Windows Phone Tango and Apollo to have new screen resolutions? http://t.co/KJwugoM3 #WP7 #Microsoft,Neutral,window phone tango apollo new screen resolution wp microsoft
microsoft,neutral,126568308584628224,Wed Oct 19 08:00:10 +0000 2011,"wasn't impressed with the #iPhone4S and now not impressed with the #GalaxyNexus, so let's see what #Nokia - #Microsoft have to offer...",Neutral,wasnt impressed iphones impressed galaxynexus let see nokia microsoft offer
microsoft,neutral,126568122261061632,Wed Oct 19 07:59:26 +0000 2011,RT @rinconindia: #OpenText #Alchemy Client programs are now compatible with #Microsoft #Office #2007.,Neutral,rt opentext alchemy client program compatible microsoft office
microsoft,neutral,126567546165014528,Wed Oct 19 07:57:09 +0000 2011,"#Microsoft CEO Steve Ballmer on Not Buying #Yahoo : “Sometimes, You’re Lucky” http://t.co/WMCXWysh",Neutral,microsoft ceo steve ballmer buying yahoo sometimes youre lucky
microsoft,neutral,126566918911041536,Wed Oct 19 07:54:39 +0000 2011,#Microsoft excludes tablets from its holiday advertising push http://t.co/kPslZjFC,Neutral,microsoft excludes tablet holiday advertising push
microsoft,neutral,126566540010192896,Wed Oct 19 07:53:09 +0000 2011,"The debate is, am I allowed to use my BB pen at #Microsoft?",Neutral,debate allowed use bb pen microsoft
microsoft,neutral,126566417276469248,Wed Oct 19 07:52:40 +0000 2011,been using #microsoft @office for years? well here are some tips to be more efficient that even you might not know! http://t.co/HnXvwypp,Neutral,using microsoft year well tip efficient even might know
microsoft,neutral,126566305716387840,Wed Oct 19 07:52:13 +0000 2011,#Microsoft #LifeCam NX-3000 #Webcam (Gray) Review http://t.co/zJMHBPH7 #nx3000 #laptopwebcam #notebooks #laptop,Neutral,microsoft lifecam nx webcam gray review nx laptopwebcam notebook laptop
microsoft,neutral,126565140702298112,Wed Oct 19 07:47:35 +0000 2011,The Scribble SharePoint Blog: SharePoint 2013 Workflows. Maybe Microsoft can buy Nintex? #Microsoft #SharePoint #SP210 #Workflow #Nintex,Neutral,scribble sharepoint blog sharepoint workflow maybe microsoft buy nintex microsoft sharepoint sp workflow nintex
microsoft,neutral,126564015873867777,Wed Oct 19 07:43:07 +0000 2011,"@siobhancoda is your anti virus isn't just a 90 day trial, could leave you exposed in the near future #free #microsoft #antivirus #software",Neutral,anti virus isnt day trial could leave exposed near future free microsoft antivirus software
microsoft,neutral,126564004612161536,Wed Oct 19 07:43:04 +0000 2011,"Steve Ballmer Says ""Luck"" Kept Microsoft From Buying Yahoo In 2008 http://t.co/9sDNmC0Y #Microsoft #Yahoo",Neutral,steve ballmer say luck kept microsoft buying yahoo microsoft yahoo
microsoft,neutral,126563375189725184,Wed Oct 19 07:40:34 +0000 2011,"Microsoft CEO says company got ""lucky"" when Yahoo deal fell apart #microsoft #steveballmer: Microsoft CEO Steve ... http://t.co/Zyetras0",Neutral,microsoft ceo say company got lucky yahoo deal fell apart microsoft steveballmer microsoft ceo steve
microsoft,neutral,126563374384422912,Wed Oct 19 07:40:34 +0000 2011,"Microsoft CEO says company got ""lucky"" when Yahoo deal fell apart #microsoft #steveballmer http://t.co/8fxt1ef8 #microsoft",Neutral,microsoft ceo say company got lucky yahoo deal fell apart microsoft steveballmer microsoft
microsoft,neutral,126563373230997504,Wed Oct 19 07:40:34 +0000 2011,"Microsoft CEO says company got ""lucky"" when Yahoo deal fell apart #microsoft #steveballmer http://t.co/qGxn8d2l",Neutral,microsoft ceo say company got lucky yahoo deal fell apart microsoft steveballmer
microsoft,neutral,126563286392123392,Wed Oct 19 07:40:13 +0000 2011,"Now I that i know god exists, realisation dawns on me that, he hates me
#Microsoft #ICPC",Neutral,know god exists realisation dawn hate microsoft icpc
microsoft,neutral,126562736242040833,Wed Oct 19 07:38:02 +0000 2011,#Microsoft excludes #tablets from its holiday advertising push http://t.co/QlArpUaT,Neutral,microsoft excludes tablet holiday advertising push
microsoft,neutral,126562457375350785,Wed Oct 19 07:36:55 +0000 2011,#microsoft says #android is too complex.  Interesting - from a user angle contrast #windows with #macos for a comparison.http://goo.gl/Wu3Zm,Neutral,microsoft say android complex interesting user angle contrast window macos comparison
microsoft,neutral,126561633978945536,Wed Oct 19 07:33:39 +0000 2011,#Intervate wins content management partner of the year 2011. #Microsoft #techedafrica,Neutral,intervate win content management partner year microsoft techedafrica
microsoft,neutral,126561530258001920,Wed Oct 19 07:33:14 +0000 2011,#Intervate wins the portals and collaboration partner of the year 2011 #Microsoft #techedafrica,Neutral,intervate win portal collaboration partner year microsoft techedafrica
microsoft,neutral,126561428319649793,Wed Oct 19 07:32:50 +0000 2011,#Microsoft's Steve Ballmer attacks #Android phones (Telegraph) - http://t.co/9wbIy1Er,Neutral,microsofts steve ballmer attack android phone telegraph
microsoft,neutral,126559900036894720,Wed Oct 19 07:26:46 +0000 2011,RT @marcfletcher: #Intervate wins the portals and collaboration partner of the year 2011 #Microsoft #techedafrica,Neutral,rt intervate win portal collaboration partner year microsoft techedafrica
microsoft,neutral,126559880860545024,Wed Oct 19 07:26:41 +0000 2011,RT @InternetBH: Microsoft finalises Skype deal - IT Business - News & Features - http://t.co/F9b14RY3: http://t.co/275l0zay #skype #Micr ...,Neutral,rt microsoft finalises skype deal business news feature skype micr
microsoft,neutral,126557628531875840,Wed Oct 19 07:17:44 +0000 2011,"RT @NeowinFeed: Microsoft CEO says company got ""lucky"" when Yahoo deal fell apart #microsoft #steveballmer http://t.co/l5uNInSW #neowin",Neutral,rt microsoft ceo say company got lucky yahoo deal fell apart microsoft steveballmer neowin
microsoft,neutral,126557171742810112,Wed Oct 19 07:15:55 +0000 2011,Microsoft talks about the Start menu search in Windows 8 http://t.co/P8Go0gkS #microsoft #search #start #windows8,Neutral,microsoft talk start menu search window microsoft search start window
microsoft,neutral,126555866332798976,Wed Oct 19 07:10:44 +0000 2011,"Microsoft CEO says company got ""lucky"" when Yahoo deal fell apart #microsoft #steveballmer http://t.co/l5uNInSW #neowin",Neutral,microsoft ceo say company got lucky yahoo deal fell apart microsoft steveballmer neowin
microsoft,neutral,126554531713650688,Wed Oct 19 07:05:26 +0000 2011,RT @sanjeevgadre: #Ballmer says that #Microsoft dodged a bullet when it failed to acquire #Yahoo in 2008 | Wish 1 of my ex-employers was ...,Neutral,rt ballmer say microsoft dodged bullet failed acquire yahoo wish exemployers
microsoft,neutral,126553189511208960,Wed Oct 19 07:00:06 +0000 2011,#Ballmer says that #Microsoft dodged a bullet when it failed to acquire #Yahoo in 2008 | Wish 1 of my ex-employers was lucky like that 2,Neutral,ballmer say microsoft dodged bullet failed acquire yahoo wish exemployers lucky like
microsoft,neutral,126552864876269568,Wed Oct 19 06:58:48 +0000 2011,"Ballmer Feels Lucky Microsoft Didn't Buy Yahoo in 2008, http://t.co/mPZoilRs #microsoft",Neutral,ballmer feel lucky microsoft didnt buy yahoo microsoft
microsoft,neutral,126552665063829504,Wed Oct 19 06:58:01 +0000 2011,#HP VirtualSystem for #Microsoft is the latest solution from HP & Microsoft. http://t.co/w8IXiboT #hpci,Neutral,hp virtualsystem microsoft latest solution hp microsoft hpci
microsoft,neutral,126549688857010177,Wed Oct 19 06:46:11 +0000 2011,#Microsoft employees reveal they’re working on next-generation #Xbox  http://t.co/XE7RL7a8,Neutral,microsoft employee reveal theyre working nextgeneration xbox
microsoft,neutral,126548837958557696,Wed Oct 19 06:42:48 +0000 2011,RT @ShawnWildermuth: OMFG: http://t.co/Rit4WJq3 #gates #ballmer #nightAtTheRoxbury #microsoft,Neutral,rt omfg gate ballmer nightattheroxbury microsoft
microsoft,neutral,126545396913815552,Wed Oct 19 06:29:08 +0000 2011,@mdhughes I have the strangest feeling we've done this exact thing before. #arial #microsoft,Neutral,strangest feeling weve done exact thing arial microsoft
microsoft,neutral,126542911654477824,Wed Oct 19 06:19:15 +0000 2011,"Microsoft #Cloud Services, ...federal government appears to have resulted in a decision favoring #Microsoft http://t.co/bz0uabpP",Neutral,microsoft cloud service federal government appears resulted decision favoring microsoft
microsoft,neutral,126541046615244801,Wed Oct 19 06:11:51 +0000 2011,Any surface touch http://t.co/ymNtCIKG #Microsoft #Technology,Neutral,surface touch microsoft technology
microsoft,neutral,126538706944401409,Wed Oct 19 06:02:33 +0000 2011,#microsoft #3Q (or 1Q12) #conferencecall 10/20/11 http://t.co/zm9Dye63,Neutral,microsoft conferencecall
microsoft,neutral,126537896999124992,Wed Oct 19 05:59:20 +0000 2011,Free Microsoft adCenter Credits http://t.co/OBUxExci #webhostingcoupon #adcenter #credits #free #microsoft,Neutral,free microsoft adcenter credit webhostingcoupon adcenter credit free microsoft
microsoft,neutral,126536228538564608,Wed Oct 19 05:52:42 +0000 2011,RT @SQLServer: #Microsoft made many announcements at #SQLPass Summit. Read the blog post for a recap: http://t.co/KSgglnDC #sqlserver #s ...,Neutral,rt microsoft made many announcement sqlpass summit read blog post recap sqlserver
microsoft,neutral,126536172867559424,Wed Oct 19 05:52:29 +0000 2011,#Microsoft excludes tablets from its holiday advertising #push: Fresh details of Microsoft’s… http://t.co/SXFPd9Xj,Neutral,microsoft excludes tablet holiday advertising push fresh detail microsofts
microsoft,neutral,126535951764819968,Wed Oct 19 05:51:36 +0000 2011,Hm... Can't decide if I should like it or not... #Microsoft #OmniTouch  http://t.co/k074N0z2,Neutral,hm cant decide like microsoft omnitouch
microsoft,neutral,126534265205829632,Wed Oct 19 05:44:54 +0000 2011,Amazing that at #microsoft #TechEdAfrica everyone is running iOS phones !,Neutral,amazing microsoft techedafrica everyone running io phone
microsoft,neutral,126534195777519616,Wed Oct 19 05:44:37 +0000 2011,RT @WesleyBackelant: Marketeer of the Year @ http://t.co/O07MOLI4 Please support @davidmerzel #microsoft,Neutral,rt marketeer year please support microsoft
microsoft,neutral,126532191831343105,Wed Oct 19 05:36:40 +0000 2011,#Microsoft extends revenue guarantees to Yahoo: Yahoo disclosed today that Microsoft extended… http://t.co/NWLalDdd,Neutral,microsoft extends revenue guarantee yahoo yahoo disclosed today microsoft extended
microsoft,neutral,126528995394199552,Wed Oct 19 05:23:57 +0000 2011,Ballmer On Not Buying #Yahoo: “Sometimes You’re Lucky” http://t.co/7ButjnVO &gt; most interesting part = nascent #Microsoft cloud leadership,Neutral,ballmer buying yahoo sometimes youre lucky gt interesting part nascent microsoft cloud leadership
microsoft,neutral,126528296354725890,Wed Oct 19 05:21:11 +0000 2011,New Microsoft Security Essentials v2.1 Released with updated Antimalware Engine http://t.co/2etgYjEZ #Microsoft #SecurityEssentials #Windows,Neutral,new microsoft security essential released updated antimalware engine microsoft securityessentials window
microsoft,neutral,126528197750829056,Wed Oct 19 05:20:47 +0000 2011,#MIcrosoft Launches Reseller RewardHub for Resllers http://t.co/scPUl9Yz,Neutral,microsoft launch reseller rewardhub resllers
microsoft,neutral,126526992609849344,Wed Oct 19 05:16:00 +0000 2011,RT @Maven_Infosoft: #Patent Wars: #Google vs. #Samsung vs. #Apple vs. #Motorola vs. #Microsoft vs. #Oracle -  http://t.co/PjxURwrp,Neutral,rt patent war google v samsung v apple v motorola v microsoft v oracle
microsoft,neutral,126525976925585408,Wed Oct 19 05:11:58 +0000 2011,Cyclone II 1.0.2 http://t.co/n6LR23KJ #c++ #microsoft #music,Neutral,cyclone ii microsoft music
microsoft,neutral,126524240324337664,Wed Oct 19 05:05:04 +0000 2011,"Zero-day exploits are low in number, but pose big threat, experts say: http://t.co/Tk7i6fw4 #Microsoft #ITsecurity",Neutral,zeroday exploit low number pose big threat expert say microsoft itsecurity
microsoft,neutral,126523034906529793,Wed Oct 19 05:00:16 +0000 2011,"Coursey, Forbes - Open Letter: *Steve Ballmer, Please Retire*; http://t.co/1uYbXD0Q #OpenLetter #SteveBallmer #Microsoft",Neutral,coursey forbes open letter steve ballmer please retire openletter steveballmer microsoft
microsoft,neutral,126522766261366784,Wed Oct 19 04:59:12 +0000 2011,#Patent Wars: #Google vs. #Samsung vs. #Apple vs. #Motorola vs. #Microsoft vs. #Oracle -  http://t.co/PjxURwrp,Neutral,patent war google v samsung v apple v motorola v microsoft v oracle
microsoft,neutral,126522655892447233,Wed Oct 19 04:58:46 +0000 2011,"#Microsoft #Cloud Microsoft - Capture the Cloud: ... through the Rookie, Veteran, and All-Star tiers provid... http://t.co/tnxYUxvA #TCN",Neutral,microsoft cloud microsoft capture cloud rookie veteran allstar tier provid tcn
microsoft,neutral,126519858035822594,Wed Oct 19 04:47:39 +0000 2011,#Microsoft Natural #Ergonomic #Keyboard 4000 Review http://t.co/blz7dtsy,Neutral,microsoft natural ergonomic keyboard review
microsoft,neutral,126519595682119681,Wed Oct 19 04:46:36 +0000 2011,@ParadoxicalMike yes... our is under lock and key... we are guarded by the mighty #Microsoft.... unlike #google with it's androids,Neutral,yes lock key guarded mighty microsoft unlike google android
microsoft,neutral,126514963924787201,Wed Oct 19 04:28:12 +0000 2011,"The way you can understand
all of the social media
is as the creation of
a new kind of public space.  #MICROSOFT",Neutral,way understand social medium creation new kind public space microsoft
microsoft,neutral,126514187647201280,Wed Oct 19 04:25:07 +0000 2011,Should #Microsoft and #Google design their software for mobile devices with two screens?,Neutral,microsoft google design software mobile device two screen
microsoft,neutral,126508567053340672,Wed Oct 19 04:02:47 +0000 2011,RT @neon_ness: Yahoo Profit Drops 26 Per Cent! http://t.co/Jd3X8SGM #yahoo #microsoft,Neutral,rt yahoo profit drop per cent yahoo microsoft
microsoft,neutral,126508512930050048,Wed Oct 19 04:02:34 +0000 2011,"Save ink by printing certain areas of your doc. Highlight the text, click Print, under Page Range tick ‘Selection’. #microsoft #word #office",Neutral,save ink printing certain area doc highlight text click print page range tick selection microsoft word office
microsoft,neutral,126507878382174208,Wed Oct 19 04:00:03 +0000 2011,"@bsteelooper: I vouched for you in #programmer, #microsoft engineer, and #ethical hacker on Connect.Me http://t.co/HIJqPBso",Neutral,vouched programmer microsoft engineer ethical hacker connectme
microsoft,neutral,126507753484193792,Wed Oct 19 03:59:33 +0000 2011,Microsoft adCenter Promo Code – Free $25 credit http://t.co/XwC7xvK8 #webhostingcoupon #adcenter #code #credit #free #microsoft #promo,Neutral,microsoft adcenter promo code free credit webhostingcoupon adcenter code credit free microsoft promo
microsoft,neutral,126507677919617024,Wed Oct 19 03:59:15 +0000 2011,Yahoo Profit Drops 26 Per Cent! http://t.co/7AdG1Hss #yahoo #microsoft,Neutral,yahoo profit drop per cent yahoo microsoft
microsoft,neutral,126507292777652224,Wed Oct 19 03:57:43 +0000 2011,Yahoo Profit Drops 26 Per Cent! http://t.co/Jd3X8SGM #yahoo #microsoft,Neutral,yahoo profit drop per cent yahoo microsoft
microsoft,neutral,126506577946615808,Wed Oct 19 03:54:53 +0000 2011,Testing Windows 8 Developer Preview #microsoft,Neutral,testing window developer preview microsoft
microsoft,neutral,126500912578564097,Wed Oct 19 03:32:22 +0000 2011,U-Village store fits Microsoft consumer strategy http://t.co/OyGo65p1 #microsoft #Technology,Neutral,uvillage store fit microsoft consumer strategy microsoft technology
microsoft,neutral,126500486047207425,Wed Oct 19 03:30:40 +0000 2011,Microsoft Announces Interactive TV For Children’s Games & Story Books #Xbox #Microsoft #family #fb http://t.co/BOCzCmbg,Neutral,microsoft announces interactive tv childrens game story book xbox microsoft family fb
microsoft,neutral,126500411522809856,Wed Oct 19 03:30:23 +0000 2011,Microsoft CEO on not http://t.co/veCmSAHQ #Buying #Lucky #Microsoft,Neutral,microsoft ceo buying lucky microsoft
microsoft,neutral,126499066229170176,Wed Oct 19 03:25:02 +0000 2011,#Reviora can host #Microsoft #Dynamics #SL #MSDYNERP - http://t.co/WFoopX1Y,Neutral,reviora host microsoft dynamic sl msdynerp
microsoft,neutral,126498215204892672,Wed Oct 19 03:21:39 +0000 2011,New post: Microsoft Windows 7 Home Premium http://t.co/FkruCQIs #Home #Microsoft #Premium,Neutral,new post microsoft window home premium home microsoft premium
microsoft,neutral,126496197220380672,Wed Oct 19 03:13:38 +0000 2011,CEO Ballmer's (non)answer on whether Microsoft will build its own Windows Phone #Ballmer #Microsoft #fb http://t.co/9GuMpF8V,Neutral,ceo ballmers nonanswer whether microsoft build window phone ballmer microsoft fb
microsoft,neutral,126494059987603456,Wed Oct 19 03:05:08 +0000 2011,"Congrats to the 5 big #winners of the ""Get certified-Get happy"" #Sweepstakes!  EZ log-in&gt;Contests&gt;Winners:  http://t.co/396AtoHF #Microsoft",Neutral,congrats big winner get certifiedget happy sweepstakes ez logingtcontestsgtwinners microsoft
microsoft,neutral,126493220279558144,Wed Oct 19 03:01:48 +0000 2011,RT @HPC_Guru: LINQ to #HPC: #Microsoft closes in on delivering its own #Hadoop competitor http://t.co/rsRmJPob #dryad #BigData via @mary ...,Neutral,rt linq hpc microsoft close delivering hadoop competitor dryad bigdata via
microsoft,neutral,126488619002236928,Wed Oct 19 02:43:31 +0000 2011,"228MB for what is basically a glorified chat client.  Oh, Microsoft.  #lync #microsoft http://t.co/oktrAysu",Neutral,mb basically glorified chat client oh microsoft lync microsoft
microsoft,neutral,126487011849809920,Wed Oct 19 02:37:08 +0000 2011,"#Job #ICT System Engineer (m/w): planova human capital ag, Luzern http://t.co/2PJo4Dqr #Microsoft #IT",Neutral,job ict system engineer mw planova human capital ag luzern microsoft
microsoft,neutral,126485244651126784,Wed Oct 19 02:30:06 +0000 2011,#Apple vs #Microsoft: Two Opposite Approaches to Building an OS http://t.co/ZAMoDZ9O #Windows8 #OSX #iOS5,Neutral,apple v microsoft two opposite approach building o window osx io
microsoft,neutral,126484490049687552,Wed Oct 19 02:27:07 +0000 2011,RT @bcopher: Anyone know where I can get a free trial of #microsoft #frontpage for #mac?,Neutral,rt anyone know get free trial microsoft frontpage mac
microsoft,neutral,126483887923793920,Wed Oct 19 02:24:43 +0000 2011,#microsoft makes every surface a touch screen http://t.co/n2GC2gK4 #touch #gesture,Neutral,microsoft make every surface touch screen touch gesture
microsoft,neutral,126483490911952896,Wed Oct 19 02:23:08 +0000 2011,"#Microsoft CEO Steve Ballmer on Not #Buying #Yahoo: “Sometimes, You’re Lucky” http://t.co/uyDNZ4r0 #mcommerce #business",Neutral,microsoft ceo steve ballmer buying yahoo sometimes youre lucky mcommerce business
microsoft,neutral,126483128163373057,Wed Oct 19 02:21:42 +0000 2011,RT @Pocketlint: Ballmer on Nokia: Really looking forward to bunch of new devices next week #nokia #microsoft #wp7 http://t.co/vOH8VM8A,Neutral,rt ballmer nokia really looking forward bunch new device next week nokia microsoft wp
microsoft,neutral,126482131412189184,Wed Oct 19 02:17:44 +0000 2011,"#Microsoft CEO Steve Ballmer on Not Buying #Yahoo: “Sometimes, You’re Lucky” http://t.co/RI8HUaLD #uncategorized",Neutral,microsoft ceo steve ballmer buying yahoo sometimes youre lucky uncategorized
microsoft,neutral,126481856639143936,Wed Oct 19 02:16:39 +0000 2011,#Microsoft Office v. X for Mac [Old Version] Review: Computer Software Plus  Education Computer Software Sales http://t.co/4GdWlnNM,Neutral,microsoft office mac old version review computer software plus education computer software sale
microsoft,neutral,126481810803793921,Wed Oct 19 02:16:28 +0000 2011,Night at the Roxbury with Gates and Ballmer  http://t.co/RSZAL40S #funny #video #gates #ballmer #microsoft,Neutral,night roxbury gate ballmer funny video gate ballmer microsoft
microsoft,neutral,126481496147111936,Wed Oct 19 02:15:13 +0000 2011,"Mashable! - Microsoft CEO Steve Ballmer on Not Buying Yahoo: “Sometimes, You’re ...  #yahoo #microsoft #ballmer http://t.co/tWIzjGBR",Neutral,mashable microsoft ceo steve ballmer buying yahoo sometimes youre yahoo microsoft ballmer
microsoft,neutral,126480696075227137,Wed Oct 19 02:12:02 +0000 2011,"Everything Can Be A Digital Surface Now, Courtesy Microsoft, Carnegie Mellon http://t.co/6S7pKbjI #microsoft #carnegiemellon",Neutral,everything digital surface courtesy microsoft carnegie mellon microsoft carnegiemellon
microsoft,neutral,126479554217910272,Wed Oct 19 02:07:30 +0000 2011,@ShawnWildermuth  #gates #ballmer #nightAtTheRoxbury #microsoft That is so wild!,Neutral,gate ballmer nightattheroxbury microsoft wild
microsoft,neutral,126479285702762496,Wed Oct 19 02:06:26 +0000 2011,Everything Can Be A Digital ... http://t.co/fG0wfyWl #microsoft #carnegiemellon,Neutral,everything digital microsoft carnegiemellon
microsoft,neutral,126476071238508545,Wed Oct 19 01:53:39 +0000 2011,RT @GP_Jman852: Hello New Followers! Reminder: 1000 followers = a 4000 #Microsoft point #Giveaway! #Xbox360 #XBL #XBLA #MW3 #COD RETWEET!,Neutral,rt hello new follower reminder follower microsoft point giveaway xbox xbl xbla mw cod retweet
microsoft,neutral,126474577411969024,Wed Oct 19 01:47:43 +0000 2011,"Ballmer mocks Android, promises a “bunch of new” Nokia Windows Phones next week [video] http://t.co/euPPhD1w #microsoft #windows",Neutral,ballmer mock android promise bunch new nokia window phone next week video microsoft window
microsoft,neutral,126470128589217795,Wed Oct 19 01:30:03 +0000 2011,"#HPVirtualSystem for #Microsoft, latest from the $250 million I2A initiative #HPCI #cloudcomputing http://t.co/yx1R3WsX",Neutral,hpvirtualsystem microsoft latest million ia initiative hpci cloudcomputing
microsoft,neutral,126467278144413696,Wed Oct 19 01:18:43 +0000 2011,#Microsoft shows 'touch screen' for any surface | Nanotech - The Circuits Blog - CNET News http://t.co/qwhoCf5T via @cnet,Neutral,microsoft show touch screen surface nanotech circuit blog cnet news via
twitter,positive,126883590041640960,Thu Oct 20 04:52:59 +0000 2011,i love my background!! #twitter,Positive,love background twitter
twitter,positive,126883448173510656,Thu Oct 20 04:52:26 +0000 2011,"•Take Off Make up 
• Say A Little More On #twitter 
• Go to Sleep &lt;3

like my plan?(;",Positive,take make say little twitter go sleep lt like plan
twitter,positive,126883416280006656,Thu Oct 20 04:52:18 +0000 2011,Okay..I feel slightly more connected to the world and have put #facebook and #twitter on my #blackberry..its not the same..but it helps,Positive,okayi feel slightly connected world put facebook twitter blackberryits samebut help
twitter,positive,126883364887203840,Thu Oct 20 04:52:06 +0000 2011,@loveguru_b i miss my #twitter boo,Positive,miss twitter boo
twitter,positive,126883290782244864,Thu Oct 20 04:51:48 +0000 2011,*singing*! everytime  I  try  to leave something keeps  pulling me  back  (me  back) telling me  I  need  #Twitter & all that. lol  (:,Positive,singing everytime try leave something keep pulling back back telling need twitter lol
twitter,positive,126883211006590976,Thu Oct 20 04:51:29 +0000 2011,#twitter keeps me company when i can't sleep! (:,Positive,twitter keep company cant sleep
twitter,positive,126883187300384768,Thu Oct 20 04:51:23 +0000 2011,Got this new #twitter app and a fresh ass theme with it! FWM,Positive,got new twitter app fresh as theme fwm
twitter,positive,126882971411165185,Thu Oct 20 04:50:32 +0000 2011,@ammmylewis... Did @CarsonFratus just ditch Twitter for sleep?? #Weirdo... #Twitter&gt;Sleep,Positive,ditch twitter sleep weirdo twittergtsleep
twitter,positive,126882662932692992,Thu Oct 20 04:49:18 +0000 2011,"I'm starting to get really concerned, sending hashtags in emails :P #twitter is taking over our lives :D",Positive,im starting get really concerned sending hashtags email twitter taking life
twitter,positive,126881835463614464,Thu Oct 20 04:46:01 +0000 2011,I cnt get over that shit lol hell naw #Twitter,Positive,cnt get shit lol hell naw twitter
twitter,positive,126881080178507776,Thu Oct 20 04:43:01 +0000 2011,Today I was introduced as BigDealDawson at #LGFW !  O #twitter and #social media I love you! Teehee xx,Positive,today introduced bigdealdawson lgfw twitter social medium love teehee xx
twitter,positive,126880912754475008,Thu Oct 20 04:42:21 +0000 2011,#Twitter &gt; #Facebook,Positive,twitter gt facebook
twitter,positive,126880559162077184,Thu Oct 20 04:40:57 +0000 2011,"@BrianCrockerJr yeah, it shows. glad you have #twitter :)",Positive,yeah show glad twitter
twitter,positive,126880385605976064,Thu Oct 20 04:40:15 +0000 2011,I've pretty much abandoned Facebook for Twitter. #twitter'slegit,Positive,ive pretty much abandoned facebook twitter twitterslegit
twitter,positive,126879785908580352,Thu Oct 20 04:37:52 +0000 2011,Gotta love #Twitter - shit goes round the World like lightning-on-speed...,Positive,gotta love twitter shit go round world like lightningonspeed
twitter,positive,126879662851887104,Thu Oct 20 04:37:23 +0000 2011,@LuCkY_2_HaVe #Twitter,Positive,twitter
twitter,positive,126878670685085696,Thu Oct 20 04:33:27 +0000 2011,Hello #twitter!,Positive,hello twitter
twitter,positive,126877750131818497,Thu Oct 20 04:29:47 +0000 2011,In that #twitter mood!,Positive,twitter mood
twitter,positive,126877362632667136,Thu Oct 20 04:28:15 +0000 2011,When I say I'm going to bed that really means I'm gonna sit on twitter for 30 min then go to bed! #Twitter&lt;3,Positive,say im going bed really mean im gonna sit twitter min go bed twitterlt
twitter,positive,126877263311536128,Thu Oct 20 04:27:51 +0000 2011,I lovee #Twitter   #swaag!,Positive,lovee twitter swaag
twitter,positive,126877209813188608,Thu Oct 20 04:27:38 +0000 2011,"Dear #Twitter, I fucking missed you today, &gt;&gt; internet was down :/",Positive,dear twitter fucking missed today gtgt internet
twitter,positive,126877171926040576,Thu Oct 20 04:27:29 +0000 2011,My 100 tweet goes to #twitter . Thanks for providing me with another way of keeping me busy during school!,Positive,tweet go twitter thanks providing another way keeping busy school
twitter,positive,126877056578486272,Thu Oct 20 04:27:02 +0000 2011,#Twitter TEAMO♥ Chao!,Positive,twitter teamo chao
twitter,positive,126876600083025920,Thu Oct 20 04:25:13 +0000 2011,"@Garr_Williams isn't this place great? 
#twitter",Positive,isnt place great twitter
twitter,positive,126876125107462144,Thu Oct 20 04:23:20 +0000 2011,"RT @EverettColdwell: @SusanFelicity One really good thing with #twitter is that most people appear to be on the progressive, left, socia ...",Positive,rt one really good thing twitter people appear progressive left socia
twitter,positive,126876107881455616,Thu Oct 20 04:23:16 +0000 2011,RT @MattMarcheski: @AlexMufferi #twitter&gt;facebook,Positive,rt twittergtfacebook
twitter,positive,126875441217798144,Thu Oct 20 04:20:37 +0000 2011,There is no social media without #Twitter... Who could be #Twitterless?,Positive,social medium without twitter could twitterless
twitter,positive,126875378013843456,Thu Oct 20 04:20:22 +0000 2011,@AlexMufferi #twitter&gt;facebook,Positive,twittergtfacebook
twitter,positive,126874748469788672,Thu Oct 20 04:17:51 +0000 2011,Guess I'm addicted to #Twitter! Writing the answers to 15 marks University exam questions in less than 140 characters! :P,Positive,guess im addicted twitter writing answer mark university exam question less character
twitter,positive,126874346873556993,Thu Oct 20 04:16:16 +0000 2011,"@SusanFelicity One really good thing with #twitter is that most people appear to be on the progressive, left, social side. This scares gov.",Positive,one really good thing twitter people appear progressive left social side scare gov
twitter,positive,126873707066048513,Thu Oct 20 04:13:43 +0000 2011,"Apples to oranges maybe, but #Twitter is way more engaging than #FB. Content vs. Stalkerismo",Positive,apple orange maybe twitter way engaging fb content v stalkerismo
twitter,positive,126873518385274882,Thu Oct 20 04:12:58 +0000 2011,Laying down on my bed and I'm on my favorite app. #twitternation #twitter &gt; #facebook,Positive,laying bed im favorite app twitternation twitter gt facebook
twitter,positive,126873128348561409,Thu Oct 20 04:11:25 +0000 2011,"@TheMarketaire This whole #Facebook change makes more nervous than excited. What about privacy, etc.? I much prefer #Twitter",Positive,whole facebook change make nervous excited privacy etc much prefer twitter
twitter,positive,126872791197814784,Thu Oct 20 04:10:05 +0000 2011,#Twitter #twitter :),Positive,twitter twitter
twitter,positive,126872175490764802,Thu Oct 20 04:07:38 +0000 2011,#Twitter &lt;33333,Positive,twitter lt
twitter,positive,126870551032643584,Thu Oct 20 04:01:11 +0000 2011,RT@jeffbullas Twitters impressive numbers  http://t.co/VJRSsfYn #Twitter #SMM #SocialMedia,Positive,rt twitter impressive number twitter smm socialmedia
twitter,positive,126870402751397889,Thu Oct 20 04:00:35 +0000 2011,fuck that facebook bullshit. #twitter bitch,Positive,fuck facebook bullshit twitter bitch
twitter,positive,126869964144644097,Thu Oct 20 03:58:51 +0000 2011,#Twitter is hella coo... like farreal i love twitter.,Positive,twitter hella coo like farreal love twitter
twitter,positive,126869134238679042,Thu Oct 20 03:55:33 +0000 2011,FUCK #facebook #twitter is way better #teamfollowback #followme,Positive,fuck facebook twitter way better teamfollowback followme
twitter,positive,126868475892338688,Thu Oct 20 03:52:56 +0000 2011,Haven't been on this Twitter shit in a while man. Here because looks like #AboutThatLife be haven hella fun on #Twitter,Positive,havent twitter shit man look like aboutthatlife hella fun twitter
twitter,positive,126868330098331648,Thu Oct 20 03:52:21 +0000 2011,twitter just helped me find the song from the end of a TV show i just watched. #Twitter &gt; ...,Positive,twitter helped find song end tv show watched twitter gt
twitter,positive,126867350476697601,Thu Oct 20 03:48:28 +0000 2011,#twitter addict :),Positive,twitter addict
twitter,positive,126865422174785536,Thu Oct 20 03:40:48 +0000 2011,"RT @drewbezanson: You can literally go back and forth between #Facebook, #twitter, #text and #email all do. #technology is too good.",Positive,rt literally go back forth facebook twitter text email technology good
twitter,positive,126864056366804992,Thu Oct 20 03:35:22 +0000 2011,@tas82011 Thnx. Isn't #Twitter pretty damn amazing! Hope yr enjoying it. Fast like you and I!,Positive,thnx isnt twitter pretty damn amazing hope yr enjoying fast like
twitter,positive,126863821594832897,Thu Oct 20 03:34:26 +0000 2011,Dear #twitter I have missed you. Promise i'll keep in touch more often,Positive,dear twitter missed promise ill keep touch often
twitter,positive,126863766334873600,Thu Oct 20 03:34:13 +0000 2011,#Twitter is interesting 24hrs a day. #Facebook is interesing 2hrs a day.,Positive,twitter interesting hr day facebook interesing hr day
twitter,positive,126862820578050048,Thu Oct 20 03:30:28 +0000 2011,RT @derryXOwners: I like #twitter,Positive,rt like twitter
twitter,positive,126862735953768448,Thu Oct 20 03:30:07 +0000 2011,But fb still sucks &amp; #twitter beats it anyday!,Positive,fb still suck amp twitter beat anyday
twitter,positive,126862443275235328,Thu Oct 20 03:28:58 +0000 2011,I love #twitter #twitterswag,Positive,love twitter twitterswag
twitter,positive,126862309497905152,Thu Oct 20 03:28:26 +0000 2011,I like #twitter,Positive,like twitter
twitter,positive,126862124201947136,Thu Oct 20 03:27:42 +0000 2011,This twitter shit is funny and entertaining ... I haven't did shit all day but my fingers are hurting #twitter,Positive,twitter shit funny entertaining havent shit day finger hurting twitter
twitter,positive,126861364227608577,Thu Oct 20 03:24:40 +0000 2011,RT @TreyHob21: #twitter gives everyone that voice that they believe should be heard by people... unlike real life... lol,Positive,rt twitter give everyone voice believe heard people unlike real life lol
twitter,positive,126860944352612353,Thu Oct 20 03:23:00 +0000 2011,#twitter i love you!,Positive,twitter love
twitter,positive,126860415085973504,Thu Oct 20 03:20:54 +0000 2011,@KylieMessier yeahh you did! It was about time. Caught the #twitter bug and now i'm hooked!,Positive,yeahh time caught twitter bug im hooked
twitter,positive,126860046981279744,Thu Oct 20 03:19:26 +0000 2011,@science_alex hashtags are used here #twitter&gt;facebook,Positive,hashtags used twittergtfacebook
twitter,positive,126859858443112449,Thu Oct 20 03:18:41 +0000 2011,I keep forgettin how much i really like #Twitter lol,Positive,keep forgettin much really like twitter lol
twitter,positive,126859371094360064,Thu Oct 20 03:16:45 +0000 2011,#twitter :),Positive,twitter
twitter,positive,126858606695030784,Thu Oct 20 03:13:43 +0000 2011,"#facebook, #Twitter , #spongebob, #nirvana. Great way to spend the night. :D",Positive,facebook twitter spongebob nirvana great way spend night
twitter,positive,126858477942476800,Thu Oct 20 03:13:12 +0000 2011,RT @ahhfuckitsguss: #twitter can be so useful on letting out your feeling when you cant in the real world .,Positive,rt twitter useful letting feeling cant real world
twitter,positive,126858393909608448,Thu Oct 20 03:12:52 +0000 2011,"My 3 biggest obsessions: #twitter, #dancemoms, and #desperatehousewives. &lt;3",Positive,biggest obsession twitter dancemoms desperatehousewives lt
twitter,positive,126857095088840706,Thu Oct 20 03:07:43 +0000 2011,#twitter is jumpin as usual :),Positive,twitter jumpin usual
twitter,positive,126857082199744513,Thu Oct 20 03:07:39 +0000 2011,My Facebook messed up and I had to make a new one so... add me! Haha at least #twitter is reliable,Positive,facebook messed make new one add haha least twitter reliable
twitter,negative,126883562652844033,Thu Oct 20 04:52:53 +0000 2011,#Twitter y #Facebook OFF,Negative,twitter facebook
twitter,negative,126883300227817472,Thu Oct 20 04:51:51 +0000 2011,#Twitter are you freaking kidding me #wth... http://t.co/zKn2bu5R,Negative,twitter freaking kidding wth
twitter,negative,126882964582838272,Thu Oct 20 04:50:30 +0000 2011,"RT @mainey_maine: RT @ItalianJoya i better be able to see my RT's tomorrow #twitter and tell that lil blue ass bird, (cont) http://t.co/ ...",Negative,rt rt better able see rts tomorrow twitter tell lil blue as bird cont
twitter,negative,126882934568390656,Thu Oct 20 04:50:23 +0000 2011,Just hit my hourly usage limit on #twitter. How does that even happen? All I'm doing is listing people...and I was almost done! #ugh,Negative,hit hourly usage limit twitter even happen im listing peopleand almost done ugh
twitter,negative,126882761733705728,Thu Oct 20 04:49:42 +0000 2011,"RT @FuckingShinez: #Twitter = #Dead ""this is why im never on it now""",Negative,rt twitter dead im never
twitter,negative,126881698783834112,Thu Oct 20 04:45:28 +0000 2011,I hate #twitter right now..,Negative,hate twitter right
twitter,negative,126881658854064128,Thu Oct 20 04:45:19 +0000 2011,I'm not getting all of my @ replies #twitter if it wasn't for my emails telling me that some1 replied to me I wouldn't even know it #nobueno,Negative,im getting reply twitter wasnt email telling replied wouldnt even know nobueno
twitter,negative,126881376074076161,Thu Oct 20 04:44:12 +0000 2011,"Wtf is a tweet , sounds like tha dam cartoon network #tweeted #tweeter #twitter #twitterer",Negative,wtf tweet sound like tha dam cartoon network tweeted tweeter twitter twitterer
twitter,negative,126881010301419520,Thu Oct 20 04:42:44 +0000 2011,#TWITTER SUCKS FOR HAVING A #FOLLOW LIMIT =\,Negative,twitter suck follow limit
twitter,negative,126880978185625600,Thu Oct 20 04:42:37 +0000 2011,@ZackSiezmagraff A few people are reporting #twitter retweets not working. Probably a technical problem.,Negative,people reporting twitter retweets working probably technical problem
twitter,negative,126880813991202816,Thu Oct 20 04:41:58 +0000 2011,So my mentions don't work? And my TL don't be wanting to update. Is #twitter moving servers or doing maintenance?,Negative,mention dont work tl dont wanting update twitter moving server maintenance
twitter,negative,126879988602519552,Thu Oct 20 04:38:41 +0000 2011,Well... @Paging_Dr_A has gotten back on #twitter.. there goes my TL lol,Negative,well gotten back twitter go tl lol
twitter,negative,126879964619485185,Thu Oct 20 04:38:35 +0000 2011,Anyone in #twitter land know if retweets are broken? Haven't seen any since Tuesday.,Negative,anyone twitter land know retweets broken havent seen since tuesday
twitter,negative,126878518310223874,Thu Oct 20 04:32:50 +0000 2011,"RT @ItalianJoya i better be able to see my RT's tomorrow #twitter and tell that lil blue ass bird, (cont) http://t.co/xGHoev8k",Negative,rt better able see rts tomorrow twitter tell lil blue as bird cont
twitter,negative,126878448575717376,Thu Oct 20 04:32:34 +0000 2011,"RT @ItalianJoya: i better be able to see my RT's tomorrow #twitter and tell that lil blue ass bird, and fat ass over capacity whale to!",Negative,rt better able see rts tomorrow twitter tell lil blue as bird fat as capacity whale
twitter,negative,126877484271665152,Thu Oct 20 04:28:44 +0000 2011,#Twitter ain't showing my current mentions or my tweets retweeted #Ughh,Negative,twitter aint showing current mention tweet retweeted ughh
twitter,negative,126877335399051264,Thu Oct 20 04:28:08 +0000 2011,"i better be able to see my RT's tomorrow #twitter and tell that lil blue ass bird, and fat ass over capacity whale to!",Negative,better able see rts tomorrow twitter tell lil blue as bird fat as capacity whale
twitter,negative,126877245347348480,Thu Oct 20 04:27:47 +0000 2011,"#Twitter, will you please fix this RT problem?",Negative,twitter please fix rt problem
twitter,negative,126877135926337537,Thu Oct 20 04:27:21 +0000 2011,"#Twitter = #Dead ""this is why im never on it now""",Negative,twitter dead im never
twitter,negative,126876956443688960,Thu Oct 20 04:26:38 +0000 2011,Im gonna need #Twitter to get all these problems fixed ASAP.,Negative,im gonna need twitter get problem fixed asap
twitter,negative,126876682207502336,Thu Oct 20 04:25:32 +0000 2011,#Twitter'sMalfunctioningAgain,Negative,twittersmalfunctioningagain
twitter,negative,126876493153452032,Thu Oct 20 04:24:47 +0000 2011,#Twitter is blowing me ; I can't see my retweets ;(,Negative,twitter blowing cant see retweets
twitter,negative,126876140269862912,Thu Oct 20 04:23:23 +0000 2011,Man #Twitter Is Gettin #BORING,Negative,man twitter gettin boring
twitter,negative,126876046028050432,Thu Oct 20 04:23:01 +0000 2011,#twitter app also doesn't show me the conversation when I touch a tweet.,Negative,twitter app also doesnt show conversation touch tweet
twitter,negative,126875653210521600,Thu Oct 20 04:21:27 +0000 2011,Anyone else having trouble with the (i)Pad #twitter app not updating @'s? I get notified but can't see them in the app.,Negative,anyone else trouble ipad twitter app updating get notified cant see app
twitter,negative,126874389210861568,Thu Oct 20 04:16:26 +0000 2011,"@Licia0321 Damn what the hell, I think my #Twitter might need a damn #Exorcist!!",Negative,damn hell think twitter might need damn exorcist
twitter,negative,126873912624693249,Thu Oct 20 04:14:32 +0000 2011,#Twitter got me all messed up everytime i compose a text msg i get stressed I only have 140 caracteres! all dis networkin is gettin confusin,Negative,twitter got messed everytime compose text msg get stressed caracteres dis networkin gettin confusin
twitter,negative,126873860745330689,Thu Oct 20 04:14:20 +0000 2011,"@8Sunni Yeah shit happens, #Twitter is a real whore sometimes!",Negative,yeah shit happens twitter real whore sometimes
twitter,negative,126872492118769664,Thu Oct 20 04:08:53 +0000 2011,#Twitter is Fawkin up!!!,Negative,twitter fawkin
twitter,negative,126872316142559232,Thu Oct 20 04:08:12 +0000 2011,#twitter show my fuckin retweets bitch,Negative,twitter show fuckin retweets bitch
twitter,negative,126872265328562176,Thu Oct 20 04:07:59 +0000 2011,RT @FucknWithFatty: #Twitter needs to get their shit together cause they fucking up! I'm not getting my RT's or mentions. -______________-,Negative,rt twitter need get shit together cause fucking im getting rts mention
twitter,negative,126871878886363136,Thu Oct 20 04:06:27 +0000 2011,#twitter is sooo trash ritenow with all dezz #highscoolmemories -__-,Negative,twitter sooo trash ritenow dezz highscoolmemories
twitter,negative,126871286545788928,Thu Oct 20 04:04:06 +0000 2011,WHY DFF IS #TWITTER STILL LAGGIN ON SHOWIN WHO RETWEETS UR SHITT,Negative,dff twitter still laggin showin retweets ur shitt
twitter,negative,126870923591692288,Thu Oct 20 04:02:39 +0000 2011,People should be more interesting on #facebook and #twitter at midnight. I'm getting bored.,Negative,people interesting facebook twitter midnight im getting bored
twitter,negative,126870920018137088,Thu Oct 20 04:02:39 +0000 2011,"Tried explaining #Twitter to my mom, but her ""why would you want to do that?"" argument was pretty bulletproof. #igiveup",Negative,tried explaining twitter mom would want argument pretty bulletproof igiveup
twitter,negative,126870745258266626,Thu Oct 20 04:01:57 +0000 2011,#twitter is a fad. Was addicted now I don't rly care.,Negative,twitter fad addicted dont rly care
twitter,negative,126870358816067584,Thu Oct 20 04:00:25 +0000 2011,"RT @mixedchik22: #Twitter.... Side Affects include: Procrastination, No Sleep, Unable to Focus on ANYTHING, Subtweeting, RT, TT, and Low ...",Negative,rt twitter side affect include procrastination sleep unable focus anything subtweeting rt tt low
twitter,negative,126870162510057473,Thu Oct 20 03:59:38 +0000 2011,"Okay #Twitter, it'd be muchhh appreciated if you could start working on my computer soon.",Negative,okay twitter itd muchhh appreciated could start working computer soon
twitter,negative,126869855621218304,Thu Oct 20 03:58:25 +0000 2011,"#Twitter.... Side Affects include: Procrastination, No Sleep, Unable to Focus on ANYTHING, Subtweeting, RT, TT, and Low Batteries",Negative,twitter side affect include procrastination sleep unable focus anything subtweeting rt tt low battery
twitter,negative,126869842769870848,Thu Oct 20 03:58:22 +0000 2011,RT @nagoul1: #Retweets section of my #twitter account has not been working for 17 hours! Is Everyone else having this problem? #RT #RTs,Negative,rt retweets section twitter account working hour everyone else problem rt rts
twitter,negative,126869706639544320,Thu Oct 20 03:57:49 +0000 2011,#Retweets section of my #twitter account has not been working for 17 hours! Is Everyone else having this problem? #RT #RTs,Negative,retweets section twitter account working hour everyone else problem rt rts
twitter,negative,126869466054275073,Thu Oct 20 03:56:52 +0000 2011,for some reason #twitter isnt allowing me to see my tweets that got retweeted.,Negative,reason twitter isnt allowing see tweet got retweeted
twitter,negative,126869063023607808,Thu Oct 20 03:55:16 +0000 2011,Good lord #twitter send my bloody tweets! #ihateyourightnow,Negative,good lord twitter send bloody tweet ihateyourightnow
twitter,negative,126869039233511425,Thu Oct 20 03:55:10 +0000 2011,I feel all alone on #twitter. #itstolate,Negative,feel alone twitter itstolate
twitter,negative,126868993263943682,Thu Oct 20 03:54:59 +0000 2011,So im about to make another #twitter account since this one fucked up,Negative,im make another twitter account since one fucked
twitter,negative,126868622026080256,Thu Oct 20 03:53:31 +0000 2011,"My DM's Come in So Fucking Late, Damn #Twitter",Negative,dm come fucking late damn twitter
twitter,negative,126868404182319105,Thu Oct 20 03:52:39 +0000 2011,"Yep it's official, my tweets that get RT'd aren't showing me when they get RT'd. Dammit #Twitter, sometimes it's #Love/Hate thing we have!!",Negative,yep official tweet get rtd arent showing get rtd dammit twitter sometimes lovehate thing
twitter,negative,126867983455879168,Thu Oct 20 03:50:59 +0000 2011,@MsTapoutBarbie Yep figured my shit is jacked. Dammit #Twitter!!,Negative,yep figured shit jacked dammit twitter
twitter,negative,126867876115259394,Thu Oct 20 03:50:33 +0000 2011,dear @twitter / #twitter FIX YOUR SHIT. we cant see our retweets or mentions!,Negative,dear twitter fix shit cant see retweets mention
twitter,negative,126867543955738624,Thu Oct 20 03:49:14 +0000 2011,#Twitter got DEAD as fuck all of a sudden!!!,Negative,twitter got dead fuck sudden
twitter,negative,126867446220062720,Thu Oct 20 03:48:50 +0000 2011,I HATE #TWITTER,Negative,hate twitter
twitter,negative,126866560756363264,Thu Oct 20 03:45:19 +0000 2011,My #Twitter acting funnyyyyyyy....,Negative,twitter acting funnyyyyyyy
twitter,negative,126866003094290434,Thu Oct 20 03:43:06 +0000 2011,still not quite sure how to use this/what the point of it is... #twitter? #idontunderstand,Negative,still quite sure use thiswhat point twitter idontunderstand
twitter,negative,126865431142219776,Thu Oct 20 03:40:50 +0000 2011,#twitter why must you be so difficult?,Negative,twitter must difficult
twitter,negative,126864648577351681,Thu Oct 20 03:37:43 +0000 2011,Thank you #twitter for not giving me the 10 tweets that have been tweeted at me in the past 3 days! Lol #blameitontheiphone #ineedtoupdate,Negative,thank twitter giving tweet tweeted past day lol blameitontheiphone ineedtoupdate
twitter,negative,126864610446942209,Thu Oct 20 03:37:34 +0000 2011,#Twitter is messed up followers keep switching to same numbers -___- #FIXIT!,Negative,twitter messed follower keep switching number fixit
twitter,negative,126864575508381696,Thu Oct 20 03:37:26 +0000 2011,I need to get off #twitter,Negative,need get twitter
twitter,negative,126864510194683904,Thu Oct 20 03:37:10 +0000 2011,RT @Prettynesz: #twitter still not showin my mothafuckin #retweets . .,Negative,rt twitter still showin mothafuckin retweets
twitter,negative,126864059206336513,Thu Oct 20 03:35:23 +0000 2011,#Twitter timeline and mentions up the shit :(,Negative,twitter timeline mention shit
twitter,negative,126862065649459200,Thu Oct 20 03:27:28 +0000 2011,So much garbage. #Twitter,Negative,much garbage twitter
twitter,negative,126861410864087042,Thu Oct 20 03:24:51 +0000 2011,Who the hell uses #twitter on a tv man. #panasonic #epicfail.,Negative,hell us twitter tv man panasonic epicfail
twitter,negative,126861382078578688,Thu Oct 20 03:24:45 +0000 2011,#twitter still not showin my mothafuckin #retweets . .,Negative,twitter still showin mothafuckin retweets
twitter,negative,126861309185761280,Thu Oct 20 03:24:27 +0000 2011,#stupid fucking #Twitter #Twitterapp give me my Damn #mentions NOOWWWWWW!!!!! UGH! #DRAWLIN AS ALWAYS #TMW #PROMOALLDAY #FOLLOWLIMITISGAY TO,Negative,stupid fucking twitter twitterapp give damn mention noowwwwww ugh drawlin always tmw promoallday followlimitisgay
twitter,negative,126861228797722624,Thu Oct 20 03:24:08 +0000 2011,RT @JolieeSharmeda #twitter be fucking up,Negative,rt twitter fucking
twitter,negative,126859898897174528,Thu Oct 20 03:18:51 +0000 2011,"@KushKitty420 you, #Facebook #twitter and the #tv are all #distractions whenever I wanna study ;(",Negative,facebook twitter tv distraction whenever wanna study
twitter,negative,126858852976181250,Thu Oct 20 03:14:42 +0000 2011,"RT @VanillaLatte_xD: #omfg .. #Twitter , Why fxck up ? I wanna see my Retweets ""/",Negative,rt omfg twitter fxck wanna see retweets
twitter,negative,126858607789740032,Thu Oct 20 03:13:43 +0000 2011,"RT @nicolebanyots: #twitter UH, SHOW ME MY RETWEETS, OR ILL GO BACK TO FACEBOOK. K? K.",Negative,rt twitter uh show retweets ill go back facebook
twitter,neutral,126883719368818688,Thu Oct 20 04:53:30 +0000 2011,".@chrispirillo Re. #twitter 1,402,239 positive opinions http://t.co/uUd7ea3v? vs. 688,546 negative http://t.co/Q7Kf5xKz?",Neutral,twitter positive opinion v negative
twitter,neutral,126883711131201536,Thu Oct 20 04:53:28 +0000 2011,"""@ClearlyCassi_: I'll never forget the day we met, or how we kissed the first time."" /// I met you on #twitter and I haven't kiss you yet :p",Neutral,ill never forget day met kissed first time met twitter havent kiss yet
twitter,neutral,126883672682004480,Thu Oct 20 04:53:19 +0000 2011,RT @Sour_D_Reyyy: @obsexxed69 got one of the dopest blogs on #Twitter and #Tumblr...#RealTalk,Neutral,rt got one dopest blog twitter tumblrrealtalk
twitter,neutral,126883640671076352,Thu Oct 20 04:53:11 +0000 2011,RT @Str8Talk123: Need to step my #twitter game! Where is #teamfollowback #miami #ff  @JAYSCANDRETH  @WhatupHOE1211,Neutral,rt need step twitter game teamfollowback miami ff
twitter,neutral,126883630369882112,Thu Oct 20 04:53:09 +0000 2011,"Caramba, a mais de 4 dias ninguem fala em mim ou de mim aki no #twitter. Nem mesmo minha noiva. #Fuieskecido...",Neutral,caramba mais de dia ninguem fala em mim ou de mim aki twitter nem mesmo minha noiva fuieskecido
twitter,neutral,126883597239066625,Thu Oct 20 04:53:01 +0000 2011,@codytigernord Just a reminder that you fail on #twitter,Neutral,reminder fail twitter
twitter,neutral,126883517706674176,Thu Oct 20 04:52:42 +0000 2011,RT @ThisIsYunGFRESH: JOIN OUR #TT ON #TWITTER FOLLOW @ThisIsYungFRESH & @macDej #TT #RatchetSymptoms,Neutral,rt join tt twitter follow tt ratchetsymptoms
twitter,neutral,126883457614884864,Thu Oct 20 04:52:28 +0000 2011,"Sneaky, sneaky. Seven ways to spy on your competition, using #Twitter - http://t.co/RxopvNGQ - via @ruhanirabin @AskAaronLee",Neutral,sneaky sneaky seven way spy competition using twitter via
twitter,neutral,126883452820783104,Thu Oct 20 04:52:27 +0000 2011,"People on #Twitter n #Facebook all day, wat are you really doin wit yo life....#ImJusAskin",Neutral,people twitter facebook day wat really doin wit yo lifeimjusaskin
twitter,neutral,126883438954422274,Thu Oct 20 04:52:23 +0000 2011,My cuz @Robbase101 is new to #twitter drop him a follow and show him some love. Esp if you like #Canes #Jets #Yankees & #Knicks #sports,Neutral,cuz new twitter drop follow show love esp like cane jet yankee knicks sport
twitter,neutral,126883335875203072,Thu Oct 20 04:51:59 +0000 2011,#ThingsWeAllHate  false advertisement via #twitter lol,Neutral,thingsweallhate false advertisement via twitter lol
twitter,neutral,126883224587739136,Thu Oct 20 04:51:32 +0000 2011,RT......zZzZzZzZzZzZzZzZzZzZ...... #Twitter off,Neutral,rtzzzzzzzzzzzzzzzzzzzz twitter
twitter,neutral,126883185396170752,Thu Oct 20 04:51:23 +0000 2011,Ha! Even #twitter is telling me we're meant to be!,Neutral,ha even twitter telling meant
twitter,neutral,126883158942695425,Thu Oct 20 04:51:17 +0000 2011,Sleep time. #twitter off,Neutral,sleep time twitter
twitter,neutral,126883124595527681,Thu Oct 20 04:51:08 +0000 2011,#Twitter should have Emoticons,Neutral,twitter emoticon
twitter,neutral,126882970811379712,Thu Oct 20 04:50:32 +0000 2011,JOIN OUR #TT ON #TWITTER FOLLOW @ThisIsYungFRESH & @macDej #TT #RatchetSymptoms,Neutral,join tt twitter follow tt ratchetsymptoms
twitter,neutral,126882885553758208,Thu Oct 20 04:50:11 +0000 2011,Welp! Meh nd @RenaeDaniels Bout tah Call it ah Niqht Nite #Twitter,Neutral,welp meh nd bout tah call ah niqht nite twitter
twitter,neutral,126882832319651840,Thu Oct 20 04:49:59 +0000 2011,"I wanna make the goose bump on your inner thigh show 
#twitter after dark ;)",Neutral,wanna make goose bump inner thigh show twitter dark
twitter,neutral,126882800585539585,Thu Oct 20 04:49:51 +0000 2011,Going in :( #work. Break at 2:30 and 5:30 #twitter time. See ya'll in the #am,Neutral,going work break twitter time see yall
twitter,neutral,126882730154803200,Thu Oct 20 04:49:34 +0000 2011,"01:50 no #msn e no #twitter 
e #Facebook.",Neutral,msn twitter facebook
twitter,neutral,126882726061146112,Thu Oct 20 04:49:33 +0000 2011,@kaiylw0lf So #Tumblr is way more addictive than #Twitter... but i still love both of them. and they can coincide with each other! #bromance,Neutral,tumblr way addictive twitter still love coincide bromance
twitter,neutral,126882653893967872,Thu Oct 20 04:49:16 +0000 2011,Boaa noite #twitter *-*,Neutral,boaa noite twitter
twitter,neutral,126882617843924992,Thu Oct 20 04:49:08 +0000 2011,#TroyHopson needs a #twitter. Swear,Neutral,troyhopson need twitter swear
twitter,neutral,126882559522111488,Thu Oct 20 04:48:54 +0000 2011,@D_REALRogers BE SLEEP N WHO NOEZ WHERE I BE BUT HOW IT's it U so called sleep but every 5 sec u got a new #twitter post up #btfu,Neutral,sleep noez called sleep every sec got new twitter post btfu
twitter,neutral,126882542610690049,Thu Oct 20 04:48:50 +0000 2011,My #twitter age is 1 year 19 days 13 hours 37 minutes 17 seconds. Find out yours at http://t.co/XhRUA9Dz #twittertime,Neutral,twitter age year day hour minute second find twittertime
twitter,neutral,126882493059170304,Thu Oct 20 04:48:38 +0000 2011,#Twitter Off!,Neutral,twitter
twitter,neutral,126882453943103488,Thu Oct 20 04:48:29 +0000 2011,@OFA_IA @BarackObama #itheperson wld like all gov reps 2 have the date and state they reside in posted on their #twitter pic. 4 #wethepeople,Neutral,itheperson wld like gov rep date state reside posted twitter pic wethepeople
twitter,neutral,126882427661582336,Thu Oct 20 04:48:22 +0000 2011,Yooooooo #twitter ! @NowThatsBASIC_ is the new #AmberCole who wanna go 1st ? ayyeee she does this shit for a living .,Neutral,yooooooo twitter new ambercole wanna go st ayyeee shit living
twitter,neutral,126882349588815873,Thu Oct 20 04:48:04 +0000 2011,RT @yaksys: My #twitter age is 1 year 243 days 22 hours 31 minutes 44 seconds. Find out yours at http://t.co/dniOkchP #twittertime,Neutral,rt twitter age year day hour minute second find twittertime
twitter,neutral,126882248644493312,Thu Oct 20 04:47:40 +0000 2011,@PrettyFuckn_Lee Welcum too #Twitter Cuz ;),Neutral,welcum twitter cuz
twitter,neutral,126882244982878208,Thu Oct 20 04:47:39 +0000 2011,1*Birthday* Shout-Out to 2 of my favorite people on #twitter!! @lizpope & @TheTinyJEWELBox Happy Birthday girls!,Neutral,birthday shoutout favorite people twitter happy birthday girl
twitter,neutral,126882193967550464,Thu Oct 20 04:47:27 +0000 2011,@ThatsRealTalkin I'm doing the Tallman #Twitter list for fun!! I just wanna see how many men 6'3 and up are on Twitter! It's just for fun :),Neutral,im tallman twitter list fun wanna see many men twitter fun
twitter,neutral,126882122077184000,Thu Oct 20 04:47:09 +0000 2011,RT @zaibatsu: Should You Follow Back On Twitter? http://t.co/4Wwdy96I #sm #twitter,Neutral,rt follow back twitter sm twitter
twitter,neutral,126882090343079937,Thu Oct 20 04:47:02 +0000 2011,A nigga can't even go to sleep nd wake up good ppl be trip'n over #Twitter,Neutral,nigga cant even go sleep nd wake good ppl tripn twitter
twitter,neutral,126882054259474432,Thu Oct 20 04:46:53 +0000 2011,I really dnt like to #follow people who never on #twitter,Neutral,really dnt like follow people never twitter
twitter,neutral,126881996629753856,Thu Oct 20 04:46:40 +0000 2011,"“@JTBrownn: #Twitter are freaking kidding #wth .. http://t.co/Mgn9GzZ1”
Haha wow",Neutral,twitter freaking kidding wth haha wow
twitter,neutral,126881960416120832,Thu Oct 20 04:46:31 +0000 2011,"8am dentist appointment, i really should be going to bed...#makesnomovetogetupfromcomputer #twitter",Neutral,dentist appointment really going bedmakesnomovetogetupfromcomputer twitter
twitter,neutral,126881887049351168,Thu Oct 20 04:46:13 +0000 2011,#Twitter'OFF,Neutral,twitteroff
twitter,neutral,126881736364785664,Thu Oct 20 04:45:37 +0000 2011,My #twitter age is 1 year 65 days 18 hours 47 minutes 24 seconds. Find out yours at http://t.co/tQMSBDrx #twittertime,Neutral,twitter age year day hour minute second find twittertime
twitter,neutral,126881682266652672,Thu Oct 20 04:45:25 +0000 2011,RT @D_SNAPS: RT @Charlielace Instead of updating your #Twitter why don't you update your life!,Neutral,rt rt instead updating twitter dont update life
twitter,neutral,126881626583076864,Thu Oct 20 04:45:11 +0000 2011,@MauroGarcia92 dale ok..!solo #twitter !!,Neutral,dale oksolo twitter
twitter,neutral,126881596086288385,Thu Oct 20 04:45:04 +0000 2011,Good Night #Twitter.,Neutral,good night twitter
twitter,neutral,126881589606105089,Thu Oct 20 04:45:02 +0000 2011,RT @twinkleG_ray: Quit acting all hard. It's only #twitter,Neutral,rt quit acting hard twitter
twitter,neutral,126881580521234432,Thu Oct 20 04:45:00 +0000 2011,@ManwitPURPOSE50 what are you doing now on #twitter????,Neutral,twitter
twitter,neutral,126881523755528192,Thu Oct 20 04:44:47 +0000 2011,@IDGAFBoutYou llssss.yea I kno.lol.I ain't been fuckin wit dis joint.I guess #twitter missed me tho huh.slsss.lol,Neutral,llssssyea knololi aint fuckin wit dis jointi guess twitter missed tho huhslssslol
twitter,neutral,126881380503273472,Thu Oct 20 04:44:13 +0000 2011,Why do I always blow up #twitter at like 1am? #sorryfollowers,Neutral,always blow twitter like sorryfollowers
twitter,neutral,126881317894893568,Thu Oct 20 04:43:58 +0000 2011,@sarahhjessica your seriously addicted 2 #twitter,Neutral,seriously addicted twitter
twitter,neutral,126881309015539712,Thu Oct 20 04:43:56 +0000 2011,WHTS GOIN ON #TWITTER FAM,Neutral,whts goin twitter fam
twitter,neutral,126881203642040320,Thu Oct 20 04:43:30 +0000 2011,Raza Abbas NumeroUno :: (RazaNumeroUno) : thanks for #following me on #Twitter! Happy Tweeting !!!,Neutral,raza abbas numerouno razanumerouno thanks following twitter happy tweeting
twitter,neutral,126881167541665792,Thu Oct 20 04:43:22 +0000 2011,RT @smart__reMarks RT @Its_kcheese: some stuff you only find on #TWITTER lolz &lt;---- LMAO,Neutral,rt rt stuff find twitter lolz lt lmao
twitter,neutral,126881136398962688,Thu Oct 20 04:43:14 +0000 2011,Lls. && im actually tlkin about #twitter,Neutral,lls im actually tlkin twitter
twitter,neutral,126881090446163968,Thu Oct 20 04:43:03 +0000 2011,"Thanks 2 my new #Twitter connections! @ecogreenvalet1,@brunodgama,@inez260,@moniqueprothero,@leviti09,@ChristyJBPL,@TonyMicheal, Chk Em Out!",Neutral,thanks new twitter connection chk em
twitter,neutral,126881073366958080,Thu Oct 20 04:42:59 +0000 2011,"Yu cant answer , But yu can b on #Fb Nd #Twitter",Neutral,yu cant answer yu fb nd twitter
twitter,neutral,126881072167399425,Thu Oct 20 04:42:59 +0000 2011,Twitter Buzz Builds for the Occupy Wall Street Movement [CHARTS] http://t.co/h8geayT5 #twitter,Neutral,twitter buzz build occupy wall street movement chart twitter
twitter,neutral,126880978273697792,Thu Oct 20 04:42:37 +0000 2011,I don't see the point of following a news station on #twitter if there's breaking news people are gunna tweet about it anyway #obvs,Neutral,dont see point following news station twitter there breaking news people gunna tweet anyway obvs
twitter,neutral,126880926268526592,Thu Oct 20 04:42:24 +0000 2011,on oovoo with @_LoveIsThe_Ki dumb ass #excuseme #twitter,Neutral,oovoo dumb as excuseme twitter
twitter,neutral,126880883822166017,Thu Oct 20 04:42:14 +0000 2011,RT @Its_kcheese: some stuff you only find on #TWITTER lolz,Neutral,rt stuff find twitter lolz
twitter,neutral,126880854361391104,Thu Oct 20 04:42:07 +0000 2011,Quit acting all hard. It's only #twitter,Neutral,quit acting hard twitter
twitter,neutral,126880672190185472,Thu Oct 20 04:41:24 +0000 2011,@DylawnWard 100 tweets already? Damn son #twitter #whore #twitwhore #gi #get #it?,Neutral,tweet already damn son twitter whore twitwhore gi get
twitter,neutral,126880656352481280,Thu Oct 20 04:41:20 +0000 2011,"""@socialfans: Top Twitter Related Sites http://t.co/JoDmoruF #design"" #twitter",Neutral,top twitter related site design twitter
twitter,neutral,126880621170659328,Thu Oct 20 04:41:12 +0000 2011,#Follow my main #Twitter @AikoChristine need more #followers help me get to 500,Neutral,follow main twitter need follower help get
twitter,neutral,126880571233280000,Thu Oct 20 04:41:00 +0000 2011,High as a mother fucker I'm addicted to #Twitter can't even go to sleep lol,Neutral,high mother fucker im addicted twitter cant even go sleep lol
twitter,neutral,126880481361920000,Thu Oct 20 04:40:38 +0000 2011,RT @BigMelo216_TSA: On da phone wit @AllThisASS & she was HAPPY AF!!! she got out #Twitter JAIL! thirsty lol,Neutral,rt da phone wit happy af got twitter jail thirsty lol
twitter,neutral,126880429256093696,Thu Oct 20 04:40:26 +0000 2011,RT @MonicaaC_: Damn tired! .. Need some rest! Night #twitter,Neutral,rt damn tired need rest night twitter
twitter,neutral,126880399912742912,Thu Oct 20 04:40:19 +0000 2011,"I just installed the new Twidroyd for #Twitter on my #Android Phone - It's #Free, give it a try. http://t.co/Xm2blIfC",Neutral,installed new twidroyd twitter android phone free give try
twitter,neutral,126880329913995264,Thu Oct 20 04:40:02 +0000 2011,"Can an algorithm be wrong? #Twitter Trends, the specter of #censorship, and our faith in the algorithms around us http://t.co/3NxZT7hd",Neutral,algorithm wrong twitter trend specter censorship faith algorithm around u
twitter,neutral,126880253145657344,Thu Oct 20 04:39:44 +0000 2011,SO I HAD HER MAKE A #TWITTER SHE'S HOT & SEXY EVERY ONE FOLLOW ONE 1 MA NEW FOLLOWER'S @Rocioo08 LEGOOO! ! !,Neutral,make twitter shes hot sexy every one follow one new follower legooo
twitter,neutral,126880223433195520,Thu Oct 20 04:39:37 +0000 2011,@STARANDDRAMA & JAMMERS302 BE #KILLIN #TWITTER #FOLLOW US,Neutral,jammer killin twitter follow u
twitter,neutral,126880178705141762,Thu Oct 20 04:39:26 +0000 2011,Zzzzzzzzzzzz... #night #Twitter #GodBless,Neutral,zzzzzzzzzzzz night twitter godbless
twitter,neutral,126880108718989313,Thu Oct 20 04:39:09 +0000 2011,Adult swim #twitter,Neutral,adult swim twitter
twitter,neutral,126880102226206720,Thu Oct 20 04:39:08 +0000 2011,"RT ""@RobyQQ: Your #Twitter followers either like you for your sense of humor or sex appeal."" -- I guess, I'm funny then... LOL!",Neutral,rt twitter follower either like sense humor sex appeal guess im funny lol
twitter,neutral,126880068252336128,Thu Oct 20 04:39:00 +0000 2011,Did a couple of changes..#Twitter,Neutral,couple changestwitter
twitter,neutral,126880036488880128,Thu Oct 20 04:38:52 +0000 2011,So im chillin at work finally gettin a chance 2 be on #Twitter wat I miss so far?¿,Neutral,im chillin work finally gettin chance twitter wat miss far
twitter,neutral,126880035507412992,Thu Oct 20 04:38:52 +0000 2011,My #twitter age is 1 year 243 days 22 hours 31 minutes 44 seconds. Find out yours at http://t.co/dniOkchP #twittertime,Neutral,twitter age year day hour minute second find twittertime
twitter,neutral,126880030486822912,Thu Oct 20 04:38:51 +0000 2011,#TWITTER OFF.,Neutral,twitter
twitter,neutral,126880007741128704,Thu Oct 20 04:38:45 +0000 2011,RT @alibabaoglan: Presentation: 7 Best Ideas to Use #Twitter More Efficiently - http://t.co/AYMeFITC #howto,Neutral,rt presentation best idea use twitter efficiently howto
twitter,neutral,126879867731062784,Thu Oct 20 04:38:12 +0000 2011,"Need to study vocabb :/ 
#twitter addicted",Neutral,need study vocabb twitter addicted
twitter,neutral,126879759866142720,Thu Oct 20 04:37:46 +0000 2011,Nite #twitter,Neutral,nite twitter
twitter,neutral,126879759316697088,Thu Oct 20 04:37:46 +0000 2011,@SGarney I put the picture up on #twitter. I did it cause everyone on twitter is cool and your not. #getsamanthaofftwittereveryone,Neutral,put picture twitter cause everyone twitter cool getsamanthaofftwittereveryone
twitter,neutral,126879729189011457,Thu Oct 20 04:37:39 +0000 2011,My #twitter age is 1 year 325 days 10 hours 18 minutes 7 seconds. Find out yours at http://t.co/0zAtZhKP #twittertime,Neutral,twitter age year day hour minute second find twittertime
twitter,neutral,126879677737480192,Thu Oct 20 04:37:27 +0000 2011,Put your twitter on autopilot and let it gain followers for you!! http://t.co/hze1TqAl #TeamFollowBack #Twitter #autopilot #1000aday 21,Neutral,put twitter autopilot let gain follower teamfollowback twitter autopilot aday
twitter,neutral,126879608120418305,Thu Oct 20 04:37:10 +0000 2011,yeah im gon #twitter but fuck wit me....,Neutral,yeah im gon twitter fuck wit
twitter,neutral,126879548687130624,Thu Oct 20 04:36:57 +0000 2011,@simonsays_payme @KaleMurphy @chatoney #twitter addict.. Tweeting while being a Lil BITCH #jerkoffmore #KYS #SMILE http://t.co/7JDvu514,Neutral,twitter addict tweeting lil bitch jerkoffmore ky smile
twitter,neutral,126879506521792513,Thu Oct 20 04:36:46 +0000 2011,#JustBecause you got a few followers on #twitter don't make you a celebrity,Neutral,justbecause got follower twitter dont make celebrity
twitter,neutral,126879491124506624,Thu Oct 20 04:36:42 +0000 2011,"People that do this "" #This #Is #My #Twitter "" and pound everything. Needs to delete their Twitter.",Neutral,people twitter pound everything need delete twitter
twitter,neutral,126879484736585729,Thu Oct 20 04:36:41 +0000 2011,RT @Jackiebaaby_: #'s are  #for #twitter #NOT #facebook. Duuuuhhh,Neutral,rt twitter facebook duuuuhhh
twitter,neutral,126879463450488832,Thu Oct 20 04:36:36 +0000 2011,@_ahooten23 welcomee to #twitter,Neutral,welcomee twitter
twitter,neutral,126879462041206784,Thu Oct 20 04:36:35 +0000 2011,Finally off to bed..Nighty night #twitter world!,Neutral,finally bednighty night twitter world
twitter,neutral,126879413013987328,Thu Oct 20 04:36:24 +0000 2011,Twitter Buzz Builds for the Occupy Wall Street Movement [CHARTS] #twitter #occupywallstreet #teamfollowback #autofollow http://t.co/IRYn5Vis,Neutral,twitter buzz build occupy wall street movement chart twitter occupywallstreet teamfollowback autofollow
twitter,neutral,126879328712658944,Thu Oct 20 04:36:03 +0000 2011,RT @Gaabisfc_: My #twitter age is 219 days 12 hours 26 minutes 28 seconds. Find out yours at http://t.co/eOCFm1kD #twittertime,Neutral,rt twitter age day hour minute second find twittertime
twitter,neutral,126879257975734272,Thu Oct 20 04:35:47 +0000 2011,According to #twitter I have the same amount of followers as followees....#notgoingtolast,Neutral,according twitter amount follower followeesnotgoingtolast
twitter,neutral,126879221724356608,Thu Oct 20 04:35:38 +0000 2011,#twitter is trippin,Neutral,twitter trippin
twitter,neutral,126879149003509760,Thu Oct 20 04:35:21 +0000 2011,Is there a way that I can post voice notes on #twitter??,Neutral,way post voice note twitter
twitter,neutral,126879122298372097,Thu Oct 20 04:35:14 +0000 2011,"RT @TweezardCom: #twitter Adam Levine Takes Aim at 'Evil' Fox News, Starts Twitter Spat http://t.co/qcYTszff #tweezard",Neutral,rt twitter adam levine take aim evil fox news start twitter spat tweezard
twitter,neutral,126879106347433984,Thu Oct 20 04:35:10 +0000 2011,GN #Twitter Homies,Neutral,gn twitter homies
twitter,neutral,126879073220829184,Thu Oct 20 04:35:03 +0000 2011,I can't believe @mr_malie504 is not on #Twitter,Neutral,cant believe twitter
twitter,neutral,126879068800024576,Thu Oct 20 04:35:01 +0000 2011,@95hm You can directly share your #Facebook photos on #Twitter with http://t.co/wYD5RnxN,Neutral,directly share facebook photo twitter
twitter,neutral,126879028706672640,Thu Oct 20 04:34:52 +0000 2011,@StaceHendrix Pls let us know if you need help w/ music marketing promo. We got #Twitter & #Youtube on lock. http://t.co/EWFffl35,Neutral,pls let u know need help music marketing promo got twitter youtube lock
twitter,neutral,126879022188724224,Thu Oct 20 04:34:50 +0000 2011,@obsexxed69 got one of the dopest blogs on #Twitter and #Tumblr...#RealTalk,Neutral,got one dopest blog twitter tumblrrealtalk
twitter,neutral,126878948561924096,Thu Oct 20 04:34:33 +0000 2011,i aint did shit on #twitter untill every girl of #http://t.co/STr7gO6W following me #goalset lol,Neutral,aint shit twitter untill every girl following goalset lol
twitter,neutral,126878824574095360,Thu Oct 20 04:34:03 +0000 2011,RT @igorlilmonster: My #twitter age is 2 years 153 days 5 hours 6 minutes 25 seconds. Find out yours at http://t.co/NjTHu7tM #twittertime,Neutral,rt twitter age year day hour minute second find twittertime
twitter,neutral,126878811009728513,Thu Oct 20 04:34:00 +0000 2011,#Twitter Off n.n,Neutral,twitter nn
twitter,neutral,126878688682835968,Thu Oct 20 04:33:31 +0000 2011,ALRIGHT I'm going to sleep. #GoodNight #Twitter,Neutral,alright im going sleep goodnight twitter
twitter,neutral,126878622509309952,Thu Oct 20 04:33:15 +0000 2011,@JakeDizzleWins We Need To Speak Sum Real Shit On #Twitter,Neutral,need speak sum real shit twitter
twitter,neutral,126878620953231360,Thu Oct 20 04:33:15 +0000 2011,@PuraGenteBienAv me podrian dar el #face o #twitter del chavito qe siempre traee lentess transparentes le dicn #chicken little x fiiss :),Neutral,podrian dar el face twitter del chavito qe siempre traee lentess transparentes le dicn chicken little fiiss
twitter,neutral,126878545338310656,Thu Oct 20 04:32:57 +0000 2011,woke  up  dis  morning  so  i'm  stil  alive #twitter,Neutral,woke dis morning im stil alive twitter
twitter,neutral,126878539487252480,Thu Oct 20 04:32:55 +0000 2011,"3,2,1,0 #Twitter OFF",Neutral,twitter
twitter,neutral,126878426312351744,Thu Oct 20 04:32:28 +0000 2011,Just because you follow me on #twitter does NOT mean we cool. As you can see I didnt follow yo thirsty ass back. #dummy -.- xD,Neutral,follow twitter mean cool see didnt follow yo thirsty as back dummy xd
twitter,neutral,126878409023426560,Thu Oct 20 04:32:24 +0000 2011,getn off gn #twitter,Neutral,getn gn twitter
twitter,neutral,126878311497474048,Thu Oct 20 04:32:01 +0000 2011,@KylisInATL HEY! Get Back On #Twitter :-),Neutral,hey get back twitter
twitter,neutral,126878176063389696,Thu Oct 20 04:31:29 +0000 2011,RT @Charlielace Instead of updating your #Twitter why don't you update your life!,Neutral,rt instead updating twitter dont update life
twitter,neutral,126878062846554114,Thu Oct 20 04:31:02 +0000 2011,#Occupy #Twitter...Let&#39;s make Twitter a Social Media not a just a Bulletin Board. Engage! Interact! Socialize!,Neutral,occupy twitterlets make twitter social medium bulletin board engage interact socialize
twitter,neutral,126878058278952960,Thu Oct 20 04:31:01 +0000 2011,Put your twitter on autopilot and let it gain followers for you!! http://t.co/hze1TqAl #TeamFollowBack #Twitter #autopilot #1000aday 1,Neutral,put twitter autopilot let gain follower teamfollowback twitter autopilot aday
twitter,neutral,126877998115852288,Thu Oct 20 04:30:46 +0000 2011,Your #Twitter followers either like you for your sense of humor or sex appeal.,Neutral,twitter follower either like sense humor sex appeal
twitter,neutral,126877997717405697,Thu Oct 20 04:30:46 +0000 2011,"facebook oof , #twitter of... night night every1!",Neutral,facebook oof twitter night night every
twitter,neutral,126877971637211136,Thu Oct 20 04:30:40 +0000 2011,"#twitter Adam Levine Takes Aim at 'Evil' Fox News, Starts Twitter Spat http://t.co/dZmPhbut #tweezard",Neutral,twitter adam levine take aim evil fox news start twitter spat tweezard
twitter,neutral,126877965064740864,Thu Oct 20 04:30:38 +0000 2011,#Niggas on here talking bout sharing one condom with his boy to run a train on the same girl only on #twitter you #nasty muthafucka,Neutral,nigga talking bout sharing one condom boy run train girl twitter nasty muthafucka
twitter,neutral,126877936514105344,Thu Oct 20 04:30:32 +0000 2011,@jacobstanton2 #twitter has kind of turned into our #lives,Neutral,twitter kind turned life
twitter,neutral,126877900610875393,Thu Oct 20 04:30:23 +0000 2011,I wanna RT a lot of tweets.. but my app won't work. What's the best #Twitter #App??,Neutral,wanna rt lot tweet app wont work whats best twitter app
twitter,neutral,126877729856557056,Thu Oct 20 04:29:42 +0000 2011,#Twitter FDP,Neutral,twitter fdp
twitter,neutral,126877666040225792,Thu Oct 20 04:29:27 +0000 2011,"@Marlorific well, I feel great about being your first #twitter friend :)",Neutral,well feel great first twitter friend
twitter,neutral,126877629600108544,Thu Oct 20 04:29:18 +0000 2011,How to tweet... like a #celeb ;) http://t.co/cQfsjDwB #twitter,Neutral,tweet like celeb twitter
twitter,neutral,126877612214726657,Thu Oct 20 04:29:14 +0000 2011,"RT @an_anonyma: U can't see who RTed Ur stuff, & this is because of #twitter #censorship? Jeez, people. It's #binaryfaires teaching your ...",Neutral,rt cant see rted ur stuff twitter censorship jeez people binaryfaires teaching
twitter,neutral,126877585488609282,Thu Oct 20 04:29:08 +0000 2011,"Hey I'm doing this, at this place, around this time (you should come). #Twitter",Neutral,hey im place around time come twitter
twitter,neutral,126877557550354433,Thu Oct 20 04:29:01 +0000 2011,I need 2 unfollow some of these wannabe G's! RT @SteveGr8ofTeeZ: RT @The_Kase Do real thugs have #twitter? #confusedbymytimeline  //Hell no.,Neutral,need unfollow wannabe g rt rt real thug twitter confusedbymytimeline hell
twitter,neutral,126877527674322944,Thu Oct 20 04:28:54 +0000 2011,"U can't see who RTed Ur stuff, & this is because of #twitter #censorship? Jeez, people. It's #binaryfaires teaching your vain ass a lesson!",Neutral,cant see rted ur stuff twitter censorship jeez people binaryfaires teaching vain as lesson
twitter,neutral,126877467507040257,Thu Oct 20 04:28:40 +0000 2011,"#Twitter must be sharing, caring, interacting, socializing...Don&#39;t K+ does who ignore you...Give  a K+ to thise who truly are #social",Neutral,twitter must sharing caring interacting socializingdont ignore yougive thise truly social
twitter,neutral,126877420178522113,Thu Oct 20 04:28:28 +0000 2011,#goodmourning #twitter,Neutral,goodmourning twitter
twitter,neutral,126877416630136832,Thu Oct 20 04:28:28 +0000 2011,got my blade for these #twitter streets third shift,Neutral,got blade twitter street third shift
twitter,neutral,126877186689998848,Thu Oct 20 04:27:33 +0000 2011,"RT @callmePinoc: RT @Crazy_Golfer: ""If you lose followers on #Twitter don't worry even Jesus lost followers"" ~Unknown #quote via @smqueue",Neutral,rt rt lose follower twitter dont worry even jesus lost follower unknown quote via
twitter,neutral,126877128204627970,Thu Oct 20 04:27:19 +0000 2011,Ppl emphasize to make thyself look greater then they are! #twitter!,Neutral,ppl emphasize make thyself look greater twitter
twitter,neutral,126877032704507904,Thu Oct 20 04:26:56 +0000 2011,~~~~&gt; RT @RealJaythoven #twitter and #Facebook gone get sumbody beat up mane everybody b so reckless,Neutral,gt rt twitter facebook gone get sumbody beat mane everybody reckless
twitter,neutral,126876948206075904,Thu Oct 20 04:26:36 +0000 2011,Put your twitter on autopilot and let it gain followers for you!! http://t.co/hze1TqAl #TeamFollowBack #Twitter #autopilot #1000aday 25,Neutral,put twitter autopilot let gain follower teamfollowback twitter autopilot aday
twitter,neutral,126876905696796672,Thu Oct 20 04:26:26 +0000 2011,@The_DJ_Show #welcome to #twitter my #friend. #hashtags,Neutral,welcome twitter friend hashtags
twitter,neutral,126876843272974337,Thu Oct 20 04:26:11 +0000 2011,#Twitter #Followers #Free: http://t.co/63VeKuZr,Neutral,twitter follower free
twitter,neutral,126876834548822017,Thu Oct 20 04:26:09 +0000 2011,M'kiite #twitter Off,Neutral,mkiite twitter
twitter,neutral,126876823723315200,Thu Oct 20 04:26:06 +0000 2011,Wishing I can sleep all day 2morrow but I got practice... GN #Twitter,Neutral,wishing sleep day morrow got practice gn twitter
twitter,neutral,126876778806509568,Thu Oct 20 04:25:55 +0000 2011,@Bthompson16 if I was #toocool for #twitter then I wouldn't go on it and as a result my life would be boring so I don't think I am,Neutral,toocool twitter wouldnt go result life would boring dont think
twitter,neutral,126876760062181376,Thu Oct 20 04:25:51 +0000 2011,“@RealJaythoven #twitter and #Facebook gone get sumbody beat up mane everybody b so reckless”,Neutral,twitter facebook gone get sumbody beat mane everybody reckless
twitter,neutral,126876750788567040,Thu Oct 20 04:25:49 +0000 2011,RT @Charlielace: Instead of updating your #Twitter why don't you update your life!,Neutral,rt instead updating twitter dont update life
twitter,neutral,126876736137871361,Thu Oct 20 04:25:45 +0000 2011,"Karate kid, skittles and cranberry juice. Goodnight #twitter",Neutral,karate kid skittle cranberry juice goodnight twitter
twitter,neutral,126876733877133312,Thu Oct 20 04:25:45 +0000 2011,"you got 18 mentions go click on them , run , run , run :::::::: only 1 new ::::: ha ha ha ha #Twitter was kidding with u #Twit2alsh",Neutral,got mention go click run run run new ha ha ha ha twitter kidding twitalsh
twitter,neutral,126876684925415425,Thu Oct 20 04:25:33 +0000 2011,#Twitter OFF ☑,Neutral,twitter
twitter,neutral,126876682928926720,Thu Oct 20 04:25:33 +0000 2011,"RT @SharonHayes: Top 50 #Twitter Acronyms, Abbreviations and Initialisms http://t.co/EQGBHNq6  /via @ruhanirabin",Neutral,rt top twitter acronym abbreviation initialisms via
twitter,neutral,126876593531518976,Thu Oct 20 04:25:11 +0000 2011,"Thank you, me too. Looking forward to reviewing your book @WarrenWhitlock #twitter #authors #socialmedia",Neutral,thank looking forward reviewing book twitter author socialmedia
twitter,neutral,126876559977095168,Thu Oct 20 04:25:03 +0000 2011,#Twitter is hella funny when got people on here you grew up with....lmao,Neutral,twitter hella funny got people grew withlmao
twitter,neutral,126876501755957249,Thu Oct 20 04:24:49 +0000 2011,@THEmattbruening Took your #Twitter virginity. #bitch,Neutral,took twitter virginity bitch
twitter,neutral,126876490364223488,Thu Oct 20 04:24:47 +0000 2011,Instead of updating your #Twitter why don't you update your life!,Neutral,instead updating twitter dont update life
twitter,neutral,126876467631104000,Thu Oct 20 04:24:41 +0000 2011,Top thing you would change about #twitter - go!,Neutral,top thing would change twitter go
twitter,neutral,126876452762296321,Thu Oct 20 04:24:38 +0000 2011,RT @Te_AmoTam: #twitter is not #eharmony,Neutral,rt twitter eharmony
twitter,neutral,126876394339831808,Thu Oct 20 04:24:24 +0000 2011,RT @jeffbullas: Twitter Reveals It’s Latest Growth Numbers http://t.co/SujtK4fS #Twitter #SMM #SocialMedia,Neutral,rt twitter reveals latest growth number twitter smm socialmedia
twitter,neutral,126876099786444800,Thu Oct 20 04:23:14 +0000 2011,My #twitter age is 2 years 160 days 2 hours 28 minutes 32 seconds. Find out yours at http://t.co/3YI2oDVK #twittertime,Neutral,twitter age year day hour minute second find twittertime
twitter,neutral,126876078592638976,Thu Oct 20 04:23:09 +0000 2011,WordPress Plugin - 2-Klicks-Button -... http://t.co/UjIvD1xu #2-Klicks-Button #Facebook #Google+ #Like #Socialshareprivacy #Twitter,Neutral,wordpress plugin klicksbutton klicksbutton facebook google like socialshareprivacy twitter
twitter,neutral,126876009797656576,Thu Oct 20 04:22:52 +0000 2011,@alexbabb9 Alexthe_ASSholeBabb should be your new #Twitter name,Neutral,alextheassholebabb new twitter name
twitter,neutral,126876004730933250,Thu Oct 20 04:22:51 +0000 2011,#twitter and #Facebook gone get sumbody beat up mane everybody b so reckless,Neutral,twitter facebook gone get sumbody beat mane everybody reckless
twitter,neutral,126875958929145856,Thu Oct 20 04:22:40 +0000 2011,Facebook and #Twitter Off,Neutral,facebook twitter
twitter,neutral,126875958694260736,Thu Oct 20 04:22:40 +0000 2011,@jacobstanton2 you're actually #toocool for #twitter :),Neutral,youre actually toocool twitter
twitter,neutral,126875943284379649,Thu Oct 20 04:22:36 +0000 2011,#twitter is not #eharmony,Neutral,twitter eharmony
twitter,neutral,126875894177480705,Thu Oct 20 04:22:25 +0000 2011,RT @The_Kase Do real thugs have #twitter? #confusedbymytimeline  // Hell no.,Neutral,rt real thug twitter confusedbymytimeline hell
twitter,neutral,126875887093293056,Thu Oct 20 04:22:23 +0000 2011,wow good old classic #HoodMemories some #Classic moments there i had to share on #Twitter,Neutral,wow good old classic hoodmemories classic moment share twitter
twitter,neutral,126875872165769216,Thu Oct 20 04:22:19 +0000 2011,Put your twitter on autopilot and let it gain followers for you!! http://t.co/hze1TqAl #TeamFollowBack #Twitter #autopilot #1000aday 26,Neutral,put twitter autopilot let gain follower teamfollowback twitter autopilot aday
twitter,neutral,126875805505691648,Thu Oct 20 04:22:03 +0000 2011,RT @Lecko_alx: My #twitter age is 2 years 94 days 1 hour 40 minutes 33 seconds. Find out yours at http://t.co/spItzFcx #twittertime,Neutral,rt twitter age year day hour minute second find twittertime
twitter,neutral,126875787818319872,Thu Oct 20 04:21:59 +0000 2011,#Twitter&FBOff,Neutral,twitterfboff
twitter,neutral,126875761469689856,Thu Oct 20 04:21:53 +0000 2011,My #twitter age is 2 years 153 days 5 hours 6 minutes 25 seconds. Find out yours at http://t.co/NjTHu7tM #twittertime,Neutral,twitter age year day hour minute second find twittertime
twitter,neutral,126875734005399552,Thu Oct 20 04:21:46 +0000 2011,"RT @Crazy_Golfer: ""If you lose followers on #Twitter don't worry even Jesus lost followers"" ~Unknown #quote via @smqueue",Neutral,rt lose follower twitter dont worry even jesus lost follower unknown quote via
twitter,neutral,126875692855078912,Thu Oct 20 04:21:37 +0000 2011,Got to do it!RT @ElderMLTillerJr: I am cracking up at @BishopWSThomas advertising for #Twitter LOL,Neutral,got itrt cracking advertising twitter lol
twitter,neutral,126875612341207040,Thu Oct 20 04:21:17 +0000 2011,"I tried to explain why you would do ""The #Twitter "" :   &#8220;The Twitter&#8221;: http://t.co/opjnrXlb @jefferypjacobs",Neutral,tried explain would twitter twitter
twitter,neutral,126875579172663296,Thu Oct 20 04:21:09 +0000 2011,YAAAAAAAAY @BoogieDeBeast made my Tallman #Twitter list standing 6'6 BaYbeeeee,Neutral,yaaaaaaaay made tallman twitter list standing baybeeeee
twitter,neutral,126875562663874560,Thu Oct 20 04:21:06 +0000 2011,Damn tired! .. Need some rest! Night #twitter,Neutral,damn tired need rest night twitter
twitter,neutral,126875457265205248,Thu Oct 20 04:20:40 +0000 2011,RT @Xo_Rosibel_: HEY EVERYBODY THAT HAS A #TWITTER FOLLOW ME NOWW @Aye_Cassandra @TeenSwagQuotess @_FcknJane @autumn_tarbania @Ayoo_Mari ...,Neutral,rt hey everybody twitter follow noww
twitter,neutral,126875416760815616,Thu Oct 20 04:20:31 +0000 2011,#twitter that's wassup ! lol!,Neutral,twitter thats wassup lol
twitter,neutral,126875301157404672,Thu Oct 20 04:20:03 +0000 2011,@jacobstanton2 @Ryan_Burke4 doesn't take much to be cool on #twitter,Neutral,doesnt take much cool twitter
twitter,neutral,126875280018112512,Thu Oct 20 04:19:58 +0000 2011,Getting some blank rows in my #Twitter feed on the website. Are you?,Neutral,getting blank row twitter feed website
twitter,neutral,126875274901065728,Thu Oct 20 04:19:57 +0000 2011,if u couldnt tweet from your phone a lot of people wouldnt be on #twitter -- #broke #fact,Neutral,couldnt tweet phone lot people wouldnt twitter broke fact
twitter,neutral,126875267674284032,Thu Oct 20 04:19:55 +0000 2011,RT @_Shelly: mm but yeo .. #twitter .. free up @_tashaaiWESTEND ! free up @_tashaaiWESTEND ! free up @_tashaaiWESTEND !,Neutral,rt mm yeo twitter free free free
twitter,neutral,126875204772311040,Thu Oct 20 04:19:40 +0000 2011,My #twitter age is 1 year 148 days 1 hour 15 minutes 56 seconds. Find out yours at http://t.co/hcR3FSpD #twittertime,Neutral,twitter age year day hour minute second find twittertime
twitter,neutral,126875183725297664,Thu Oct 20 04:19:35 +0000 2011,"- #twitter please forgive my last slew of tweets I'm having a rough night , but I pray you'll forgive me .#tosleepigo",Neutral,twitter please forgive last slew tweet im rough night pray youll forgive tosleepigo
twitter,neutral,126875160623058944,Thu Oct 20 04:19:30 +0000 2011,Where is #Twitter,Neutral,twitter
twitter,neutral,126875159800987649,Thu Oct 20 04:19:29 +0000 2011,Goodmorning #twitter! :),Neutral,goodmorning twitter
twitter,neutral,126875080084033536,Thu Oct 20 04:19:10 +0000 2011,RT @LIL_HAM05: @Nikki_BoBo #Twitter after dark,Neutral,rt twitter dark
twitter,neutral,126874943341330432,Thu Oct 20 04:18:38 +0000 2011,bye bye #twitter ;),Neutral,bye bye twitter
twitter,neutral,126874922017488896,Thu Oct 20 04:18:33 +0000 2011,@Nikki_BoBo #Twitter after dark,Neutral,twitter dark
twitter,neutral,126874909933711361,Thu Oct 20 04:18:30 +0000 2011,@natemarozzi that's what #Twitter is for,Neutral,thats twitter
twitter,neutral,126874886378496000,Thu Oct 20 04:18:24 +0000 2011,"Hello !!! Centuries past till to write on #twitter !!!
Love you !!! :)",Neutral,hello century past till write twitter love
twitter,neutral,126874883207610368,Thu Oct 20 04:18:24 +0000 2011,"@LOvely_MsToya relaxin, my mind! And #twitter",Neutral,relaxin mind twitter
twitter,neutral,126874847614734336,Thu Oct 20 04:18:15 +0000 2011,"my phone is off......thank GOD.# FUCK SPRINT . IM ON #TWITTER 2NITE
#LINAS",Neutral,phone offthank god fuck sprint im twitter nite linas
twitter,neutral,126874811296251904,Thu Oct 20 04:18:06 +0000 2011,RT @netteo81: RT @nine_oh SIMPLY DA BEST ON #TWITTER MY TWEEPS @jbdancingmachin @EpicQuotesOrg @gowhitedawg (cont) http://t.co/rcpe86Bw,Neutral,rt rt simply da best twitter tweeps cont
twitter,neutral,126874799099219969,Thu Oct 20 04:18:03 +0000 2011,RT @Luisfitq: Ty!RT @nine_oh: SIMPLY DA BEST ON #TWITTER MY TWEEPS @MsCarieFWR @dizzleb19 @LBN_Prod @Federal_and_Co @KimDeanMusic @mscre ...,Neutral,rt tyrt simply da best twitter tweeps
twitter,neutral,126874783756455936,Thu Oct 20 04:18:00 +0000 2011,I figgured if my #twitter Lady-Gems friends get new one's that I can too! =) My New Boo http://t.co/dXN6NpIB,Neutral,figgured twitter ladygems friend get new one new boo
twitter,neutral,126874662268452864,Thu Oct 20 04:17:31 +0000 2011,Ohemgee. Be a follower..... #twitter,Neutral,ohemgee follower twitter
twitter,neutral,126874568655777793,Thu Oct 20 04:17:09 +0000 2011,"How to Keep Up With Over 100,000 #Twitter Followers http://t.co/XD5GST4L for those of you with this many tweeps rock on, i'm not there YET=)",Neutral,keep twitter follower many tweeps rock im yet
twitter,neutral,126874543770976256,Thu Oct 20 04:17:03 +0000 2011,RT @MyHoopDreams: Im Chillin Man  Trying To Stay #Humble Its Just Hard When Niggas Hatin And Pump Fakin  Via #Twitter,Neutral,rt im chillin man trying stay humble hard nigga hatin pump fakin via twitter
twitter,neutral,126874532555399168,Thu Oct 20 04:17:00 +0000 2011,How strategic is our technology agenda? http://t.co/bmeiy5rq #Twitter #Strategy,Neutral,strategic technology agenda twitter strategy
twitter,neutral,126874503455318016,Thu Oct 20 04:16:53 +0000 2011,RT @iGainFollows: Put your twitter on autopilot and let it gain followers for you!! http://t.co/hze1TqAl #TeamFollowBack #Twitter #autop ...,Neutral,rt put twitter autopilot let gain follower teamfollowback twitter autop
twitter,neutral,126874467824697344,Thu Oct 20 04:16:45 +0000 2011,#uberSocial on #blackberry #crackberry is better than the actual #twitter site. It's wack on the iphone. #CoolStoryBro,Neutral,ubersocial blackberry crackberry better actual twitter site wack iphone coolstorybro
twitter,neutral,126874421829971968,Thu Oct 20 04:16:34 +0000 2011,Do real thugs have #twitter? #confusedbymytimeline,Neutral,real thug twitter confusedbymytimeline
twitter,neutral,126874384139948032,Thu Oct 20 04:16:25 +0000 2011,YAAAAAAAAY @Freakbull_ made my Tallman #Twitter standing 6'4 BaYbeeeee,Neutral,yaaaaaaaay made tallman twitter standing baybeeeee
twitter,neutral,126874374077816832,Thu Oct 20 04:16:22 +0000 2011,finally logged back in!!!! what&#39;s up #twitter!!!,Neutral,finally logged back whats twitter
twitter,neutral,126874332176711681,Thu Oct 20 04:16:12 +0000 2011,Put your twitter on autopilot and let it gain followers for you!! http://t.co/hze1TqAl #TeamFollowBack #Twitter #autopilot #1000aday 13,Neutral,put twitter autopilot let gain follower teamfollowback twitter autopilot aday
twitter,neutral,126874244629016576,Thu Oct 20 04:15:51 +0000 2011,#Twitter lies RT @amerikusl I lose all my friends once they get pregnant :-(,Neutral,twitter lie rt lose friend get pregnant
twitter,neutral,126874228296396800,Thu Oct 20 04:15:47 +0000 2011,"RT @nagoul1: Can anyone please explain to us why the #Retweet ""issue"" is happening to many, but not to others? #twitter #tweeting #tweeps",Neutral,rt anyone please explain u retweet issue happening many others twitter tweeting tweeps
twitter,neutral,126874200253276160,Thu Oct 20 04:15:41 +0000 2011,#twitter&facebookOff good night everyone   bye bye,Neutral,twitterfacebookoff good night everyone bye bye
twitter,neutral,126874174722539520,Thu Oct 20 04:15:35 +0000 2011,"Can anyone please explain to us why the #Retweet ""issue"" is happening to many, but not to others? #twitter #tweeting #tweeps",Neutral,anyone please explain u retweet issue happening many others twitter tweeting tweeps
twitter,neutral,126874159606267904,Thu Oct 20 04:15:31 +0000 2011,Why everytime I spazz on #twitter yall think some chick done hurt my feelings..I aint w/ Annette no more.. Lol,Neutral,everytime spazz twitter yall think chick done hurt feelingsi aint annette lol
twitter,neutral,126874138836074497,Thu Oct 20 04:15:26 +0000 2011,Niggas be in they feelings on #twitter hella funny,Neutral,nigga feeling twitter hella funny
twitter,neutral,126874058062184448,Thu Oct 20 04:15:07 +0000 2011,Wowww | Can watching #Twitter trends help predict the future? http://t.co/2bRzlsGc via @zite,Neutral,wowww watching twitter trend help predict future via
twitter,neutral,126874038164393984,Thu Oct 20 04:15:02 +0000 2011,#twitter off :) good night for everybody !,Neutral,twitter good night everybody
twitter,neutral,126873977284079616,Thu Oct 20 04:14:48 +0000 2011,Facebook is becoming trashier and trashier #twitter,Neutral,facebook becoming trashier trashier twitter
twitter,neutral,126873903552405504,Thu Oct 20 04:14:30 +0000 2011,My #twitter age is 2 years 0 days 3 hours 31 minutes 17 seconds. Find out yours at http://t.co/xNCmtWWb #twittertime,Neutral,twitter age year day hour minute second find twittertime
twitter,neutral,126873883172274176,Thu Oct 20 04:14:25 +0000 2011,"RT @SharonHayes: Top 50 #Twitter Acronyms, Abbreviations and Initialisms http://t.co/nEqHcJsY  /via @ruhanirabin",Neutral,rt top twitter acronym abbreviation initialisms via
twitter,neutral,126873866575425536,Thu Oct 20 04:14:21 +0000 2011,«@BigBellyBigCuz RT @Free_Nuttball #fuckyoumean #Pittsburgh don't got the best #twitter.»,Neutral,rt fuckyoumean pittsburgh dont got best twitter
twitter,neutral,126873786715873280,Thu Oct 20 04:14:02 +0000 2011,I don't know why people choose to talk to me on #Twitter! .when you have my number ..!!!!,Neutral,dont know people choose talk twitter number
twitter,neutral,126873686987902976,Thu Oct 20 04:13:38 +0000 2011,GoodNight #Twitter:),Neutral,goodnight twitter
twitter,neutral,126873680654516224,Thu Oct 20 04:13:37 +0000 2011,"watching a ""new"" interview with @L1LD3BB13 giving props to #twitter glad to see her out on her own doing her own thang;",Neutral,watching new interview giving prop twitter glad see thang
twitter,neutral,126873665601146882,Thu Oct 20 04:13:33 +0000 2011,#Facebook Y #Twitter Off xd,Neutral,facebook twitter xd
twitter,neutral,126873546017357825,Thu Oct 20 04:13:05 +0000 2011,Some1 shld create a Business where they take ppl's #twitter streams over a period of time & make them into a nice book. #keepsake #urwelcome,Neutral,shld create business take ppls twitter stream period time make nice book keepsake urwelcome
twitter,neutral,126873484746952705,Thu Oct 20 04:12:50 +0000 2011,THANX ! @DesertBeacon @oldivory @bennettgina @yywhy #TWITTER Love and early #FF in case i cant see ! KEEP IT GOING ! #P2,Neutral,thanx twitter love early ff case cant see keep going
twitter,neutral,126873420192423936,Thu Oct 20 04:12:35 +0000 2011,#Twitter Introduces Free Twitter Web Analytics Tool http://t.co/HdLjWzaw via @HubSpot #reporting,Neutral,twitter introduces free twitter web analytics tool via reporting
twitter,neutral,126873418846044160,Thu Oct 20 04:12:34 +0000 2011,Sleep. Finally. #Twitter,Neutral,sleep finally twitter
twitter,neutral,126873366304010240,Thu Oct 20 04:12:22 +0000 2011,Trying to identify a #constantcontact expert - anyone on #twitter?,Neutral,trying identify constantcontact expert anyone twitter
twitter,neutral,126873364173299712,Thu Oct 20 04:12:21 +0000 2011,Bedtime good night #twitter #goodnightworld,Neutral,bedtime good night twitter goodnightworld
twitter,neutral,126873323014590464,Thu Oct 20 04:12:12 +0000 2011,I'm goin 2 bed #TWITTER dead tonight,Neutral,im goin bed twitter dead tonight
twitter,neutral,126873153015263233,Thu Oct 20 04:11:31 +0000 2011,"Top 50 #Twitter Acronyms, Abbreviations and Initialisms http://t.co/nEqHcJsY  /via @ruhanirabin",Neutral,top twitter acronym abbreviation initialisms via
twitter,neutral,126873062439260160,Thu Oct 20 04:11:09 +0000 2011,@SincerelytiGG_ I guess dat wat #twitter does lol,Neutral,guess dat wat twitter lol
twitter,neutral,126873003920330752,Thu Oct 20 04:10:55 +0000 2011,Tired A'f &gt;.&lt; #Twitter Off,Neutral,tired af gtlt twitter
twitter,neutral,126873001198239744,Thu Oct 20 04:10:55 +0000 2011,Goodnight #twitter ,Neutral,goodnight twitter
twitter,neutral,126872982315474945,Thu Oct 20 04:10:50 +0000 2011,Ok so my #EX girlfriend hacked my #TWITTER this should be funny,Neutral,ok ex girlfriend hacked twitter funny
twitter,neutral,126872958068207616,Thu Oct 20 04:10:45 +0000 2011,RT @Free_Nuttball: #fuckyoumean #Pittsburgh don't got the best #twitter.,Neutral,rt fuckyoumean pittsburgh dont got best twitter
twitter,neutral,126872890007236608,Thu Oct 20 04:10:28 +0000 2011,RT @Free_Nuttball #fuckyoumean #Pittsburgh don't got the best #twitter.,Neutral,rt fuckyoumean pittsburgh dont got best twitter
twitter,neutral,126872886748266496,Thu Oct 20 04:10:28 +0000 2011,"#Recruiting Tip: Ask yourself: why am I not building my personal brand on #LinkedIn, #Twitter, and #Facebook?",Neutral,recruiting tip ask building personal brand linkedin twitter facebook
twitter,neutral,126872872294694912,Thu Oct 20 04:10:24 +0000 2011,“@Free_Nuttball #fuckyoumean #Pittsburgh don't got the best #twitter.”,Neutral,fuckyoumean pittsburgh dont got best twitter
twitter,neutral,126872871254491137,Thu Oct 20 04:10:24 +0000 2011,"RT @iLoveMyTats: Lmao. RT @MissAyunnaaa Well that's my que, bye #Twitter , #oomf finna start quotin lines from #ATL lol",Neutral,rt lmao rt well thats que bye twitter oomf finna start quotin line atl lol
twitter,neutral,126872821375827968,Thu Oct 20 04:10:12 +0000 2011,"""Straight Outta Hak Mob"" RT @Jhon_Doe_Smokes: Out of my 7 months of actually gettin on #Twitter. I've only bee… (cont) http://t.co/qDM3X8BB",Neutral,straight outta hak mob rt month actually gettin twitter ive bee cont
twitter,neutral,126872777130123264,Thu Oct 20 04:10:01 +0000 2011,#fuckyoumean #Pittsburgh don't got the best #twitter.,Neutral,fuckyoumean pittsburgh dont got best twitter
twitter,neutral,126872773925679105,Thu Oct 20 04:10:01 +0000 2011,@DJ_Nasty16 I know. You my only compo. #we be #reppin #twitter,Neutral,know compo reppin twitter
twitter,neutral,126872528235921409,Thu Oct 20 04:09:02 +0000 2011,#Twitter Of,Neutral,twitter
twitter,neutral,126872511492263937,Thu Oct 20 04:08:58 +0000 2011,pinto el sueño #Twitter #OFF,Neutral,pinto el sueo twitter
twitter,neutral,126872465635938304,Thu Oct 20 04:08:47 +0000 2011,RT @wbasinger: RT @TeachHub: 50 Ways to Use #Twitter in the Classroom http://t.co/AFHx3m2n,Neutral,rt rt way use twitter classroom
twitter,neutral,126872432517709825,Thu Oct 20 04:08:39 +0000 2011,#Twitter after dark! #GoodNight!! an yall thought a was abt to get #Nasty!!lol,Neutral,twitter dark goodnight yall thought abt get nastylol
twitter,neutral,126872371901640705,Thu Oct 20 04:08:25 +0000 2011,People aren't the same as they wanna be perceived on #twitter...Please believe I'm that crazy bitch at work who slaps everyones ass in line,Neutral,people arent wanna perceived twitterplease believe im crazy bitch work slap everyones as line
twitter,neutral,126872357099945984,Thu Oct 20 04:08:21 +0000 2011,@serendipityjane is the ultimate #twitter bff! She uses #EFT to turn your frown upsidedown!#Follow her & learn about her VIP class.It rocks!,Neutral,ultimate twitter bff us eft turn frown upsidedownfollow learn vip classit rock
twitter,neutral,126872338158452736,Thu Oct 20 04:08:17 +0000 2011,"even if I skip the newspaper, I don't worry coz I get all news updates at #Twitter. :)",Neutral,even skip newspaper dont worry coz get news update twitter
twitter,neutral,126872320043257857,Thu Oct 20 04:08:12 +0000 2011,I'm on one tonight ...#tripping ! Lol eff yal ...its #twitter !,Neutral,im one tonight tripping lol eff yal twitter
twitter,neutral,126872299709280256,Thu Oct 20 04:08:08 +0000 2011,"RT @Ashu180489: Progress is a Process , Surprised to see a sensible topic trending worldwide in #twitter",Neutral,rt progress process surprised see sensible topic trending worldwide twitter
twitter,neutral,126872290968338432,Thu Oct 20 04:08:06 +0000 2011,"@SusanFelicity Many people pay little attention to important issues. I strongly believe social media, like #twitter, is changing this.",Neutral,many people pay little attention important issue strongly believe social medium like twitter changing
twitter,neutral,126872267257950209,Thu Oct 20 04:08:00 +0000 2011,"@BenFolds p.s. I would have never used the word ""playa"" over ""player"" if #Twitter wasn't so restrictive...",Neutral,p would never used word playa player twitter wasnt restrictive
twitter,neutral,126872221292576768,Thu Oct 20 04:07:49 +0000 2011,#Twitter'OFF :| GN'♥,Neutral,twitteroff gn
twitter,neutral,126872201663229952,Thu Oct 20 04:07:44 +0000 2011,"RT @MinisterOnline: its ok to put up bible verses & encouraging post about God on #Twitter, but make sure you stand by your words, cause ...",Neutral,rt ok put bible verse encouraging post god twitter make sure stand word cause
twitter,neutral,126872199838699520,Thu Oct 20 04:07:44 +0000 2011,Hitting the sack early. G-night #twitter,Neutral,hitting sack early gnight twitter
twitter,neutral,126872156763201536,Thu Oct 20 04:07:34 +0000 2011,"RT @KanvasKings: 1,500 #followers on #Twitter and 2,500 #fans on #Facebook? Takeover imminent? #HellYeah. ALL SHIRTS JUST $15 til Monday!",Neutral,rt follower twitter fan facebook takeover imminent hellyeah shirt til monday
twitter,neutral,126872143081390080,Thu Oct 20 04:07:30 +0000 2011,Follow me on #Twitter @CatchASet_ #TeamFollow &lt;3,Neutral,follow twitter teamfollow lt
twitter,neutral,126872051242893312,Thu Oct 20 04:07:08 +0000 2011,"Progress is a Process , Surprised to see a sensible topic trending worldwide in #twitter",Neutral,progress process surprised see sensible topic trending worldwide twitter
twitter,neutral,126872004652580864,Thu Oct 20 04:06:57 +0000 2011,@glaad I already purple mine!!1 Both accounts on #Facebook and #Twitter,Neutral,already purple mine account facebook twitter
twitter,neutral,126871971827953664,Thu Oct 20 04:06:49 +0000 2011,"its ok to put up bible verses & encouraging post about God on #Twitter, but make sure you stand by your words, cause your an example.",Neutral,ok put bible verse encouraging post god twitter make sure stand word cause example
twitter,neutral,126871955419836417,Thu Oct 20 04:06:45 +0000 2011,These Hoes Follow Me Like #Twitter !,Neutral,hoe follow like twitter
twitter,neutral,126871924059013120,Thu Oct 20 04:06:38 +0000 2011,I just installed Twidroyd for #Twitter on my #Android Phone - It's #Free and you can mute users :) http://t.co/eM2yDlRs,Neutral,installed twidroyd twitter android phone free mute user
twitter,neutral,126871857277308930,Thu Oct 20 04:06:22 +0000 2011,RT @ChrisPirillo: Tired of those spammy Twitter DMs? http://t.co/atMIoMoO #twitter #spam,Neutral,rt tired spammy twitter dm twitter spam
twitter,neutral,126871758757306368,Thu Oct 20 04:05:59 +0000 2011,#twitter OFF&lt;3,Neutral,twitter offlt
twitter,neutral,126871669871620096,Thu Oct 20 04:05:37 +0000 2011,Shout out to all the single mothers on #Twitter,Neutral,shout single mother twitter
twitter,neutral,126871663299137536,Thu Oct 20 04:05:36 +0000 2011,im tired gonna get to bed peace out #twitter,Neutral,im tired gonna get bed peace twitter
twitter,neutral,126871626133417985,Thu Oct 20 04:05:27 +0000 2011,"Well...#twitter Off,,,,",Neutral,welltwitter
twitter,neutral,126871606952853504,Thu Oct 20 04:05:22 +0000 2011,Aye @Me_Cedez get my bay out da way @Ful1time  ( swirlZ) gotta #Twitter,Neutral,aye get bay da way swirlz gotta twitter
twitter,neutral,126871562707144704,Thu Oct 20 04:05:12 +0000 2011,Let's go see what is trending on #Twitter tonight?,Neutral,let go see trending twitter tonight
twitter,neutral,126871562098982912,Thu Oct 20 04:05:12 +0000 2011,He Like Kissing The Little Pink Puss Lls #Twitter This After Dark,Neutral,like kissing little pink pus lls twitter dark
twitter,neutral,126871520785072129,Thu Oct 20 04:05:02 +0000 2011,"#Twittertip: How to Keep Up With Over 100,000 #Twitter Followers http://t.co/o3oH3YPB RT @anntran_",Neutral,twittertip keep twitter follower rt
twitter,neutral,126871511326924800,Thu Oct 20 04:05:00 +0000 2011,#Twitter (of),Neutral,twitter
twitter,neutral,126871458998788096,Thu Oct 20 04:04:47 +0000 2011,RT“@reimeraaron: #twitter keeps me from sleeping! #soaddicted”,Neutral,rt twitter keep sleeping soaddicted
twitter,neutral,126871458726162432,Thu Oct 20 03:58:32 +0000 2011,Shout ou to all my followers! #TWitTER,Neutral,shout ou follower twitter
twitter,neutral,126871437322629120,Thu Oct 20 04:04:42 +0000 2011,RT @TeachHub 50 Ways to Use #Twitter in the Classroom http://t.co/lJiN0See #education #ntchat,Neutral,rt way use twitter classroom education ntchat
twitter,neutral,126871372164120576,Thu Oct 20 04:04:26 +0000 2011,@Slater_Boy Needs to take his ass to sleep... Its grown folks hour on #twitter,Neutral,need take as sleep grown folk hour twitter
twitter,neutral,126871299741069312,Thu Oct 20 04:04:09 +0000 2011,#Twitter Buzz Builds for the Occupy Wall Street Movement [CHARTS] http://t.co/mTdvRoIj,Neutral,twitter buzz build occupy wall street movement chart
twitter,neutral,126871291998371840,Thu Oct 20 04:04:07 +0000 2011,#wendywilliams just said she was a woman bitch please stop lien on #twitter and on #nationaltv we all know your a man,Neutral,wendywilliams said woman bitch please stop lien twitter nationaltv know man
twitter,neutral,126871201778905088,Thu Oct 20 04:03:46 +0000 2011,Put your twitter on autopilot and let it gain followers for you!! http://t.co/hze1TqAl #TeamFollowBack #Twitter #autopilot #1000aday 18,Neutral,put twitter autopilot let gain follower teamfollowback twitter autopilot aday
twitter,neutral,126871143431938048,Thu Oct 20 04:03:32 +0000 2011,U put w/eva comes to mind on #twitter but let me try n do it ima be a rat or something smh the nerve of dese #NIGGAS!!!!',Neutral,put weva come mind twitter let try ima rat something smh nerve dese nigga
twitter,neutral,126871134439346177,Thu Oct 20 04:03:30 +0000 2011,GN #Twitter.......z.z.z.z.z.z Z  Z z z z,Neutral,gn twitterzzzzzz
twitter,neutral,126871086863355905,Thu Oct 20 04:03:18 +0000 2011,Twitter Buzz Builds for the Occupy Wall Street Movement [CHARTS] http://t.co/E44Qd1u2 #Twitter,Neutral,twitter buzz build occupy wall street movement chart twitter
twitter,neutral,126871066760065024,Thu Oct 20 04:03:14 +0000 2011,i've been slackin on my #twitter game,Neutral,ive slackin twitter game
twitter,neutral,126871041225134080,Thu Oct 20 04:03:08 +0000 2011,RT @AHennessyWorld: #Twitter I apologize 4 being out of line regardless what sum1 does  I promise 2 remain humble keep it from public ey ...,Neutral,rt twitter apologize line regardless sum promise remain humble keep public ey
twitter,neutral,126871013937000450,Thu Oct 20 04:03:01 +0000 2011,Brilliant (if you have a spare 12mins to watch): Have I Shared Too Much? http://t.co/tEwNhhUk #Twitter #LinkedIn #Facebook #in,Neutral,brilliant spare min watch shared much twitter linkedin facebook
twitter,neutral,126871003132465152,Thu Oct 20 04:02:58 +0000 2011,#twitter keeps me from sleeping! #soaddicted,Neutral,twitter keep sleeping soaddicted
twitter,neutral,126870943489466368,Thu Oct 20 04:02:44 +0000 2011,#twitter be making my ass stay up later than planed,Neutral,twitter making as stay later planed
twitter,neutral,126870941992091648,Thu Oct 20 04:02:44 +0000 2011,Follow your interests. #twitter,Neutral,follow interest twitter
twitter,neutral,126870940570226688,Thu Oct 20 04:02:44 +0000 2011,"Lmao. RT @MissAyunnaaa Well that's my que, bye #Twitter , #oomf finna start quotin lines from #ATL lol",Neutral,lmao rt well thats que bye twitter oomf finna start quotin line atl lol
twitter,neutral,126870931040768000,Thu Oct 20 04:02:41 +0000 2011,@twitter  + @tumblr  = Drugs are severe. #twitter #tumblr,Neutral,drug severe twitter tumblr
twitter,neutral,126870815877771264,Thu Oct 20 04:02:14 +0000 2011,RT @extremejohn Stuck on Facebook? I’m so sorry.  http://t.co/aGHbaQmn #Twitter #Google  #Facebook,Neutral,rt stuck facebook im sorry twitter google facebook
twitter,neutral,126870807191363584,Thu Oct 20 04:02:12 +0000 2011,GN #twitter off.,Neutral,gn twitter
twitter,neutral,126870792960086018,Thu Oct 20 04:02:08 +0000 2011,why am i #rambling on #facebook i keep forgetting i have #twitter.. then remember and come back.. every 3 seconds.. -_- ... o_O,Neutral,rambling facebook keep forgetting twitter remember come back every second oo
twitter,neutral,126870788564467713,Thu Oct 20 04:02:07 +0000 2011,#Twitter I apologize 4 being out of line regardless what sum1 does  I promise 2 remain humble keep it from public eye!iloveya#HennessyNation,Neutral,twitter apologize line regardless sum promise remain humble keep public eyeiloveyahennessynation
twitter,neutral,126870756926816256,Thu Oct 20 04:02:00 +0000 2011,17 Things You Didn’t Know About #Twitter: http://t.co/LL61rx2R via @TweetSmarter RT @sharonhayes @ChoiceZnewZ #facts,Neutral,thing didnt know twitter via rt fact
twitter,neutral,126870706943295489,Thu Oct 20 04:01:48 +0000 2011,#goodnight #twitter,Neutral,goodnight twitter
twitter,neutral,126870699108339712,Thu Oct 20 04:01:46 +0000 2011,I think @SchwastySmack needs to cool her roll on her #twitter game.,Neutral,think need cool roll twitter game
twitter,neutral,126870651112927232,Thu Oct 20 04:01:35 +0000 2011,Things that #heatmeup : when people put the # on facebookposts when they dont even have a #twitter. #getaclue,Neutral,thing heatmeup people put facebookposts dont even twitter getaclue
twitter,neutral,126870623086592000,Thu Oct 20 04:01:28 +0000 2011,goodnite #twitter (:,Neutral,goodnite twitter
twitter,neutral,126870593764208640,Thu Oct 20 04:01:21 +0000 2011,"Out of #curiosity, #doesanyoneknow if it's against the #Twitter #TOS to use #hashtags so #eggregiously as I seem to be doing #tonight?",Neutral,curiosity doesanyoneknow twitter tos use hashtags eggregiously seem tonight
twitter,neutral,126870454299398144,Thu Oct 20 04:00:48 +0000 2011,RT @JonJars: #twitter; for those statuses you'd never post on #facebook,Neutral,rt twitter status youd never post facebook
twitter,neutral,126870356563722240,Thu Oct 20 04:00:24 +0000 2011,"@TheRealJedaD If her name ain't #Twitter then ur not bcuz u been on here for a minute goin HAM...lol, I'm Just Sayin!!",Neutral,name aint twitter ur bcuz minute goin hamlol im sayin
twitter,neutral,126870255703306241,Thu Oct 20 04:00:00 +0000 2011,Tired of those spammy Twitter DMs? http://t.co/atMIoMoO #twitter #spam,Neutral,tired spammy twitter dm twitter spam
twitter,neutral,126870119363260416,Thu Oct 20 03:59:28 +0000 2011,@bhammz Welcome to #Twitter,Neutral,welcome twitter
twitter,neutral,126870091341115392,Thu Oct 20 03:59:21 +0000 2011,its funny how you can take time out your precious #twitter time to monitor or judge what in saying,Neutral,funny take time precious twitter time monitor judge saying
twitter,neutral,126869939536674816,Thu Oct 20 03:58:45 +0000 2011,"#Twitter honey i don't freaking know anymore &gt;&lt;""",Neutral,twitter honey dont freaking know anymore gtlt
twitter,neutral,126869876588552192,Thu Oct 20 03:58:30 +0000 2011,@cpmorris congrats on joining #twitter,Neutral,congrats joining twitter
twitter,neutral,126869850751631361,Thu Oct 20 03:58:24 +0000 2011,@Adaddy101 @johnodame .. all this flirting over #twitter is starting to make me think you guys got a crush on each other #bromance.,Neutral,flirting twitter starting make think guy got crush bromance
twitter,neutral,126869816584839168,Thu Oct 20 03:58:16 +0000 2011,#Twitter it's been a pleasure but I have to go exercise and eat dinner! Possibly be back b4 I sleep? We'll c! I am #BLESSED & we all are! =),Neutral,twitter pleasure go exercise eat dinner possibly back sleep well blessed
twitter,neutral,126869769608642560,Thu Oct 20 03:58:04 +0000 2011,#OkUPrettyBut you never talk shit on #Twitter @HannahMcCall1 :),Neutral,okuprettybut never talk shit twitter
twitter,neutral,126869765049434112,Thu Oct 20 03:58:03 +0000 2011,"#ihateitwhen i think of a cool twit,by da tym i grab da fone & load #twitter i would have forgotten it!!! #dumbass",Neutral,ihateitwhen think cool twitby da tym grab da fone load twitter would forgotten dumbass
twitter,neutral,126869751476654080,Thu Oct 20 03:58:00 +0000 2011,Lol itss ben a #year since i had a #twitter but i jus start using it,Neutral,lol itss ben year since twitter jus start using
twitter,neutral,126869749098487809,Thu Oct 20 03:57:59 +0000 2011,RT @KiLLiN_EmSoftly: who follows ppl then unfollows them?!..  #YourLameAsHell tryna make it seem like your somebody IMPORTANT!! it's onl ...,Neutral,rt follows ppl unfollows yourlameashell tryna make seem like somebody important onl
twitter,neutral,126869742068842496,Thu Oct 20 03:57:58 +0000 2011,I want to be a #Twitter Cypher.,Neutral,want twitter cypher
twitter,neutral,126869644534489088,Thu Oct 20 03:57:35 +0000 2011,RT Is @Wahooly the long awaited way to make clear the ROI of #Twitter? http://t.co/rjY5WGr0 #socialmedia /via @socialmedia2day #gosocial,Neutral,rt long awaited way make clear roi twitter socialmedia via gosocial
twitter,neutral,126869604348862464,Thu Oct 20 03:57:25 +0000 2011,It's #real when you tell ur man how ur gfs roasted your ex on #twitter and he's like good job babe lol,Neutral,real tell ur man ur gfs roasted ex twitter he like good job babe lol
twitter,neutral,126869604214652929,Thu Oct 20 03:57:25 +0000 2011,#twitter; for those statuses you'd never post on #facebook,Neutral,twitter status youd never post facebook
twitter,neutral,126869575202643968,Thu Oct 20 03:57:18 +0000 2011,@msleamichele @NayaRivera @DiannaAgron @MsAmberPRiley please could u somehow convince #hemo to join #twitter we need her awesomeness!! #glee,Neutral,please could somehow convince hemo join twitter need awesomeness glee
twitter,neutral,126869488007262208,Thu Oct 20 03:56:57 +0000 2011,"I just installed the new Twidroyd for #Twitter on my #Android Phone - It's #Free, give it a try. http://t.co/eKh5JmGp",Neutral,installed new twidroyd twitter android phone free give try
twitter,neutral,126869448069095424,Thu Oct 20 03:56:48 +0000 2011,"Its 11:56 &amp;, im going to sleep now &gt;.&lt; O&#39;well :) good night #Twitter .",Neutral,amp im going sleep gtlt owell good night twitter
twitter,neutral,126869378452037632,Thu Oct 20 03:56:31 +0000 2011,Getting ready 4 bed... School tomorrow. We have an evacuation at school! Night #Twitter =],Neutral,getting ready bed school tomorrow evacuation school night twitter
twitter,neutral,126869302887464960,Thu Oct 20 03:56:13 +0000 2011,#Twitter off! See ya :D @justinbieber Love u and have #SweetDreams. ♥,Neutral,twitter see ya love sweetdreams
twitter,neutral,126869296994451457,Thu Oct 20 03:56:12 +0000 2011,Goodnight everyone #twitter off,Neutral,goodnight everyone twitter
twitter,neutral,126869175053467649,Thu Oct 20 03:55:43 +0000 2011,i want him to make a #Twitter,Neutral,want make twitter
twitter,neutral,126868990730575872,Thu Oct 20 03:54:59 +0000 2011,Good Night #Twitter && #TwitterTweeters :),Neutral,good night twitter twittertweeters
twitter,neutral,126868950637219840,Thu Oct 20 03:54:49 +0000 2011,RT @Hirudineajigane: #Twitter Thank you.Read those great tweets.helps live better! :) Bows. http://t.co/FNKBW24F,Neutral,rt twitter thank youread great tweetshelps live better bow
twitter,neutral,126868911361757185,Thu Oct 20 03:54:40 +0000 2011,@mpeagler http://t.co/1EYtmczJ @GetGlue #Twitter,Neutral,twitter
twitter,neutral,126868888074989568,Thu Oct 20 03:54:34 +0000 2011,#twitter/off,Neutral,twitteroff
twitter,neutral,126868868512743425,Thu Oct 20 03:54:30 +0000 2011,#Twitter Thank you.Read those great tweets.helps live better! :) Bows.,Neutral,twitter thank youread great tweetshelps live better bow
twitter,neutral,126868831493820416,Thu Oct 20 03:54:21 +0000 2011,I might call it a night goodnight #twitter,Neutral,might call night goodnight twitter
twitter,neutral,126868783431303168,Thu Oct 20 03:54:09 +0000 2011,"search #facebook for ""FACEBOOK/TWITTER INDIE ARTIST MUSIC NETWORK (WORLDWIDE)
"" add yourself for more #twitter followers! network here!",Neutral,search facebook facebooktwitter indie artist music network worldwide add twitter follower network
twitter,neutral,126868754033426434,Thu Oct 20 03:54:02 +0000 2011,RT @iTweetTechNews: Famous wrestler Razor Ramon is trending on #Twitter.,Neutral,rt famous wrestler razor ramon trending twitter
twitter,neutral,126868751533617152,Thu Oct 20 03:54:02 +0000 2011,RT @nine_oh: SIMPLY DA BEST ON #TWITTER MY TWEEPS @Mui_Dziak @Ecofriendly211 @wstein @imCHOKOLATEwhoU @SoDear2MyHeart @sscoop4 @PyrexPress,Neutral,rt simply da best twitter tweeps
twitter,neutral,126868627109584896,Thu Oct 20 03:53:32 +0000 2011,"Gonna Crash Out Pretty Tired, Night #Twitter&lt;3",Neutral,gonna crash pretty tired night twitterlt
twitter,neutral,126868570226425856,Thu Oct 20 03:53:18 +0000 2011,#Twitter: What's happening? #Facebook: What's on your mind? #Myspace: Where is everyone?,Neutral,twitter whats happening facebook whats mind myspace everyone
twitter,neutral,126868533991849988,Thu Oct 20 03:53:10 +0000 2011,@FATBOYFRESH87 Hey brotha I forgot you had a #twitter,Neutral,hey brotha forgot twitter
twitter,neutral,126868465377226752,Thu Oct 20 03:56:01 +0000 2011,"So what #twitter needs is a ""save tweet"" text function. So I could ""st @xyz 5"" to save the 5th most recent msg on twitter site to read later",Neutral,twitter need save tweet text function could st save th recent msg twitter site read later
twitter,neutral,126868429864046592,Thu Oct 20 03:52:45 +0000 2011,"RT @SomalyMam: You follow me on #twitter, Like my #Foundation on #facebook http://t.co/3kGgPh7z! Together we can stop #humantrafficking",Neutral,rt follow twitter like foundation facebook together stop humantrafficking
twitter,neutral,126868429796933632,Thu Oct 20 03:52:45 +0000 2011,"I think I'm addicted to checking my #email, #twitter and #facebook",Neutral,think im addicted checking email twitter facebook
twitter,neutral,126868397282689025,Thu Oct 20 03:52:37 +0000 2011,#Retweet #RT #BabyMamaDrama #BabyDaddyDrama #Twitter #S/O to everyone who read my blog www.cpc504.blogspot.com,Neutral,retweet rt babymamadrama babydaddydrama twitter everyone read blog
twitter,neutral,126868239203573760,Thu Oct 20 03:51:59 +0000 2011,"Thanks Irma @TellJuicy  ""TWITTER 4 BUSINESS"" November 16 http://t.co/gOrDf5dj @KingstonCC #Twitter #Melbourne #Business",Neutral,thanks irma twitter business november twitter melbourne business
twitter,neutral,126868233084080130,Thu Oct 20 03:51:58 +0000 2011,@RashadHurst Pls let us know if you need help w/ music marketing promo. We got #Twitter & #Youtube on lock. http://t.co/fcPBcqLo,Neutral,pls let u know need help music marketing promo got twitter youtube lock
twitter,neutral,126868090687459328,Thu Oct 20 03:51:24 +0000 2011,#IReallyHateWhenPeople TyP3 L!k3 tH!S Or #Use #Hashtags #In #Every #Word #On #Twitter,Neutral,ireallyhatewhenpeople typ lk th use hashtags every word twitter
twitter,neutral,126868017106780160,Thu Oct 20 03:51:07 +0000 2011,#Twitter Buzz Builds for the #Occupy_Wall_Street Movement [CHARTS] http://t.co/gHCez2Yk,Neutral,twitter buzz build occupywallstreet movement chart
twitter,neutral,126868008902737920,Thu Oct 20 03:51:05 +0000 2011,enjoy  #Twitter Buzz Builds for the #Occupy_Wall_Street Movement [CHARTS] http://t.co/vKjwATSr great,Neutral,enjoy twitter buzz build occupywallstreet movement chart great
twitter,neutral,126867948471189504,Thu Oct 20 03:50:50 +0000 2011,RT @jeffbullas: What Is A #Facebook “Like” Worth For Your Business? http://t.co/BsT25W2u #SMM #SocialMedia #Twitter,Neutral,rt facebook like worth business smm socialmedia twitter
twitter,neutral,126867947418427393,Thu Oct 20 03:50:50 +0000 2011,Shes a freaked out philosopher on #twitter lol girl bye,Neutral,shes freaked philosopher twitter lol girl bye
twitter,neutral,126867879382614016,Thu Oct 20 03:50:34 +0000 2011,gotta get back on my #twitter #grind,Neutral,gotta get back twitter grind
twitter,neutral,126867786680111104,Thu Oct 20 03:50:12 +0000 2011,Best night inna while :) #newbestfriends wish you kids had #Twitter #amaturehour,Neutral,best night inna newbestfriends wish kid twitter amaturehour
twitter,neutral,126867774738927617,Thu Oct 20 03:50:09 +0000 2011,RT @BucBoyy: - Ima Addicted To #Twitter.,Neutral,rt ima addicted twitter
twitter,neutral,126867767914799104,Thu Oct 20 03:50:07 +0000 2011,#LOVATICS! Wanna be in a fan book for @ddlovato let me know and ill send wat needs2b in it via #twitter,Neutral,lovatics wanna fan book let know ill send wat needsb via twitter
twitter,neutral,126867760964841473,Thu Oct 20 03:50:05 +0000 2011,"Off to sleeep , #goodnight #twitter",Neutral,sleeep goodnight twitter
twitter,neutral,126867711807598592,Thu Oct 20 03:49:54 +0000 2011,To much #twitter taking a break. ♣,Neutral,much twitter taking break
twitter,neutral,126867680966881280,Thu Oct 20 03:49:46 +0000 2011,these #chickz on #twitter stay with they #mommy,Neutral,chickz twitter stay mommy
twitter,neutral,126867577925406721,Thu Oct 20 03:49:22 +0000 2011,Wow jus made a #TWITTER i reallly dnt kno how o2 use it so i neea alittle help,Neutral,wow jus made twitter reallly dnt kno use neea alittle help
twitter,neutral,126867506127310848,Thu Oct 20 03:49:05 +0000 2011,#twitter should i upload tweetdeck for my laptop?!,Neutral,twitter upload tweetdeck laptop
twitter,neutral,126867487659786240,Thu Oct 20 03:49:00 +0000 2011,Put your twitter on autopilot and let it gain followers for you!! http://t.co/hze1TqAl #TeamFollowBack #Twitter #autopilot #1000aday 23,Neutral,put twitter autopilot let gain follower teamfollowback twitter autopilot aday
twitter,neutral,126867439177842688,Thu Oct 20 03:48:49 +0000 2011,Some people take themselves way too seriously...especially on #Twitter. It's amusing...to say the least. Bless your heart...,Neutral,people take way seriouslyespecially twitter amusingto say least bless heart
twitter,neutral,126867400250490880,Thu Oct 20 03:48:39 +0000 2011,#twitter goin hammer,Neutral,twitter goin hammer
twitter,neutral,126867371364319232,Thu Oct 20 03:48:33 +0000 2011,@IamTinaThompson @JudgeGregMathis is on #twitter also!!,Neutral,twitter also
twitter,neutral,126867320005066752,Thu Oct 20 03:48:20 +0000 2011,Welcome to #twitter @jackpot15!!,Neutral,welcome twitter
twitter,neutral,126867304549072896,Thu Oct 20 03:48:17 +0000 2011,Hello! Welcome to #twitter RT “@beabea210: @ACCU_MED ....hello Accu-Med!!!”,Neutral,hello welcome twitter rt hello accumed
twitter,neutral,126867275113447424,Thu Oct 20 03:48:10 +0000 2011,@karth_vader_ when did you change your nick again? I no longer see any of your tweets on my timeline. Anything wrong with #twitter?,Neutral,change nick longer see tweet timeline anything wrong twitter
twitter,neutral,126867260106227713,Thu Oct 20 03:48:06 +0000 2011,- Ima Addicted To #Twitter.,Neutral,ima addicted twitter
twitter,neutral,126867201776037888,Thu Oct 20 03:47:52 +0000 2011,Everyone be sure to follow me on #twitter @mellee_love and check out my boy @TheRealDWI CT stand up!!,Neutral,everyone sure follow twitter check boy ct stand
twitter,neutral,126867198642884608,Thu Oct 20 03:47:51 +0000 2011,RT @OKadeState: @Paigemorse1 tweeted!  Its official she is still alive #Twitter,Neutral,rt tweeted official still alive twitter
twitter,neutral,126867164253798400,Thu Oct 20 03:47:43 +0000 2011,Good morning #twitter.,Neutral,good morning twitter
twitter,neutral,126867147673714688,Thu Oct 20 03:47:39 +0000 2011,Ways in which you can use #Twitter to your professional advantage http://t.co/E3xK1w67 @writeychap,Neutral,way use twitter professional advantage
twitter,neutral,126867119592837121,Thu Oct 20 03:47:33 +0000 2011,"@winnipeg_rt @andkatmy #Winnipeg needs better local news coverage, tired of not being in the know Thanks #twitter",Neutral,winnipeg need better local news coverage tired know thanks twitter
twitter,neutral,126867067776405506,Thu Oct 20 03:47:20 +0000 2011,BRB #twitter;p,Neutral,brb twitterp
twitter,neutral,126867012336095232,Thu Oct 20 03:47:07 +0000 2011,Thank you @logoninjas for following us on #twitter - awesome name btw!,Neutral,thank following u twitter awesome name btw
twitter,neutral,126866981377941504,Thu Oct 20 03:47:00 +0000 2011,Good night #Twitter Off(:,Neutral,good night twitter
twitter,neutral,126866968912478208,Thu Oct 20 03:46:57 +0000 2011,RT @frizzy_drizzy: @iTaylor_Simpson u post on #twitter to much like ery 5 sec #Damn,Neutral,rt post twitter much like ery sec damn
twitter,neutral,126866968753086464,Thu Oct 20 03:46:57 +0000 2011,@king_fizzy & @_Bigrob step your #twitter game up @elijahcrago is starting to catch up,Neutral,step twitter game starting catch
twitter,neutral,126866861521502208,Thu Oct 20 03:46:31 +0000 2011,Good Morning #Twitter! Have a nice day. :},Neutral,good morning twitter nice day
twitter,neutral,126866854240202753,Thu Oct 20 03:46:29 +0000 2011,"SO IT'S BEEN A LOOONG MINUTE 
BUT #TWITTER, IM BACK 
& WITH A CLOTHING LINE!

#SWAGG",Neutral,looong minute twitter im back clothing line swagg
twitter,neutral,126866804575440897,Thu Oct 20 03:46:17 +0000 2011,@iTaylor_Simpson u post on #twitter to much like ery 5 sec #Damn,Neutral,post twitter much like ery sec damn
twitter,neutral,126866628859281408,Thu Oct 20 03:45:36 +0000 2011,#Everybody on #twitter go in tha.#bathroom and say #bloodymary3 times wit tha light off,Neutral,everybody twitter go thabathroom say bloodymary time wit tha light
twitter,neutral,126866575700664320,Thu Oct 20 03:45:23 +0000 2011,"Thought about changing my #twitter profile to I'm tall, dark & single, but don't think I could take the responses if any! Lol. Night folks.",Neutral,thought changing twitter profile im tall dark single dont think could take response lol night folk
twitter,neutral,126866562111123456,Thu Oct 20 03:45:20 +0000 2011,Follow your interests #twitter,Neutral,follow interest twitter
twitter,neutral,126866557325426688,Thu Oct 20 03:45:18 +0000 2011,Out of my 7 months of actually gettin on #Twitter. I've only been in #TwitterJail lik 3 times.... #ThugLife! They were long sentences! Lol:),Neutral,month actually gettin twitter ive twitterjail lik time thuglife long sentence lol
twitter,neutral,126866520486846465,Thu Oct 20 03:45:10 +0000 2011,What Is A #Facebook “Like” Worth For Your Business? http://t.co/BsT25W2u #SMM #SocialMedia #Twitter,Neutral,facebook like worth business smm socialmedia twitter
twitter,neutral,126866446323171328,Thu Oct 20 03:44:52 +0000 2011,Put your twitter on autopilot and let it gain followers for you!! http://t.co/hze1TqAl #TeamFollowBack #Twitter #autopilot #1000aday 27,Neutral,put twitter autopilot let gain follower teamfollowback twitter autopilot aday
twitter,neutral,126866438517567488,Thu Oct 20 03:44:50 +0000 2011,"Dear #twitter, Now that we all know I'm awesome could you  write me a new ""all about me"" for my profile because really you do know me best.",Neutral,dear twitter know im awesome could write new profile really know best
twitter,neutral,126866422012981248,Thu Oct 20 03:44:46 +0000 2011,bout to pull up... he see me on #twitter his ass gone flip,Neutral,bout pull see twitter as gone flip
twitter,neutral,126866421719384065,Thu Oct 20 03:44:46 +0000 2011,Shout out to my man @swaggination for reaching 1000 tweets #twitterswag #twitterdeity #twittermilestone #twitter #twitter #tweets,Neutral,shout man reaching tweet twitterswag twitterdeity twittermilestone twitter twitter tweet
twitter,neutral,126866413053939712,Thu Oct 20 03:44:44 +0000 2011,Goin to bed #GOODNIGHT #TWITTER,Neutral,goin bed goodnight twitter
twitter,neutral,126866411275554816,Thu Oct 20 03:44:44 +0000 2011,Being able to share our thoughts with the world is awesome&gt;&gt;Hooray for #Twitter,Neutral,able share thought world awesomegtgthooray twitter
twitter,neutral,126866376899035136,Thu Oct 20 03:44:35 +0000 2011,@grahamgoingham it's a true delight to see you on #Twitter. P.S. you rocked the house tonight.,Neutral,true delight see twitter p rocked house tonight
twitter,neutral,126866353561927680,Thu Oct 20 03:44:30 +0000 2011,Goodnight #Twitter :),Neutral,goodnight twitter
twitter,neutral,126866303138013184,Thu Oct 20 03:44:18 +0000 2011,"RT @SomalyMam: You follow me on #twitter, Like my #Foundation on #facebook http://t.co/acaP03y9! Together we can stop #humantrafficking",Neutral,rt follow twitter like foundation facebook together stop humantrafficking
twitter,neutral,126866277213016064,Thu Oct 20 03:44:12 +0000 2011,"nitee
#Twitter & #Followers",Neutral,nitee twitter follower
twitter,neutral,126866187790450688,Thu Oct 20 03:43:50 +0000 2011,Time for bed good night #twitter,Neutral,time bed good night twitter
twitter,neutral,126866177778655233,Thu Oct 20 03:43:48 +0000 2011,wanted to say nite  #twitter,Neutral,wanted say nite twitter
twitter,neutral,126866083708801024,Thu Oct 20 03:43:26 +0000 2011,Everybody a somebody on #twitter!!!!!! FAKE ASSES,Neutral,everybody somebody twitter fake ass
twitter,neutral,126866034048241664,Thu Oct 20 03:43:14 +0000 2011,RT @nataliajones: Use #Twitter to generate traffic to your website http://t.co/72YmN3kD,Neutral,rt use twitter generate traffic website
twitter,neutral,126865968021516288,Thu Oct 20 03:42:58 +0000 2011,who follows ppl then unfollows them?!..  #YourLameAsHell tryna make it seem like your somebody IMPORTANT!! it's only #TWITTER! smh..,Neutral,follows ppl unfollows yourlameashell tryna make seem like somebody important twitter smh
twitter,neutral,126865954645884928,Thu Oct 20 03:42:55 +0000 2011,#Followme dijo #Twitter :D,Neutral,followme dijo twitter
twitter,neutral,126865903521505280,Thu Oct 20 03:42:43 +0000 2011,That shit lame trynna fuck with somebody through a DM on #twitter thoo  ?,Neutral,shit lame trynna fuck somebody dm twitter thoo
twitter,neutral,126865888724004864,Thu Oct 20 03:42:39 +0000 2011,If @Mr_A_Johnson is up. #twitter is gona have some technical difficulties,Neutral,twitter gona technical difficulty
twitter,neutral,126865881069391872,Thu Oct 20 03:42:37 +0000 2011,RT @Nawwaf91: Some people take ' following & unfollowing ' personally. #Twitter,Neutral,rt people take following unfollowing personally twitter
twitter,neutral,126865879848853505,Thu Oct 20 03:42:37 +0000 2011,coming back soon!!!! #twitter...,Neutral,coming back soon twitter
twitter,neutral,126865837800951808,Thu Oct 20 03:42:27 +0000 2011,"Damn girl I'll follow u to the end of the road

#twitter",Neutral,damn girl ill follow end road twitter
twitter,neutral,126865802434580480,Thu Oct 20 03:42:19 +0000 2011,twitter people when someone blocks u can they see ur twitts direct to them? #twitter,Neutral,twitter people someone block see ur twitts direct twitter
twitter,neutral,126865779349127170,Thu Oct 20 03:42:13 +0000 2011,#twitter I'm off to bed with two crazy pups. #lovethem http://t.co/FSLFpMOb,Neutral,twitter im bed two crazy pup lovethem
twitter,neutral,126865691923062784,Thu Oct 20 03:41:52 +0000 2011,Lets not throw CJ under the bus yet.. Hes still a 100 million dollar #twitter guy!,Neutral,let throw cj bus yet he still million dollar twitter guy
twitter,neutral,126865511878361090,Thu Oct 20 03:41:09 +0000 2011,"need #facebook fans, #twitter followers and #youtube views by nvida2: i need… http://t.co/tK6IHH2B #freelance #job",Neutral,need facebook fan twitter follower youtube view nvida need freelance job
twitter,neutral,126865453221027843,Thu Oct 20 03:40:55 +0000 2011,Put your twitter on autopilot and let it gain followers for you!! http://t.co/hze1TqAl #TeamFollowBack #Twitter #autopilot #1000aday 10,Neutral,put twitter autopilot let gain follower teamfollowback twitter autopilot aday
twitter,neutral,126865436590604288,Thu Oct 20 03:40:51 +0000 2011,Gud morning #twitter,Neutral,gud morning twitter
twitter,neutral,126865419830177794,Thu Oct 20 03:40:47 +0000 2011,"I didnt know there wad a test..RT ""@DashBurst: Downloadable #Twitter Cheat Sheet - http://t.co/bHXpqYo5""",Neutral,didnt know wad testrt downloadable twitter cheat sheet
twitter,neutral,126865247465254912,Thu Oct 20 03:40:06 +0000 2011,RT @x_JustLucky_x: I don't know why I even bother checking FB anymore. I stare for two minutes and just log off lol #Twitter&gt;Fb,Neutral,rt dont know even bother checking fb anymore stare two minute log lol twittergtfb
twitter,neutral,126865215915687936,Thu Oct 20 03:39:59 +0000 2011,Boa noite #Twitter (:,Neutral,boa noite twitter
twitter,neutral,126865145812107264,Thu Oct 20 03:39:42 +0000 2011,#twitter off',Neutral,twitter
twitter,neutral,126865121938116608,Thu Oct 20 03:39:36 +0000 2011,Swaagg me outt #twitter,Neutral,swaagg outt twitter
twitter,neutral,126865091026100224,Thu Oct 20 03:39:29 +0000 2011,"1,500 #followers on #Twitter and 2,500 #fans on #Facebook? Takeover imminent? #HellYeah. ALL SHIRTS JUST $15 til Monday!",Neutral,follower twitter fan facebook takeover imminent hellyeah shirt til monday
twitter,neutral,126865038479867904,Thu Oct 20 03:39:16 +0000 2011,"I had my #Twitter account for like 3 years now.....and I only made 4,783 tweets? o_O",Neutral,twitter account like year nowand made tweet oo
twitter,neutral,126865005009309696,Thu Oct 20 03:39:08 +0000 2011,RT @extremejohn Stuck on Facebook? I’m so sorry.  http://t.co/JcJBfZ8W #Twitter #Google  #Facebook,Neutral,rt stuck facebook im sorry twitter google facebook
twitter,neutral,126864987078660097,Thu Oct 20 03:39:04 +0000 2011,#Twitter Buzz Builds for the Occupy Wall Street Movement [CHARTS] http://t.co/DAr3Ef5T #uncategorized,Neutral,twitter buzz build occupy wall street movement chart uncategorized
twitter,neutral,126864979432456193,Thu Oct 20 03:39:02 +0000 2011,Twitter's Thinking About Paying People to Tweet - Technology - http://t.co/zA9h5o5U #PayMe #Twitter,Neutral,twitter thinking paying people tweet technology payme twitter
twitter,neutral,126864974097293312,Thu Oct 20 03:39:01 +0000 2011,"So sleepy and tired, going to bed! Nigh #Twitter !",Neutral,sleepy tired going bed nigh twitter
twitter,neutral,126864886402777088,Thu Oct 20 03:38:40 +0000 2011,"I just installed the new Twidroyd for #Twitter on my #Android Phone - It's #Free, give it a try. http://t.co/UGPTuUcZ",Neutral,installed new twidroyd twitter android phone free give try
twitter,neutral,126864870032408576,Thu Oct 20 03:38:36 +0000 2011,@iamRoyaltyFRESH Pls let us know if you need help w/ music marketing promo. We got #Twitter & #Youtube on lock. http://t.co/U0HzoVQF,Neutral,pls let u know need help music marketing promo got twitter youtube lock
twitter,neutral,126864861576704000,Thu Oct 20 03:38:34 +0000 2011,What is the difference between #twitter and #googleplus??,Neutral,difference twitter googleplus
twitter,neutral,126864793373122560,Thu Oct 20 03:38:18 +0000 2011,"@thiagozito #Twitter, #MsN, #Orkut #Facebook & o Principal #Musicaa Haah'",Neutral,twitter msn orkut facebook principal musicaa haah
twitter,neutral,126864745587412992,Thu Oct 20 03:38:07 +0000 2011,"i just realized... if i have a ridiculously long name in #twitter, no one could reply to me. *hmm* the possibilities.",Neutral,realized ridiculously long name twitter one could reply hmm possibility
twitter,neutral,126864657817407490,Thu Oct 20 03:37:46 +0000 2011,"I just installed the new Twidroyd for #Twitter on my #Android Phone - It's #Free, give it a try. http://t.co/aik96UXm",Neutral,installed new twidroyd twitter android phone free give try
twitter,neutral,126864641174417408,Thu Oct 20 03:37:42 +0000 2011,RT @CNBC: The World's 10 Most Tweeted Moments - Link to Story   http://t.co/iKZiM8i5  #Twitter,Neutral,rt world tweeted moment link story twitter
twitter,neutral,126864610958647296,Thu Oct 20 03:37:34 +0000 2011,"booiiiii
me feeel like some slp a come on
Gd nite #twitter",Neutral,booiiiii feeel like slp come gd nite twitter
twitter,neutral,126864491890749440,Thu Oct 20 03:37:06 +0000 2011,#Twitter #NYERRR,Neutral,twitter nyerrr
twitter,neutral,126864475247742977,Thu Oct 20 03:37:02 +0000 2011,#twitter is great once you get the hang of it“@HaxxDubbz: @CBMonarch @Bran_Day I told her to get one to be a cool kid lol”,Neutral,twitter great get hang told get one cool kid lol
twitter,neutral,126864423037046784,Thu Oct 20 03:36:50 +0000 2011,#twitter #OFF,Neutral,twitter
twitter,neutral,126864404196241408,Thu Oct 20 03:36:45 +0000 2011,@MindPhucked you changed your #twitter name?!,Neutral,changed twitter name
twitter,neutral,126864301293182977,Thu Oct 20 03:36:21 +0000 2011,wait... i don't really care what people are doing in their daily lives #twitter,Neutral,wait dont really care people daily life twitter
twitter,neutral,126864271501041664,Thu Oct 20 03:36:14 +0000 2011,Tweet tweet #twitter,Neutral,tweet tweet twitter
twitter,neutral,126864244716208129,Thu Oct 20 03:36:07 +0000 2011,@ChinkiiBeauty y u up..#Twitter,Neutral,uptwitter
twitter,neutral,126864237200023553,Thu Oct 20 03:36:05 +0000 2011,why tha fuck ppl post everything on #twitter u cant #im on here what is it for someone tell me please,Neutral,tha fuck ppl post everything twitter cant im someone tell please
twitter,neutral,126864231718076417,Thu Oct 20 03:36:04 +0000 2011,@BADDchikkENT See What I Mean #Twitter o_O,Neutral,see mean twitter oo
twitter,neutral,126864167343894529,Thu Oct 20 03:35:49 +0000 2011,#twitter off ',Neutral,twitter
twitter,neutral,126864141561507840,Thu Oct 20 03:35:43 +0000 2011,The Power of #Twitter http://t.co/wtVvZ8G4,Neutral,power twitter
twitter,neutral,126864136226357248,Thu Oct 20 03:35:41 +0000 2011,CAN SOMEONE EXPLAIN TAGGED TO ME LIKE DONT GET MAD AT ME CAUSE #TWITTER AN FB MY SHIT!!,Neutral,someone explain tagged like dont get mad cause twitter fb shit
twitter,neutral,126864131289661441,Thu Oct 20 03:35:40 +0000 2011,Somebody help me? Is apple not on Twitter? That seems very weird. #apple #twitter,Neutral,somebody help apple twitter seems weird apple twitter
twitter,neutral,126864105347878912,Thu Oct 20 03:35:34 +0000 2011,Ugh idk how to use this thing #twitter #helpme,Neutral,ugh idk use thing twitter helpme
twitter,neutral,126864096388849665,Thu Oct 20 03:35:32 +0000 2011,"Who will be our #Twitter #winner 4 #daytimewdonna giveaway for $100 this Fri. Tweet about our show, our guests, why you LOVE us use #dwd100",Neutral,twitter winner daytimewdonna giveaway fri tweet show guest love u use dwd
twitter,neutral,126864070249947136,Thu Oct 20 03:35:26 +0000 2011,Put your twitter on autopilot and let it gain followers for you!! http://t.co/hze1TqAl #TeamFollowBack #Twitter #autopilot #1000aday 29,Neutral,put twitter autopilot let gain follower teamfollowback twitter autopilot aday
twitter,neutral,126864043154751489,Thu Oct 20 03:35:19 +0000 2011,#Oomf dnt start dis sh*t on #twitter,Neutral,oomf dnt start dis sht twitter
twitter,neutral,126864007784185856,Thu Oct 20 03:35:11 +0000 2011,@garbage Welcome to #Twitter!,Neutral,welcome twitter
twitter,neutral,126863975223795712,Thu Oct 20 03:35:03 +0000 2011,Good night #Twitter and #TheLegionoftheFallen.  5:45am cimes awfully early!,Neutral,good night twitter thelegionofthefallen cimes awfully early
twitter,neutral,126863972778508289,Thu Oct 20 03:35:02 +0000 2011,Tips for Reaching Out to Twitter's 50 Million Daily Users http://t.co/IF3IVLWN #twitter #mediagofer #socialmedia @SMsavvy @PRmate @KMiones,Neutral,tip reaching twitter million daily user twitter mediagofer socialmedia
twitter,neutral,126863957767110656,Thu Oct 20 03:34:59 +0000 2011,What do u think of Location Lock's new #twitter #logo? Can u see the cross hairs for when GPS tracking locks on 2 ur fleet vehicle?,Neutral,think location lock new twitter logo see cross hair gps tracking lock ur fleet vehicle
twitter,neutral,126863949584023552,Thu Oct 20 03:34:57 +0000 2011,GN #TWITTER,Neutral,gn twitter
twitter,neutral,126863942634057728,Thu Oct 20 03:34:55 +0000 2011,"#Twitter #Melbourne #Business ""TWITTER 4 BUSINESS"" November 16 http://t.co/wiZ4omU0 @KingstonCC @KeithKeller",Neutral,twitter melbourne business twitter business november
twitter,neutral,126863921465393152,Thu Oct 20 03:34:50 +0000 2011,Twitter Buzz Builds for the Occupy Wall Street Movement [CHARTS] http://t.co/3xZgtWFx #twitter,Neutral,twitter buzz build occupy wall street movement chart twitter
twitter,neutral,126863918646820864,Thu Oct 20 03:34:49 +0000 2011,Use #Twitter to generate traffic to your website http://t.co/72YmN3kD,Neutral,use twitter generate traffic website
twitter,neutral,126863876066254848,Thu Oct 20 03:34:39 +0000 2011,I just installed Twidroyd for #Twitter on my #Android Phone - It's #Free and you can mute users :) http://t.co/kIHs1HRm,Neutral,installed twidroyd twitter android phone free mute user
twitter,neutral,126863870689165312,Thu Oct 20 03:34:38 +0000 2011,#twitter off!!*,Neutral,twitter
twitter,neutral,126863814619709441,Thu Oct 20 03:34:25 +0000 2011,"RT @WinklrSprinklr: @JenWeedin listen here, @ShaunaWalters8 is new to #twitter and needs practice.  support her here brat!  #goodsamarit ...",Neutral,rt listen new twitter need practice support brat goodsamarit
twitter,neutral,126863776476708864,Thu Oct 20 03:34:15 +0000 2011,"Personally,i dont have time for that and dont really care about what everyone in the world on #facebook and #twitter care about how i look.",Neutral,personallyi dont time dont really care everyone world facebook twitter care look
twitter,neutral,126863772877996034,Thu Oct 20 03:34:15 +0000 2011,I just installed Twidroyd for #Twitter on my #Android Phone - It's #Free and you can mute users :) http://t.co/JlrUWRf6,Neutral,installed twidroyd twitter android phone free mute user
twitter,neutral,126863571912114177,Thu Oct 20 03:33:27 +0000 2011,I can live without facebook. just #twitter and #tumblr and #youtube proven and tested. LOL give me back my facebook nowww! LOL,Neutral,live without facebook twitter tumblr youtube proven tested lol give back facebook nowww lol
twitter,neutral,126863525481156608,Thu Oct 20 03:33:16 +0000 2011,@SeanL44 It may be a little much. Haha #droptheknife and add @frankhenchUSA to the picture like on your #Twitter account. #growuppeterpan,Neutral,may little much haha droptheknife add picture like twitter account growuppeterpan
twitter,neutral,126863470397366272,Thu Oct 20 03:33:03 +0000 2011,Can you say #twitter those #followers who are #following me??,Neutral,say twitter follower following
twitter,neutral,126863457642483712,Thu Oct 20 03:32:59 +0000 2011,@HectorAlteto welcome to the #twitter,Neutral,welcome twitter
twitter,neutral,126863409680625664,Thu Oct 20 03:32:48 +0000 2011,RT @BucBoyy: - It's So Funny Because She Got A #Twitter Now Lol.,Neutral,rt funny got twitter lol
twitter,neutral,126863392764989440,Thu Oct 20 03:32:44 +0000 2011,@dellmanning Its always on this #Twitter shit doe,Neutral,always twitter shit doe
twitter,neutral,126863275450310656,Thu Oct 20 03:32:16 +0000 2011,Put your twitter on autopilot and let it gain followers for you!! http://t.co/hze1TqAl #TeamFollowBack #Twitter #autopilot #1000aday 19,Neutral,put twitter autopilot let gain follower teamfollowback twitter autopilot aday
twitter,neutral,126863240041996289,Thu Oct 20 03:32:08 +0000 2011,"I just installed the new Twidroyd for #Twitter on my #Android Phone - It's #Free, give it a try. http://t.co/dN3qwkkb",Neutral,installed new twidroyd twitter android phone free give try
twitter,neutral,126863216046374912,Thu Oct 20 03:32:02 +0000 2011,@Angelique_lique yooo my nigga i sooo blowed i forgot bout #twitter but im bkkkkkk,Neutral,yooo nigga sooo blowed forgot bout twitter im bkkkkkk
twitter,neutral,126863212762247168,Thu Oct 20 03:32:01 +0000 2011,"time to change my twitter app, what's the best one for my iphone? Help please? #twitterapps : #twitter vs. #tweetcaster vs. #ubersoical ?",Neutral,time change twitter app whats best one iphone help please twitterapps twitter v tweetcaster v ubersoical
twitter,neutral,126863190691811328,Thu Oct 20 03:31:56 +0000 2011,Man i love #Twitter!!,Neutral,man love twitter
twitter,neutral,126863104280760320,Thu Oct 20 03:31:35 +0000 2011,RT @Juani_2: You doing a lot of hating guy RT @Blue_Chipperz: This nigga need to go to #Twitter Jail,Neutral,rt lot hating guy rt nigga need go twitter jail
twitter,neutral,126863072269840384,Thu Oct 20 03:31:28 +0000 2011,RT @MontrelCox: It's twitter. Get over it or go back to Facebook and unfollow me. This is my free forum to say exactly what thee fuck I  ...,Neutral,rt twitter get go back facebook unfollow free forum say exactly thee fuck
twitter,neutral,126863060794224640,Thu Oct 20 03:31:25 +0000 2011,Well I'm kinda really #bored right now.... time to waste some time reading #quotes on #twitter,Neutral,well im kinda really bored right time waste time reading quote twitter
twitter,neutral,126862999720951808,Thu Oct 20 03:31:10 +0000 2011,"@JenWeedin listen here, @ShaunaWalters8 is new to #twitter and needs practice.  support her here brat!  #goodsamaritanswag",Neutral,listen new twitter need practice support brat goodsamaritanswag
twitter,neutral,126862947346694144,Thu Oct 20 03:30:58 +0000 2011,RT @Grazitti: #Twitter to Reformat All URLs With T.co	http://t.co/jnmnbs9W,Neutral,rt twitter reformat url tco
twitter,neutral,126862939159412740,Thu Oct 20 03:30:56 +0000 2011,Get your #Twitter #marketing #campaigns built by an #SEO expert: http://t.co/7FttDde4,Neutral,get twitter marketing campaign built seo expert
twitter,neutral,126862902325022720,Thu Oct 20 03:30:47 +0000 2011,37 Ways to Use #Twitter for Business	http://t.co/HGhMpoSE,Neutral,way use twitter business
twitter,neutral,126862899804246016,Thu Oct 20 03:30:46 +0000 2011,37 Ways to Use #Twitter for Business	http://t.co/MT9RdrCz,Neutral,way use twitter business
twitter,neutral,126862897639993344,Thu Oct 20 03:30:46 +0000 2011,#Twitter to Reformat All URLs With T.co	http://t.co/WQh2pHEA,Neutral,twitter reformat url tco
twitter,neutral,126862892128677888,Thu Oct 20 03:30:45 +0000 2011,#Twitter to Reformat All URLs With T.co	http://t.co/jnmnbs9W,Neutral,twitter reformat url tco
twitter,neutral,126862842052874240,Thu Oct 20 03:30:33 +0000 2011,Do you Share More #jokes #quotes #music #photos or #news #articles on #Facebook or #Twitter?,Neutral,share joke quote music photo news article facebook twitter
twitter,neutral,126862821635002368,Thu Oct 20 03:30:28 +0000 2011,RT @JLachance04: What a day @davislachance and @braedonrice get #twitter @BigDenMoments,Neutral,rt day get twitter
twitter,neutral,126862767520096257,Thu Oct 20 03:30:15 +0000 2011,@GForbz3 ma g wass good with you!! Didn't even kno you was on #twitter when was the last time you touched down in the city??,Neutral,wass good didnt even kno twitter last time touched city
twitter,neutral,126862734863241217,Thu Oct 20 03:30:07 +0000 2011,Don’t seek followers unless you’re ready to treat them like the real people they are http://t.co/qa1JFSka #Twitter RT @TweetSmarter,Neutral,dont seek follower unless youre ready treat like real people twitter rt
twitter,neutral,126862728181714944,Thu Oct 20 03:30:06 +0000 2011,@Katieec7 lmao I love it please be on #twitter all the time so I have another friend to @mention,Neutral,lmao love please twitter time another friend
twitter,neutral,126862726311059457,Thu Oct 20 03:30:05 +0000 2011,gooodnight #twitter,Neutral,gooodnight twitter
twitter,neutral,126862714957078528,Thu Oct 20 03:30:02 +0000 2011,so #twitter who wants to buy me #lunch?,Neutral,twitter want buy lunch
twitter,neutral,126862636922044417,Thu Oct 20 03:29:44 +0000 2011,"RT @elishiawindfohr: #Twitter: Each second there are 2900 new tweets, for a total of 250 million per day and 7.5 billion per month. Rate ...",Neutral,rt twitter second new tweet total million per day billion per month rate
twitter,neutral,126862618836221954,Thu Oct 20 03:29:39 +0000 2011,Hates facebook whores #twitter,Neutral,hate facebook whore twitter
twitter,neutral,126862573697114112,Thu Oct 20 03:29:29 +0000 2011,#Twitter #Off',Neutral,twitter
twitter,neutral,126862552025137152,Thu Oct 20 03:29:24 +0000 2011,"Let's be honest #twitter, nothing's #trending en #español.",Neutral,let honest twitter nothing trending en espaol
twitter,neutral,126862547214286848,Thu Oct 20 03:29:22 +0000 2011,I hate when my phne do what it want on #twitter,Neutral,hate phne want twitter
twitter,neutral,126862517216612354,Thu Oct 20 03:29:15 +0000 2011,Waz Sup #Twitter,Neutral,waz sup twitter
twitter,neutral,126862494437351425,Thu Oct 20 03:29:10 +0000 2011,"AHHHH!!!!! FUCK IT!!! Goodnight!!
#twitter",Neutral,ahhhh fuck goodnight twitter
twitter,neutral,126862407309082625,Thu Oct 20 03:28:49 +0000 2011,alrite back to this lab report. Later #Twitter,Neutral,alrite back lab report later twitter
twitter,neutral,126862391924375552,Thu Oct 20 03:28:45 +0000 2011,#twitter and fb# off,Neutral,twitter fb
twitter,neutral,126862244427468800,Thu Oct 20 03:28:10 +0000 2011,#twitter I hope all of you never stop dreaming! Because dreams fuel your soul! I love dreaming big and seeing what happens!,Neutral,twitter hope never stop dreaming dream fuel soul love dreaming big seeing happens
twitter,neutral,126862244075151361,Thu Oct 20 03:28:10 +0000 2011,Ahhh!! Why is #Twitter so #addicting,Neutral,ahhh twitter addicting
twitter,neutral,126862170502860800,Thu Oct 20 03:27:53 +0000 2011,@deferom lol omg you should write #none #twitter #foreveralone. Don't forget the hashtags.,Neutral,lol omg write none twitter foreveralone dont forget hashtags
twitter,neutral,126862130136879104,Thu Oct 20 03:27:43 +0000 2011,@teggyboy00 oh wow lmao thank no wonder why no one answered me !! addicted #twitter,Neutral,oh wow lmao thank wonder one answered addicted twitter
twitter,neutral,126862039225352192,Thu Oct 20 03:27:21 +0000 2011,- It's So Funny Because She Got A #Twitter Now Lol.,Neutral,funny got twitter lol
twitter,neutral,126862030979334144,Thu Oct 20 03:27:19 +0000 2011,RT @AmySimendinger: @rachiecrewz dude you can't just makeup your own fucking hashtags...learn how to use #twitter,Neutral,rt dude cant makeup fucking hashtagslearn use twitter
twitter,neutral,126862000981671938,Thu Oct 20 03:27:12 +0000 2011,Put your twitter on autopilot and let it gain followers for you!! http://t.co/hze1TqAl #TeamFollowBack #Twitter #autopilot #1000aday 9,Neutral,put twitter autopilot let gain follower teamfollowback twitter autopilot aday
twitter,neutral,126861997127110657,Thu Oct 20 03:27:11 +0000 2011,Goodnight #twitter see you in the morning for another #successful day!,Neutral,goodnight twitter see morning another successful day
twitter,neutral,126861952369700865,Thu Oct 20 03:27:01 +0000 2011,#Twitter'Offf :D,Neutral,twitterofff
twitter,neutral,126861941372239872,Thu Oct 20 03:26:58 +0000 2011,@Obamaphile @vegascharlieb your not in #twitter jail again r u ?,Neutral,twitter jail
twitter,neutral,126861916286103552,Thu Oct 20 03:26:52 +0000 2011,RT @mmurrayphoto: Sounds like #CJ20K is going down sooner than later. #twitter #lookout,Neutral,rt sound like cjk going sooner later twitter lookout
twitter,neutral,126861895436206081,Thu Oct 20 03:26:47 +0000 2011,"Well that's my que, bye #Twitter , #oomf finna start quotin lines from #ATL lol",Neutral,well thats que bye twitter oomf finna start quotin line atl lol
twitter,neutral,126861880194109440,Thu Oct 20 03:26:43 +0000 2011,#Twitter-on-,Neutral,twitteron
twitter,neutral,126861879598530561,Thu Oct 20 03:26:43 +0000 2011,AND HOW EVERYTIME I #GAIN A #FOLLOWER IT SAY I #LOSE ONE? #FUCKINUP #TWITTER VERY HEAVILY......#PROMOALLDAY #TMW #FOLLOWLIMITISGAY #STEPITUP,Neutral,everytime gain follower say lose one fuckinup twitter heavilypromoallday tmw followlimitisgay stepitup
twitter,neutral,126861823797493760,Thu Oct 20 03:26:30 +0000 2011,@ZackSiam you just might be the most influential man in the #twitter universe,Neutral,might influential man twitter universe
twitter,neutral,126861820169437184,Thu Oct 20 03:26:29 +0000 2011,"RT @aDUBatSDUB: #facebook, #Twitter , #spongebob, #nirvana. Great way to spend the night. :D",Neutral,rt facebook twitter spongebob nirvana great way spend night
twitter,neutral,126861776133431296,Thu Oct 20 03:26:19 +0000 2011,"Funny how social networks prod you to be always on ya keypad, #twitter-what's happening, #Fb-what's on your mind?",Neutral,funny social network prod always ya keypad twitterwhats happening fbwhats mind
twitter,neutral,126861734144245760,Thu Oct 20 03:26:09 +0000 2011,Going to bed now #goodnight #twitter. Sleeping in tomorrow cuz it's fall break #winning,Neutral,going bed goodnight twitter sleeping tomorrow cuz fall break winning
twitter,neutral,126861715752222720,Thu Oct 20 03:26:04 +0000 2011,RT @JOMANERH: My #twitter age is 234 days 13 hours 41 minutes 16 seconds. Find out yours at http://t.co/MT0VAJwd #twittertime,Neutral,rt twitter age day hour minute second find twittertime
twitter,neutral,126861701168631808,Thu Oct 20 03:26:01 +0000 2011,Sounds like #CJ20K is going down sooner than later. #twitter #lookout,Neutral,sound like cjk going sooner later twitter lookout
twitter,neutral,126861637931118592,Thu Oct 20 03:25:46 +0000 2011,@Presidential_FU  do me wrong #twitter,Neutral,wrong twitter
twitter,neutral,126861630695940096,Thu Oct 20 03:25:44 +0000 2011,@HOLLYcash mann u can have ah olelady but them hoes for everybody son I been doin dis u stop catchin feelings its #twitter,Neutral,mann ah olelady hoe everybody son doin dis stop catchin feeling twitter
twitter,neutral,126861453209767936,Thu Oct 20 03:25:02 +0000 2011,Being Choosy With Twitter: The Follow-Back Conundrum http://t.co/K2rRC2ir #socialmedia #twitter #mediagofer @media_guerilla @SMsavvy,Neutral,choosy twitter followback conundrum socialmedia twitter mediagofer
twitter,neutral,126861421408567296,Thu Oct 20 03:24:54 +0000 2011,Back in the #twitter game,Neutral,back twitter game
twitter,neutral,126861418078277632,Thu Oct 20 03:24:53 +0000 2011,NIGGAS B TALK REACLESS OVA #TWITTER LIKE I DNT GOT DAT TOOL N MI TRUCK #BASKETBALL OV COURSE,Neutral,nigga talk reacless ovum twitter like dnt got dat tool mi truck basketball ov course
twitter,neutral,126861321995173890,Thu Oct 20 03:24:30 +0000 2011,ok man down... I will own #TWITTER 2morrow!,Neutral,ok man twitter morrow
twitter,neutral,126861285307584514,Thu Oct 20 03:24:22 +0000 2011,#twitter,Neutral,twitter
twitter,neutral,126861195058757634,Thu Oct 20 03:24:00 +0000 2011,Novo #Nick in #twitter. Hehe'  (:,Neutral,novo nick twitter hehe
twitter,neutral,126861181108498432,Thu Oct 20 03:23:57 +0000 2011,Sometimes I get so lost in #twitter that I end up living vicariously through other people #massconfusion,Neutral,sometimes get lost twitter end living vicariously people massconfusion
twitter,neutral,126861149726715904,Thu Oct 20 03:23:49 +0000 2011,“@JennyOrWuuut: I wishh #twitter would tell me who retweets my stuff.”it does,Neutral,wishh twitter would tell retweets stuffit
twitter,neutral,126861036803473408,Thu Oct 20 03:23:22 +0000 2011,RT @JennyOrWuuut: I wishh #twitter would tell me who retweets my stuff.,Neutral,rt wishh twitter would tell retweets stuff
twitter,neutral,126861011813810176,Thu Oct 20 03:23:16 +0000 2011,#Twitter Buzz Builds for the Occupy Wall Street Movement [CHARTS] #SocialMedia #SMM http://t.co/X55u6i4w,Neutral,twitter buzz build occupy wall street movement chart socialmedia smm
twitter,neutral,126860964992794624,Thu Oct 20 03:23:05 +0000 2011,How about @MattSloyer on the #twitter!,Neutral,twitter
twitter,neutral,126860933988483073,Thu Oct 20 03:22:58 +0000 2011,@briannaa___ Pls let us know if you need help w/ music marketing promo. We got #Twitter & #Youtube on lock. http://t.co/8HFfjJv5,Neutral,pls let u know need help music marketing promo got twitter youtube lock
twitter,neutral,126860932881186817,Thu Oct 20 03:22:58 +0000 2011,Night #twitter lord please let that girl get some sleep,Neutral,night twitter lord please let girl get sleep
twitter,neutral,126860898567589888,Thu Oct 20 03:22:49 +0000 2011,"“@KekeLauren @IGoHard_NoBONER Yooooo ""Mena Malia"" lOl I love your #Twitter name”",Neutral,yooooo mena malia lol love twitter name
twitter,neutral,126860835560755200,Thu Oct 20 03:22:34 +0000 2011,Its new #Theme after #Updates have to b use with it. Though I like #Old theme of #Twitter for #Android,Neutral,new theme update use though like old theme twitter android
twitter,neutral,126860802392195072,Thu Oct 20 03:22:26 +0000 2011,I wishh #twitter would tell me who retweets my stuff.,Neutral,wishh twitter would tell retweets stuff
twitter,neutral,126860800978722816,Thu Oct 20 03:22:26 +0000 2011,Told myself I was in the bed #early tonite & somehow I end up back in the computer lab on #Twitter...smh guess it's the #Gemini in me,Neutral,told bed early tonite somehow end back computer lab twittersmh guess gemini
twitter,neutral,126860744913469440,Thu Oct 20 03:22:13 +0000 2011,If u say u 100% REAL all the time...KILL YOURSELF ASAP!..Everybody have their fake moments so don't Front for #Twitter -----_________-------,Neutral,say real timekill asapeverybody fake moment dont front twitter
twitter,neutral,126860714118885376,Thu Oct 20 03:22:05 +0000 2011,#twitter is like therapy for sum people say wat you feel & get alot off yo chest.. And don't care wat the next person say,Neutral,twitter like therapy sum people say wat feel get alot yo chest dont care wat next person say
twitter,neutral,126860700915208193,Thu Oct 20 03:22:02 +0000 2011,Whats a good #twitter ap for #iOS that links to #FB accounts to post links? #help,Neutral,whats good twitter ap io link fb account post link help
twitter,neutral,126860691255721984,Thu Oct 20 03:22:00 +0000 2011,#Twitter Buzz Builds for the #Occupy_Wall_Street Movement [CHARTS] http://t.co/znFYtK9P @mashable #social,Neutral,twitter buzz build occupywallstreet movement chart social
twitter,neutral,126860597013917697,Thu Oct 20 03:21:37 +0000 2011,#2000tweets !!!! #milestone #twitter,Neutral,tweet milestone twitter
twitter,neutral,126860563740495872,Thu Oct 20 03:21:30 +0000 2011,#twitter off,Neutral,twitter
twitter,neutral,126860527497515008,Thu Oct 20 03:21:21 +0000 2011,Woooow I just log out from #twitter and there's more than 60 #tweets on my #timeline,Neutral,woooow log twitter there tweet timeline
twitter,neutral,126860492261167104,Thu Oct 20 03:21:12 +0000 2011,"#twitter Scientists Use Twitter To Track Flu Epidemics, How to Stay Healthy This Flu Season (RT This) http://t.co/ZhgyinIi",Neutral,twitter scientist use twitter track flu epidemic stay healthy flu season rt
twitter,neutral,126860373117775872,Thu Oct 20 03:20:44 +0000 2011,@Teah2015 I had to inform my #twitter account that you weren't a stranger and give you permission to see my stuff. Not sure why that is..,Neutral,inform twitter account werent stranger give permission see stuff sure
twitter,neutral,126860341941518336,Thu Oct 20 03:20:37 +0000 2011,"RT @SomalyMam: You follow me on #twitter, Like my #Foundation on #facebook http://t.co/A1zgaK5l! Together we can stop #humantrafficking",Neutral,rt follow twitter like foundation facebook together stop humantrafficking
twitter,neutral,126860267178049536,Thu Oct 20 03:20:19 +0000 2011,"@IGoHard_NoBONER Yooooo ""Mena Malia"" lOl I love your #Twitter name",Neutral,yooooo mena malia lol love twitter name
twitter,neutral,126860173053669376,Thu Oct 20 03:19:56 +0000 2011,Goodnight #twitter,Neutral,goodnight twitter
twitter,neutral,126860038525562880,Thu Oct 20 03:19:24 +0000 2011,groupies follow me like #twitter.....lol jk,Neutral,groupie follow like twitterlol jk
twitter,neutral,126859978941276161,Thu Oct 20 03:19:10 +0000 2011,"I just installed the new Twidroyd for #Twitter on my #Android Phone - It's #Free, give it a try. http://t.co/nvNns7VR",Neutral,installed new twidroyd twitter android phone free give try
twitter,neutral,126859887404777472,Thu Oct 20 03:18:48 +0000 2011,RT @loveable_letty8: Night #twitter,Neutral,rt night twitter
twitter,neutral,126859856782163968,Thu Oct 20 03:18:41 +0000 2011,"RT @Capo_Young: ONE SERIOUS STATEMENT THO ! 
#Twitter BLOCKED the #Troy Davis #TT 
#Twitter was COOL w #AmberCole 
in my opinion .... BU ...",Neutral,rt one serious statement tho twitter blocked troy davis tt twitter cool ambercole opinion bu
twitter,neutral,126859833088552960,Thu Oct 20 03:18:35 +0000 2011,Some users are reporting problems with missing mentions. More info from #Twitter : http://t.co/dTQ23G5G,Neutral,user reporting problem missing mention info twitter
twitter,neutral,126859789883015168,Thu Oct 20 03:18:25 +0000 2011,- My Cute Friend @MelodyBtcc Finally Got A #Twitter :),Neutral,cute friend finally got twitter
twitter,neutral,126859782601703424,Thu Oct 20 03:18:23 +0000 2011,From my blog: ##changingdiapers Party #Summary & Winners List http://t.co/QfZHtNJs #twitter #upcomingparty,Neutral,blog changingdiapers party summary winner list twitter upcomingparty
twitter,neutral,126859745154957312,Thu Oct 20 03:18:14 +0000 2011,Bout to tweet about tweeting #twitter #Seahawkswag,Neutral,bout tweet tweeting twitter seahawkswag
twitter,neutral,126859710740701185,Thu Oct 20 03:18:06 +0000 2011,"Goodnight, #Twitter.",Neutral,goodnight twitter
twitter,neutral,126859623671152640,Thu Oct 20 03:17:45 +0000 2011,AbOut TO BAMMER On #Twitter,Neutral,bammer twitter
twitter,neutral,126859623532732417,Thu Oct 20 03:17:45 +0000 2011,it runs the world #twitter,Neutral,run world twitter
twitter,neutral,126859604985511937,Thu Oct 20 03:17:41 +0000 2011,Ain't really been on all day! Suppppp #Twitter,Neutral,aint really day suppppp twitter
twitter,neutral,126859530305929216,Thu Oct 20 03:17:23 +0000 2011,#Twitter how do you know that I think that @SofiaVergara is the funniest member of the #ModernFamily cast?!,Neutral,twitter know think funniest member modernfamily cast
twitter,neutral,126859485322035200,Thu Oct 20 03:17:12 +0000 2011,GOODNITEE #TWITTER!!!,Neutral,goodnitee twitter
twitter,neutral,126859432511537152,Thu Oct 20 03:17:00 +0000 2011,"Meu twitter tá ficando velho já, My #twitter age is 285 days 8 hours 52 minutes 40 seconds",Neutral,meu twitter ficando velho twitter age day hour minute second
twitter,neutral,126859340622725120,Thu Oct 20 03:16:38 +0000 2011,My #twitter age is 285 days 8 hours 52 minutes 38 seconds. Find out yours at http://t.co/q5mvW7VF #twittertime,Neutral,twitter age day hour minute second find twittertime
twitter,neutral,126859326294999041,Thu Oct 20 03:16:34 +0000 2011,"ONE SERIOUS STATEMENT THO ! 
#Twitter BLOCKED the #Troy Davis #TT 
#Twitter was COOL w #AmberCole 
in my opinion .... BULLSHIT .",Neutral,one serious statement tho twitter blocked troy davis tt twitter cool ambercole opinion bullshit
twitter,neutral,126859246213136384,Thu Oct 20 03:16:15 +0000 2011,#Twitter-off,Neutral,twitteroff
twitter,neutral,126859124016300032,Thu Oct 20 03:15:46 +0000 2011,I OUT #Twitter Till 2mar,Neutral,twitter till mar
twitter,neutral,126859115657043968,Thu Oct 20 03:15:44 +0000 2011,#twitter off!!...,Neutral,twitter
twitter,neutral,126859053757501440,Thu Oct 20 03:15:30 +0000 2011,RT @MizzSpicey: Now tuned in to http://t.co/DYMDmU3z with @deejaydenco! #WorldWide #Twitter #Facebook join me!!! #RT,Neutral,rt tuned worldwide twitter facebook join rt
twitter,neutral,126859044756520960,Thu Oct 20 03:15:27 +0000 2011,#Twitter Im coming home Im coming home tell the world that Im coming home lls,Neutral,twitter im coming home im coming home tell world im coming home lls
twitter,neutral,126858999512580096,Thu Oct 20 03:15:17 +0000 2011,#TeamFollowBack #TFB #MustFollow #MF #FollowNow #FN #FollowFriday #FF #IFB #Twitter #Follow @rudybren @chtvn @ulchky @anibalfreitas45,Neutral,teamfollowback tfb mustfollow mf follownow fn followfriday ff ifb twitter follow
twitter,neutral,126858961159864320,Thu Oct 20 03:15:07 +0000 2011,"Wordd ""@BblowPoundz This #TT was well needed cuz I thought #Twitter was dien.",Neutral,wordd tt well needed cuz thought twitter dien
twitter,neutral,126858958894931968,Thu Oct 20 03:15:07 +0000 2011,Thanks for the #follow don't forget to add us to your #Twitter list,Neutral,thanks follow dont forget add u twitter list
twitter,neutral,126858953673027584,Thu Oct 20 03:15:06 +0000 2011,"#Retail friends, follow @MicrosoftHelps on #Twitter.  A GREAT resource and the official account for @Microsoft #CustomerService & Support!",Neutral,retail friend follow twitter great resource official account customerservice support
twitter,neutral,126858718762639360,Thu Oct 20 03:14:10 +0000 2011,Mo'fucka i dont give a fuck it its #FaceBook or #Twitter i express my self how ever da fuck i can..so go suck a dick u bitch.! Haha,Neutral,mofucka dont give fuck facebook twitter express self ever da fuck canso go suck dick bitch haha
twitter,neutral,126858698520932352,Thu Oct 20 03:14:05 +0000 2011,I wonder if I was to get at a celebrity's neck on #twitter. Will I be on the news or radio. #planForFame lmfao,Neutral,wonder get celebrity neck twitter news radio planforfame lmfao
twitter,neutral,126858281867149312,Thu Oct 20 03:12:25 +0000 2011,"I Feel Like #Promoting Anyones #Twitter Page (♦MENTION ME IF YOU WANT TO GET #PROMOTED♦) [ #PromoteBack ]
#Followback",Neutral,feel like promoting anyones twitter page mention want get promoted promoteback followback
twitter,neutral,126858276339056640,Thu Oct 20 03:12:24 +0000 2011,#bedtime #goodnight #twitter,Neutral,bedtime goodnight twitter
twitter,neutral,126858233032871937,Thu Oct 20 03:12:14 +0000 2011,Night #Twitter,Neutral,night twitter
twitter,neutral,126858194046816256,Thu Oct 20 03:12:05 +0000 2011,the marijuana loud so the hoes follow like #Twitter,Neutral,marijuana loud hoe follow like twitter
twitter,neutral,126858149859831808,Thu Oct 20 03:11:54 +0000 2011,This #TT  was well needed cuz I thought #Twitter was dien.,Neutral,tt well needed cuz thought twitter dien
twitter,neutral,126857916631355393,Thu Oct 20 03:10:58 +0000 2011,@asshsmith never #twitter is where i #speakmymind #hahahahahaha,Neutral,never twitter speakmymind hahahahahaha
twitter,neutral,126857676134166528,Thu Oct 20 03:10:01 +0000 2011,Twhistler makes Twitter sing!  #twitter http://t.co/wwNZ6dx6,Neutral,twhistler make twitter sing twitter
twitter,neutral,126857475034071040,Thu Oct 20 03:09:13 +0000 2011,“@Blue_Chipperz: This nigga need to go to #Twitter Jail”DAAAYUM DOG !! lOl,Neutral,nigga need go twitter jaildaaayum dog lol
twitter,neutral,126857044677505024,Thu Oct 20 03:07:30 +0000 2011,RT @J_Roc616: She lovin #JohnnyVegas!! But no #Twitter,Neutral,rt lovin johnnyvegas twitter
twitter,neutral,126856873738633216,Thu Oct 20 03:06:50 +0000 2011,I love my #twitter name.,Neutral,love twitter name
twitter,neutral,126856848778342402,Thu Oct 20 03:06:44 +0000 2011,Something something qanda. Something something the world is serious #twitter,Neutral,something something qanda something something world serious twitter
twitter,neutral,126856541453291520,Thu Oct 20 03:05:31 +0000 2011,This nigga need to go to #Twitter Jail,Neutral,nigga need go twitter jail
twitter,neutral,126856421907243009,Thu Oct 20 03:05:02 +0000 2011,#Tweetdeck working but not #Twitter for #Android,Neutral,tweetdeck working twitter android
twitter,neutral,126856387211960320,Thu Oct 20 03:04:54 +0000 2011,#TWITTER #OFF DO #BrUnODeLuCaS :」,Neutral,twitter brunodelucas
twitter,neutral,126856150980374528,Thu Oct 20 03:03:57 +0000 2011,gud mrng #twitter & all my frnds too. ;),Neutral,gud mrng twitter frnds
twitter,neutral,126856031367204865,Thu Oct 20 03:03:29 +0000 2011,Increase your #twitter followers and or your #fan count via -http://bit.ly/qMc4K7,Neutral,increase twitter follower fan count via
twitter,neutral,126855856414404608,Thu Oct 20 03:02:47 +0000 2011,☼ #SOLAR ☺ @RhondaParsons ☼ @SOLar_sister ( A simpLe @ #symboL and AN #underscore ) This is #twitter WHERE WE #twEEt ☼,Neutral,solar simple symbol underscore twitter tweet
twitter,neutral,126855838047547392,Thu Oct 20 03:02:43 +0000 2011,"@madtruckman 'Modern Day Autograph"", I like the way you put that. #twitter",Neutral,modern day autograph like way put twitter
twitter,neutral,126855191571070976,Thu Oct 20 03:00:09 +0000 2011,62 Ways to Use #Twitter for Business: http://t.co/jYXK7OkC #tweets #socialmedia,Neutral,way use twitter business tweet socialmedia
twitter,neutral,126854358817181696,Thu Oct 20 02:56:50 +0000 2011,"Log off #Facebook On #Twitter , But I Think i'm bout to going to sleep...",Neutral,log facebook twitter think im bout going sleep
twitter,neutral,126853667738497025,Thu Oct 20 02:54:05 +0000 2011,"""#twitter's dumb, I don't like it.""  Hush up, Justin.",Neutral,twitter dumb dont like hush justin
twitter,neutral,126853298996252674,Thu Oct 20 02:52:37 +0000 2011,It's almost 4:20. Where is your bong? Is it packed! Let's rip a bowl over the time space continuum that is #Twitter,Neutral,almost bong packed let rip bowl time space continuum twitter
